path,source_status,package,decision,reason
.github/workflows/dashboard-ui-tests.yml,main_only,Erhalten,main erhalten,Aktuelle UI/Renderer/Theme- und Fachänderungen behalten; Discovery über gemeinsamen aktuellen Renderer statt historischer HTML-Rückkopie.
.github/workflows/deployment-discovery-tests.yml,historical_only,D1/D2,Gezielt übernehmen,"Fehlender Controller/Agent/Image/VPN samt Tests; neue Defaults main, aktuelle Unit-/Configverträge und Ready-Gate prüfen."
.github/workflows/service-ui-tests.yml,main_only,Erhalten,main erhalten,Aktuelle UI/Renderer/Theme- und Fachänderungen behalten; Discovery über gemeinsamen aktuellen Renderer statt historischer HTML-Rückkopie.
.gitignore,different,I1,Gezielte Übernahme/Anpassung,Siehe Paket-/Konflikttabelle im README; historische Komplettdatei nicht pauschal übernehmen.
AGENTS.md,main_only,Erhalten,main erhalten,Aktuelle UI/Renderer/Theme- und Fachänderungen behalten; Discovery über gemeinsamen aktuellen Renderer statt historischer HTML-Rückkopie.
Docs/BACKEND_WEBUI_STANDARD.md,different,Dokumentation,Aktuellen Stand erhalten,Historische Phase ersetzt keine aktuelle Roadmap; Z01-Bericht und Status gesondert aktualisieren.
Docs/BASISSTATION-DESIGN-UPDATE.md,main_only,Dokumentation,Aktuellen Stand erhalten,Historische Phase ersetzt keine aktuelle Roadmap; Z01-Bericht und Status gesondert aktualisieren.
Docs/BASISSTATION-DESIGN.md,main_only,Dokumentation,Aktuellen Stand erhalten,Historische Phase ersetzt keine aktuelle Roadmap; Z01-Bericht und Status gesondert aktualisieren.
Docs/CENTRAL_IDENTITY_RBAC_ROADMAP.md,main_only,Dokumentation,Aktuellen Stand erhalten,Historische Phase ersetzt keine aktuelle Roadmap; Z01-Bericht und Status gesondert aktualisieren.
Docs/Control_Room/Readme.md,main_only,Dokumentation,Aktuellen Stand erhalten,Historische Phase ersetzt keine aktuelle Roadmap; Z01-Bericht und Status gesondert aktualisieren.
Docs/DIENST-WEBUI-DESIGN-UPDATE.md,main_only,Dokumentation,Aktuellen Stand erhalten,Historische Phase ersetzt keine aktuelle Roadmap; Z01-Bericht und Status gesondert aktualisieren.
Docs/NETCORE_DRIVE_ROADMAP.md,main_only,Dokumentation,Aktuellen Stand erhalten,Historische Phase ersetzt keine aktuelle Roadmap; Z01-Bericht und Status gesondert aktualisieren.
Docs/NetCore-Tetra-Komplettguide-2026-09-28.docx,main_only,Dokumentation,Aktuellen Stand erhalten,Historische Phase ersetzt keine aktuelle Roadmap; Z01-Bericht und Status gesondert aktualisieren.
Docs/NetCore-Tetra-Komplettguide-2026-09-28.md,main_only,Dokumentation,Aktuellen Stand erhalten,Historische Phase ersetzt keine aktuelle Roadmap; Z01-Bericht und Status gesondert aktualisieren.
Docs/NetCore-Tetra-Komplettguide-2026-09-28.pdf,main_only,Dokumentation,Aktuellen Stand erhalten,Historische Phase ersetzt keine aktuelle Roadmap; Z01-Bericht und Status gesondert aktualisieren.
Docs/NetCore-Tetra-Komplettguide-2026-10-07.docx,main_only,Dokumentation,Aktuellen Stand erhalten,Historische Phase ersetzt keine aktuelle Roadmap; Z01-Bericht und Status gesondert aktualisieren.
Docs/NetCore-Tetra-Komplettguide-2026-10-07.md,main_only,Dokumentation,Aktuellen Stand erhalten,Historische Phase ersetzt keine aktuelle Roadmap; Z01-Bericht und Status gesondert aktualisieren.
Docs/NetCore-Tetra-Komplettguide-2026-10-07.pdf,main_only,Dokumentation,Aktuellen Stand erhalten,Historische Phase ersetzt keine aktuelle Roadmap; Z01-Bericht und Status gesondert aktualisieren.
Docs/NetCore-Tetra-Systemhandbuch-2026-09-28.docx,main_only,Dokumentation,Aktuellen Stand erhalten,Historische Phase ersetzt keine aktuelle Roadmap; Z01-Bericht und Status gesondert aktualisieren.
Docs/NetCore-Tetra-Systemhandbuch-2026-09-28.md,main_only,Dokumentation,Aktuellen Stand erhalten,Historische Phase ersetzt keine aktuelle Roadmap; Z01-Bericht und Status gesondert aktualisieren.
Docs/NetCore-Tetra-Systemhandbuch-2026-09-28.pdf,main_only,Dokumentation,Aktuellen Stand erhalten,Historische Phase ersetzt keine aktuelle Roadmap; Z01-Bericht und Status gesondert aktualisieren.
Docs/NetCore-Tetra-Systemhandbuch-2026-10-07.docx,main_only,Dokumentation,Aktuellen Stand erhalten,Historische Phase ersetzt keine aktuelle Roadmap; Z01-Bericht und Status gesondert aktualisieren.
Docs/NetCore-Tetra-Systemhandbuch-2026-10-07.md,main_only,Dokumentation,Aktuellen Stand erhalten,Historische Phase ersetzt keine aktuelle Roadmap; Z01-Bericht und Status gesondert aktualisieren.
Docs/NetCore-Tetra-Systemhandbuch-2026-10-07.pdf,main_only,Dokumentation,Aktuellen Stand erhalten,Historische Phase ersetzt keine aktuelle Roadmap; Z01-Bericht und Status gesondert aktualisieren.
Docs/archive/2026-10-03_android-control-app-flask-api-und-hybrid-manager.md,main_only,Dokumentation,Aktuellen Stand erhalten,Historische Phase ersetzt keine aktuelle Roadmap; Z01-Bericht und Status gesondert aktualisieren.
Docs/archive/2026-10-03_basisstation-dashboard-deutsch-integrationen-wiki-dgna-gruppennamen.md,main_only,Dokumentation,Aktuellen Stand erhalten,Historische Phase ersetzt keine aktuelle Roadmap; Z01-Bericht und Status gesondert aktualisieren.
Docs/archive/2026-10-03_basisstation-issi-eigentuemer-und-systemidentitaet.md,main_only,Dokumentation,Aktuellen Stand erhalten,Historische Phase ersetzt keine aktuelle Roadmap; Z01-Bericht und Status gesondert aktualisieren.
Docs/archive/2026-10-03_control-room-windows-ui-rbac-status-tableau-directory-api.md,main_only,Dokumentation,Aktuellen Stand erhalten,Historische Phase ersetzt keine aktuelle Roadmap; Z01-Bericht und Status gesondert aktualisieren.
Docs/archive/2026-10-03_flowstation-dualcarrier-bearer-ack-release-und-secondary-control.md,main_only,Dokumentation,Aktuellen Stand erhalten,Historische Phase ersetzt keine aktuelle Roadmap; Z01-Bericht und Status gesondert aktualisieren.
Docs/archive/2026-10-03_flowstation-dualcarrier-portierung-sxceiver-hotfixes.md,main_only,Dokumentation,Aktuellen Stand erhalten,Historische Phase ersetzt keine aktuelle Roadmap; Z01-Bericht und Status gesondert aktualisieren.
Docs/archive/2026-10-03_flowstation-sds-services-gateways-und-bot-architektur.md,main_only,Dokumentation,Aktuellen Stand erhalten,Historische Phase ersetzt keine aktuelle Roadmap; Z01-Bericht und Status gesondert aktualisieren.
Docs/archive/2026-10-03_flowstation-wetterdaten-sds-weatherbot.md,main_only,Dokumentation,Aktuellen Stand erhalten,Historische Phase ersetzt keine aktuelle Roadmap; Z01-Bericht und Status gesondert aktualisieren.
Docs/archive/2026-10-03_gespraechssimulator-issi-und-lokale-mikrofon-ptt-sprechstelle.md,main_only,Dokumentation,Aktuellen Stand erhalten,Historische Phase ersetzt keine aktuelle Roadmap; Z01-Bericht und Status gesondert aktualisieren.
Docs/archive/2026-10-03_git-wiki-und-netcore-zusatzmodule.md,main_only,Dokumentation,Aktuellen Stand erhalten,Historische Phase ersetzt keine aktuelle Roadmap; Z01-Bericht und Status gesondert aktualisieren.
Docs/archive/2026-10-03_motorola-rua-rui-sds-decodierung-und-webui-benutzerverwaltung.md,main_only,Dokumentation,Aktuellen Stand erhalten,Historische Phase ersetzt keine aktuelle Roadmap; Z01-Bericht und Status gesondert aktualisieren.
Docs/archive/2026-10-03_netcore-tetra-aktenordner-design-helle-v2-9x16.md,main_only,Dokumentation,Aktuellen Stand erhalten,Historische Phase ersetzt keine aktuelle Roadmap; Z01-Bericht und Status gesondert aktualisieren.
Docs/archive/2026-10-03_netcore-wallpaper-und-branding.md,main_only,Dokumentation,Aktuellen Stand erhalten,Historische Phase ersetzt keine aktuelle Roadmap; Z01-Bericht und Status gesondert aktualisieren.
Docs/archive/2026-10-03_sirio-spo-380-2-rx-tx-antennenmast-und-entkopplung.md,main_only,Dokumentation,Aktuellen Stand erhalten,Historische Phase ersetzt keine aktuelle Roadmap; Z01-Bericht und Status gesondert aktualisieren.
Docs/archive/2026-10-03_startbanner-runtime-versionierung-arm64-release-rustfmt.md,main_only,Dokumentation,Aktuellen Stand erhalten,Historische Phase ersetzt keine aktuelle Roadmap; Z01-Bericht und Status gesondert aktualisieren.
Docs/archive/2026-10-03_usb-signatur-hybrid-control-brew-backup-und-receipt-server.md,main_only,Dokumentation,Aktuellen Stand erhalten,Historische Phase ersetzt keine aktuelle Roadmap; Z01-Bericht und Status gesondert aktualisieren.
Docs/archive/2026-10-03_wap-sndcp-ip-gateway-multi-pdch-und-control-room.md,main_only,Dokumentation,Aktuellen Stand erhalten,Historische Phase ersetzt keine aktuelle Roadmap; Z01-Bericht und Status gesondert aktualisieren.
Docs/archive/2026-10-03_werma-racksignalisierung-bpi-r4-pro-und-rack-architektur.md,main_only,Dokumentation,Aktuellen Stand erhalten,Historische Phase ersetzt keine aktuelle Roadmap; Z01-Bericht und Status gesondert aktualisieren.
Docs/archive/2026-10-04_basisstation-erstinstallation-sxceiver-hamtetra-dmo-und-bluestation.md,main_only,Dokumentation,Aktuellen Stand erhalten,Historische Phase ersetzt keine aktuelle Roadmap; Z01-Bericht und Status gesondert aktualisieren.
Docs/archive/2026-10-04_basisstation-funktionsroadmap-einzelzelle-bis-multisite.md,main_only,Dokumentation,Aktuellen Stand erhalten,Historische Phase ersetzt keine aktuelle Roadmap; Z01-Bericht und Status gesondert aktualisieren.
Docs/archive/2026-10-04_codex-wap-ip-mehrgeraetebetrieb-und-logdiagnose.md,main_only,Dokumentation,Aktuellen Stand erhalten,Historische Phase ersetzt keine aktuelle Roadmap; Z01-Bericht und Status gesondert aktualisieren.
Docs/archive/2026-10-04_etsi-mcc-mnc-ssi-gssi-bitlaengen-und-telekom-netzkennung.md,main_only,Dokumentation,Aktuellen Stand erhalten,Historische Phase ersetzt keine aktuelle Roadmap; Z01-Bericht und Status gesondert aktualisieren.
Docs/archive/2026-10-04_event-funkplan-formular-word-und-gruppenzuordnung.md,main_only,Dokumentation,Aktuellen Stand erhalten,Historische Phase ersetzt keine aktuelle Roadmap; Z01-Bericht und Status gesondert aktualisieren.
Docs/archive/2026-10-04_frn-lokalserver-modulares-funkrack-und-audio-routing.md,main_only,Dokumentation,Aktuellen Stand erhalten,Historische Phase ersetzt keine aktuelle Roadmap; Z01-Bericht und Status gesondert aktualisieren.
Docs/archive/2026-10-04_funkgeraete-inventarliste-excel-stammdaten-ohne-zubehoerbindung.md,main_only,Dokumentation,Aktuellen Stand erhalten,Historische Phase ersetzt keine aktuelle Roadmap; Z01-Bericht und Status gesondert aktualisieren.
Docs/archive/2026-10-04_gruppenuebersicht-zebra-test-und-historische-testgruppen.md,main_only,Dokumentation,Aktuellen Stand erhalten,Historische Phase ersetzt keine aktuelle Roadmap; Z01-Bericht und Status gesondert aktualisieren.
Docs/archive/2026-10-04_issi-nummernplan-rbac-und-vergaberichtlinie.md,main_only,Dokumentation,Aktuellen Stand erhalten,Historische Phase ersetzt keine aktuelle Roadmap; Z01-Bericht und Status gesondert aktualisieren.
Docs/archive/2026-10-04_mobile-tbs-koax-antennen-und-3d-druck-rf-patchpanel.md,main_only,Dokumentation,Aktuellen Stand erhalten,Historische Phase ersetzt keine aktuelle Roadmap; Z01-Bericht und Status gesondert aktualisieren.
Docs/archive/2026-10-04_netcore-rebranding-startbanner-stack-version-und-projektbeschreibung.md,main_only,Dokumentation,Aktuellen Stand erhalten,Historische Phase ersetzt keine aktuelle Roadmap; Z01-Bericht und Status gesondert aktualisieren.
Docs/archive/2026-10-04_netcore-tetra-zkn-webseitenstruktur-subdomain-und-portale.md,main_only,Dokumentation,Aktuellen Stand erhalten,Historische Phase ersetzt keine aktuelle Roadmap; Z01-Bericht und Status gesondert aktualisieren.
Docs/archive/2026-10-04_pocsag-versus-lora-alarmierung-argumente-und-faktenkorrektur.md,main_only,Dokumentation,Aktuellen Stand erhalten,Historische Phase ersetzt keine aktuelle Roadmap; Z01-Bericht und Status gesondert aktualisieren.
Docs/archive/2026-10-04_recorder-lxc-edge-fallback-echtzeit-und-buildfehler.md,main_only,Dokumentation,Aktuellen Stand erhalten,Historische Phase ersetzt keine aktuelle Roadmap; Z01-Bericht und Status gesondert aktualisieren.
Docs/archive/2026-10-04_rtw-statussynchronisation-issi-opta-und-leitstellenrueckmeldung.md,main_only,Dokumentation,Aktuellen Stand erhalten,Historische Phase ersetzt keine aktuelle Roadmap; Z01-Bericht und Status gesondert aktualisieren.
Docs/archive/2026-10-04_support-mailadressen-level-l0-l4-und-sla-abgrenzung.md,main_only,Dokumentation,Aktuellen Stand erhalten,Historische Phase ersetzt keine aktuelle Roadmap; Z01-Bericht und Status gesondert aktualisieren.
Docs/archive/2026-10-04_swmi-foundation-mobility-core-lxc-open-lab.md,main_only,Dokumentation,Aktuellen Stand erhalten,Historische Phase ersetzt keine aktuelle Roadmap; Z01-Bericht und Status gesondert aktualisieren.
Docs/archive/2026-10-04_sxceiver-soapysx-trixie-libgpiod-build-reparatur.md,main_only,Dokumentation,Aktuellen Stand erhalten,Historische Phase ersetzt keine aktuelle Roadmap; Z01-Bericht und Status gesondert aktualisieren.
Docs/archive/2026-10-04_tetra-basisstation-konfiguration-und-phy-grundlagen.md,main_only,Dokumentation,Aktuellen Stand erhalten,Historische Phase ersetzt keine aktuelle Roadmap; Z01-Bericht und Status gesondert aktualisieren.
Docs/archive/2026-10-04_tetra-fachbuch-canvas-normen-und-korrekturbedarf.md,main_only,Dokumentation,Aktuellen Stand erhalten,Historische Phase ersetzt keine aktuelle Roadmap; Z01-Bericht und Status gesondert aktualisieren.
Docs/archive/2026-10-04_werma-signalleuchte-api-relais-pi-und-bootanzeige.md,main_only,Dokumentation,Aktuellen Stand erhalten,Historische Phase ersetzt keine aktuelle Roadmap; Z01-Bericht und Status gesondert aktualisieren.
Docs/archive/2026-10-04_zebra-handheld-basisstation-und-inventar-webui.md,main_only,Dokumentation,Aktuellen Stand erhalten,Historische Phase ersetzt keine aktuelle Roadmap; Z01-Bericht und Status gesondert aktualisieren.
Docs/archive/2026-10-05_android-tetra-modul-virtueller-airlink-und-realtime-core.md,main_only,Dokumentation,Aktuellen Stand erhalten,Historische Phase ersetzt keine aktuelle Roadmap; Z01-Bericht und Status gesondert aktualisieren.
Docs/archive/2026-10-05_antennenposition-mastkopf-quertraeger-und-3d-druck-adapter.md,main_only,Dokumentation,Aktuellen Stand erhalten,Historische Phase ersetzt keine aktuelle Roadmap; Z01-Bericht und Status gesondert aktualisieren.
Docs/archive/2026-10-05_basisstation-clean-install-sxceiver-soapysx-sndcp-healthchecks.md,main_only,Dokumentation,Aktuellen Stand erhalten,Historische Phase ersetzt keine aktuelle Roadmap; Z01-Bericht und Status gesondert aktualisieren.
Docs/archive/2026-10-05_basisstation-gpio-breakout-jumper-steuerung-sxceiver.md,main_only,Dokumentation,Aktuellen Stand erhalten,Historische Phase ersetzt keine aktuelle Roadmap; Z01-Bericht und Status gesondert aktualisieren.
Docs/archive/2026-10-05_bpi-r4-netcore-tetra-router-5g-wifi7-sbc.md,main_only,Dokumentation,Aktuellen Stand erhalten,Historische Phase ersetzt keine aktuelle Roadmap; Z01-Bericht und Status gesondert aktualisieren.
Docs/archive/2026-10-05_brew-server-integration-protokolladapter-und-core-zustaendigkeiten.md,main_only,Dokumentation,Aktuellen Stand erhalten,Historische Phase ersetzt keine aktuelle Roadmap; Z01-Bericht und Status gesondert aktualisieren.
Docs/archive/2026-10-05_deployment-vm-tbs-imagebuilder-und-auto-discovery.md,main_only,Dokumentation,Aktuellen Stand erhalten,Historische Phase ersetzt keine aktuelle Roadmap; Z01-Bericht und Status gesondert aktualisieren.
Docs/archive/2026-10-05_ein-pi-ein-sxceiver-dritter-carrier-mit-eigenem-mcc-mnc.md,main_only,Dokumentation,Aktuellen Stand erhalten,Historische Phase ersetzt keine aktuelle Roadmap; Z01-Bericht und Status gesondert aktualisieren.
Docs/archive/2026-10-05_handbuch-schreiben-25-baende-einleitungen-und-ausleitungen.md,main_only,Dokumentation,Aktuellen Stand erhalten,Historische Phase ersetzt keine aktuelle Roadmap; Z01-Bericht und Status gesondert aktualisieren.
Docs/archive/2026-10-05_home-assistant-proxmox-mqtt-sds-diagnose.md,main_only,Dokumentation,Aktuellen Stand erhalten,Historische Phase ersetzt keine aktuelle Roadmap; Z01-Bericht und Status gesondert aktualisieren.
Docs/archive/2026-10-05_installationsanleitung-ab-null-tbs02-build-sdr-systemd.md,main_only,Dokumentation,Aktuellen Stand erhalten,Historische Phase ersetzt keine aktuelle Roadmap; Z01-Bericht und Status gesondert aktualisieren.
Docs/archive/2026-10-05_main-kompatibler-rf-pfad-pi-neuinstallation-sxceiver-und-swmi-fallback.md,main_only,Dokumentation,Aktuellen Stand erhalten,Historische Phase ersetzt keine aktuelle Roadmap; Z01-Bericht und Status gesondert aktualisieren.
Docs/archive/2026-10-05_media-library-tts-archivierung-basisstations-playout-und-ip-gateway-routing.md,main_only,Dokumentation,Aktuellen Stand erhalten,Historische Phase ersetzt keine aktuelle Roadmap; Z01-Bericht und Status gesondert aktualisieren.
Docs/archive/2026-10-05_mobiles-4he-rack-sophos-proxmox-core-wlan-und-dect.md,main_only,Dokumentation,Aktuellen Stand erhalten,Historische Phase ersetzt keine aktuelle Roadmap; Z01-Bericht und Status gesondert aktualisieren.
Docs/archive/2026-10-05_motorola-cps-wap-browser-konfiguration.md,main_only,Dokumentation,Aktuellen Stand erhalten,Historische Phase ersetzt keine aktuelle Roadmap; Z01-Bericht und Status gesondert aktualisieren.
Docs/archive/2026-10-05_netcore-dispatch-idecs-arbeitsplatz-rbac-audio-und-adaptive-ui.md,main_only,Dokumentation,Aktuellen Stand erhalten,Historische Phase ersetzt keine aktuelle Roadmap; Z01-Bericht und Status gesondert aktualisieren.
Docs/archive/2026-10-05_sepura-scg2229-import-zoll-bnetza-iza.md,main_only,Dokumentation,Aktuellen Stand erhalten,Historische Phase ersetzt keine aktuelle Roadmap; Z01-Bericht und Status gesondert aktualisieren.
Docs/archive/2026-10-05_snipeit-nfc-assetops-android-geraeteausgabe.md,main_only,Dokumentation,Aktuellen Stand erhalten,Historische Phase ersetzt keine aktuelle Roadmap; Z01-Bericht und Status gesondert aktualisieren.
Docs/archive/2026-10-05_sxceiver-gpio-sensorik-tft-und-modularer-hardwareausbau.md,main_only,Dokumentation,Aktuellen Stand erhalten,Historische Phase ersetzt keine aktuelle Roadmap; Z01-Bericht und Status gesondert aktualisieren.
Docs/archive/2026-10-05_virtuelle-tbs-funkgeraete-simair-handover-testlabor.md,main_only,Dokumentation,Aktuellen Stand erhalten,Historische Phase ersetzt keine aktuelle Roadmap; Z01-Bericht und Status gesondert aktualisieren.
Docs/archive/2026-10-05_wap-portal-xhtml-wml-und-rust-testfehler.md,main_only,Dokumentation,Aktuellen Stand erhalten,Historische Phase ersetzt keine aktuelle Roadmap; Z01-Bericht und Status gesondert aktualisieren.
Docs/archive/2026-10-06_bost-flowstation-seamless-handover-mehrzellen-restore-und-portierungsanalyse.md,main_only,Dokumentation,Aktuellen Stand erhalten,Historische Phase ersetzt keine aktuelle Roadmap; Z01-Bericht und Status gesondert aktualisieren.
Docs/archive/2026-10-06_discovery-bat-rollout-proxmox-fortsetzung-und-freepbx-zugang.md,main_only,Dokumentation,Aktuellen Stand erhalten,Historische Phase ersetzt keine aktuelle Roadmap; Z01-Bericht und Status gesondert aktualisieren.
Docs/archive/2026-10-06_flowstation-bluestation-erweiterungsideen-mqtt-cyd-mmi-sds-dgna-geoalarm.md,main_only,Dokumentation,Aktuellen Stand erhalten,Historische Phase ersetzt keine aktuelle Roadmap; Z01-Bericht und Status gesondert aktualisieren.
Docs/archive/2026-10-06_kicad-dual-baseboard-230v-schaltplan-pcb-und-footprints.md,main_only,Dokumentation,Aktuellen Stand erhalten,Historische Phase ersetzt keine aktuelle Roadmap; Z01-Bericht und Status gesondert aktualisieren.
Docs/archive/2026-10-06_netcore-academy-moodle-kurssystem-noob-bis-bitdecoder.md,main_only,Dokumentation,Aktuellen Stand erhalten,Historische Phase ersetzt keine aktuelle Roadmap; Z01-Bericht und Status gesondert aktualisieren.
Docs/archive/2026-10-06_netcore-drive-iam-browser-plugins-gesamtroadmap-und-gruppensteuerung.md,main_only,Dokumentation,Aktuellen Stand erhalten,Historische Phase ersetzt keine aktuelle Roadmap; Z01-Bericht und Status gesondert aktualisieren.
Docs/archive/2026-10-06_netcore-tetra-systemhandbuch-400-seiten-abschluss.md,main_only,Dokumentation,Aktuellen Stand erhalten,Historische Phase ersetzt keine aktuelle Roadmap; Z01-Bericht und Status gesondert aktualisieren.
Docs/archive/2026-10-06_netcore-ui-redesign-basisstation-dienste-rf-dark-mode-und-builddiagnose.md,main_only,Dokumentation,Aktuellen Stand erhalten,Historische Phase ersetzt keine aktuelle Roadmap; Z01-Bericht und Status gesondert aktualisieren.
Docs/archive/2026-10-06_observability-syslog-discovery-nfs-logarchivierung.md,main_only,Dokumentation,Aktuellen Stand erhalten,Historische Phase ersetzt keine aktuelle Roadmap; Z01-Bericht und Status gesondert aktualisieren.
Docs/archive/2026-10-06_pi5-ai-hat-plus-2-sxceiver-optionale-ki-basisstation.md,main_only,Dokumentation,Aktuellen Stand erhalten,Historische Phase ersetzt keine aktuelle Roadmap; Z01-Bericht und Status gesondert aktualisieren.
Docs/archive/2026-10-06_raspberry-pi-openvpn-autoverbindung-vertrauenswuerdige-netze.md,main_only,Dokumentation,Aktuellen Stand erhalten,Historische Phase ersetzt keine aktuelle Roadmap; Z01-Bericht und Status gesondert aktualisieren.
Docs/archive/2026-10-06_raspberry-pi-os-openvpn-client-gui-und-autostart.md,main_only,Dokumentation,Aktuellen Stand erhalten,Historische Phase ersetzt keine aktuelle Roadmap; Z01-Bericht und Status gesondert aktualisieren.
Docs/archive/2026-10-06_rereg-netzlast-zentraler-sip-switch-freepbx-cli-und-release.md,main_only,Dokumentation,Aktuellen Stand erhalten,Historische Phase ersetzt keine aktuelle Roadmap; Z01-Bericht und Status gesondert aktualisieren.
Docs/archive/2026-10-06_roadmap-ui-dark-mode-zentrale-rbac-und-cmce-restore.md,main_only,Dokumentation,Aktuellen Stand erhalten,Historische Phase ersetzt keine aktuelle Roadmap; Z01-Bericht und Status gesondert aktualisieren.
Docs/archive/2026-10-06_sxceiver-led-beobachtung-gpio-pinbelegung-und-live-diagnose.md,main_only,Dokumentation,Aktuellen Stand erhalten,Historische Phase ersetzt keine aktuelle Roadmap; Z01-Bericht und Status gesondert aktualisieren.
Docs/archive/2026-10-06_tbs-container-updates-katwarn-reparaturen-release-und-brancharchiv.md,main_only,Dokumentation,Aktuellen Stand erhalten,Historische Phase ersetzt keine aktuelle Roadmap; Z01-Bericht und Status gesondert aktualisieren.
Docs/archive/Futuristische Netzwerkpräsentation mit globaler Vernetzung.png,main_only,Dokumentation,Aktuellen Stand erhalten,Historische Phase ersetzt keine aktuelle Roadmap; Z01-Bericht und Status gesondert aktualisieren.
Docs/archive/Futuristischer NetCore-Tetra Operations-Ordner.png,main_only,Dokumentation,Aktuellen Stand erhalten,Historische Phase ersetzt keine aktuelle Roadmap; Z01-Bericht und Status gesondert aktualisieren.
Docs/archive/Futuristisches digitales NetCore Wallpaper.png,main_only,Dokumentation,Aktuellen Stand erhalten,Historische Phase ersetzt keine aktuelle Roadmap; Z01-Bericht und Status gesondert aktualisieren.
Docs/archive/NetCore-Tetra Unternehmenshandbuch Präsentation.png,main_only,Dokumentation,Aktuellen Stand erhalten,Historische Phase ersetzt keine aktuelle Roadmap; Z01-Bericht und Status gesondert aktualisieren.
Docs/archive/NetCore-Tetra operations binder Präsentation.png,main_only,Dokumentation,Aktuellen Stand erhalten,Historische Phase ersetzt keine aktuelle Roadmap; Z01-Bericht und Status gesondert aktualisieren.
Docs/archive/NetCore-Tetra_ digital. dezentral. skalierbar.png,main_only,Dokumentation,Aktuellen Stand erhalten,Historische Phase ersetzt keine aktuelle Roadmap; Z01-Bericht und Status gesondert aktualisieren.
Docs/archive/NetCore-Tetra_ digitale Vernetzung der Zukunft.png,main_only,Dokumentation,Aktuellen Stand erhalten,Historische Phase ersetzt keine aktuelle Roadmap; Z01-Bericht und Status gesondert aktualisieren.
Docs/archive/NetCore-Tetra_ vernetztes digitales Universum.png,main_only,Dokumentation,Aktuellen Stand erhalten,Historische Phase ersetzt keine aktuelle Roadmap; Z01-Bericht und Status gesondert aktualisieren.
Docs/archive/README.md,main_only,Dokumentation,Aktuellen Stand erhalten,Historische Phase ersetzt keine aktuelle Roadmap; Z01-Bericht und Status gesondert aktualisieren.
Docs/archive/Taktischer Operationshandbuch_ NETCORE TETRA.png,main_only,Dokumentation,Aktuellen Stand erhalten,Historische Phase ersetzt keine aktuelle Roadmap; Z01-Bericht und Status gesondert aktualisieren.
Docs/archive/assets/2026-10-03_netcore-tetra-aktenordner-design/01_gold-generisch-verworfen-vorschau.webp,main_only,Dokumentation,Aktuellen Stand erhalten,Historische Phase ersetzt keine aktuelle Roadmap; Z01-Bericht und Status gesondert aktualisieren.
Docs/archive/assets/2026-10-03_netcore-tetra-aktenordner-design/06_logo-original-vorschau.webp,main_only,Dokumentation,Aktuellen Stand erhalten,Historische Phase ersetzt keine aktuelle Roadmap; Z01-Bericht und Status gesondert aktualisieren.
Docs/archive/assets/2026-10-03_netcore-tetra-aktenordner-design/07_motorola-referenz-zugeschnitten-vorschau.webp,main_only,Dokumentation,Aktuellen Stand erhalten,Historische Phase ersetzt keine aktuelle Roadmap; Z01-Bericht und Status gesondert aktualisieren.
Docs/archive/assets/2026-10-03_netcore-tetra-aktenordner-design/asset-manifest.json,main_only,Dokumentation,Aktuellen Stand erhalten,Historische Phase ersetzt keine aktuelle Roadmap; Z01-Bericht und Status gesondert aktualisieren.
Docs/archive/assets/2026-10-03_netcore-tetra-aktenordner-design/pdf-inventar.tsv,main_only,Dokumentation,Aktuellen Stand erhalten,Historische Phase ersetzt keine aktuelle Roadmap; Z01-Bericht und Status gesondert aktualisieren.
Docs/archive/assets/2026-10-04_mobile-tbs-koax-antennen-und-patchpanel/01_rf-patchpanel-konzept-alte-masse.png,main_only,Dokumentation,Aktuellen Stand erhalten,Historische Phase ersetzt keine aktuelle Roadmap; Z01-Bericht und Status gesondert aktualisieren.
Docs/archive/assets/2026-10-04_mobile-tbs-koax-antennen-und-patchpanel/02_rf-patchpanel-alternative-konzeptzeichnung.png,main_only,Dokumentation,Aktuellen Stand erhalten,Historische Phase ersetzt keine aktuelle Roadmap; Z01-Bericht und Status gesondert aktualisieren.
Docs/archive/assets/2026-10-04_mobile-tbs-koax-antennen-und-patchpanel/03_rf-io-patchpanel-layoutkonzept.png,main_only,Dokumentation,Aktuellen Stand erhalten,Historische Phase ersetzt keine aktuelle Roadmap; Z01-Bericht und Status gesondert aktualisieren.
Docs/archive/assets/2026-10-04_mobile-tbs-koax-antennen-und-patchpanel/3MF_Validierung.json,main_only,Dokumentation,Aktuellen Stand erhalten,Historische Phase ersetzt keine aktuelle Roadmap; Z01-Bericht und Status gesondert aktualisieren.
Docs/archive/assets/2026-10-04_mobile-tbs-koax-antennen-und-patchpanel/Geometriepruefung.json,main_only,Dokumentation,Aktuellen Stand erhalten,Historische Phase ersetzt keine aktuelle Roadmap; Z01-Bericht und Status gesondert aktualisieren.
Docs/archive/assets/2026-10-04_mobile-tbs-koax-antennen-und-patchpanel/Lochkoordinaten_mm.csv,main_only,Dokumentation,Aktuellen Stand erhalten,Historische Phase ersetzt keine aktuelle Roadmap; Z01-Bericht und Status gesondert aktualisieren.
Docs/archive/assets/2026-10-04_mobile-tbs-koax-antennen-und-patchpanel/NetCore_Tetra_Patchpanel_3MF_Paket.zip,main_only,Dokumentation,Aktuellen Stand erhalten,Historische Phase ersetzt keine aktuelle Roadmap; Z01-Bericht und Status gesondert aktualisieren.
Docs/archive/assets/2026-10-04_mobile-tbs-koax-antennen-und-patchpanel/NetCore_Tetra_Patchpanel_A1_Mehrfarbig.3mf,main_only,Dokumentation,Aktuellen Stand erhalten,Historische Phase ersetzt keine aktuelle Roadmap; Z01-Bericht und Status gesondert aktualisieren.
Docs/archive/assets/2026-10-04_mobile-tbs-koax-antennen-und-patchpanel/README_Druck_und_Montage.md,main_only,Dokumentation,Aktuellen Stand erhalten,Historische Phase ersetzt keine aktuelle Roadmap; Z01-Bericht und Status gesondert aktualisieren.
Docs/archive/assets/2026-10-04_mobile-tbs-koax-antennen-und-patchpanel/ZUERST_DRUCKEN_Neutrik_Passformtest.3mf,main_only,Dokumentation,Aktuellen Stand erhalten,Historische Phase ersetzt keine aktuelle Roadmap; Z01-Bericht und Status gesondert aktualisieren.
Docs/archive/assets/2026-10-04_mobile-tbs-koax-antennen-und-patchpanel/asset-manifest.json,main_only,Dokumentation,Aktuellen Stand erhalten,Historische Phase ersetzt keine aktuelle Roadmap; Z01-Bericht und Status gesondert aktualisieren.
Docs/archive/assets/2026-10-04_recorder-lxc/guide-architecture.png,main_only,Dokumentation,Aktuellen Stand erhalten,Historische Phase ersetzt keine aktuelle Roadmap; Z01-Bericht und Status gesondert aktualisieren.
Docs/archive/assets/2026-10-04_recorder-lxc/guide-deployment.png,main_only,Dokumentation,Aktuellen Stand erhalten,Historische Phase ersetzt keine aktuelle Roadmap; Z01-Bericht und Status gesondert aktualisieren.
Docs/archive/assets/2026-10-04_recorder-lxc/guide-fallback.png,main_only,Dokumentation,Aktuellen Stand erhalten,Historische Phase ersetzt keine aktuelle Roadmap; Z01-Bericht und Status gesondert aktualisieren.
Docs/archive/assets/2026-10-05_antennenposition-mastkopf-quertraeger/01_antennenposition_mast.jpg,main_only,Dokumentation,Aktuellen Stand erhalten,Historische Phase ersetzt keine aktuelle Roadmap; Z01-Bericht und Status gesondert aktualisieren.
Docs/archive/assets/2026-10-05_antennenposition-mastkopf-quertraeger/02_metalladapter_spigot.jpg,main_only,Dokumentation,Aktuellen Stand erhalten,Historische Phase ersetzt keine aktuelle Roadmap; Z01-Bericht und Status gesondert aktualisieren.
Docs/archive/assets/2026-10-05_antennenposition-mastkopf-quertraeger/03_mastkopf_aufnahme.jpg,main_only,Dokumentation,Aktuellen Stand erhalten,Historische Phase ersetzt keine aktuelle Roadmap; Z01-Bericht und Status gesondert aktualisieren.
Docs/archive/assets/2026-10-05_antennenposition-mastkopf-quertraeger/04_metalladapter_im_mastkopf.jpg,main_only,Dokumentation,Aktuellen Stand erhalten,Historische Phase ersetzt keine aktuelle Roadmap; Z01-Bericht und Status gesondert aktualisieren.
Docs/archive/assets/2026-10-05_basisstation-clean-install-sxceiver-soapysx-sndcp-healthchecks/eingefuegter-text-21.txt,main_only,Dokumentation,Aktuellen Stand erhalten,Historische Phase ersetzt keine aktuelle Roadmap; Z01-Bericht und Status gesondert aktualisieren.
Docs/archive/assets/2026-10-05_basisstation-clean-install-sxceiver-soapysx-sndcp-healthchecks/systemdienste-fallback-subscriber-media-library.jpg,main_only,Dokumentation,Aktuellen Stand erhalten,Historische Phase ersetzt keine aktuelle Roadmap; Z01-Bericht und Status gesondert aktualisieren.
Docs/archive/assets/2026-10-05_eigenes-idecs-6aa5e838/01-idecs-referenz-ansicht.png,main_only,Dokumentation,Aktuellen Stand erhalten,Historische Phase ersetzt keine aktuelle Roadmap; Z01-Bericht und Status gesondert aktualisieren.
Docs/archive/assets/2026-10-05_eigenes-idecs-6aa5e838/02-idecs-referenz-ansicht.png,main_only,Dokumentation,Aktuellen Stand erhalten,Historische Phase ersetzt keine aktuelle Roadmap; Z01-Bericht und Status gesondert aktualisieren.
Docs/archive/assets/2026-10-05_eigenes-idecs-6aa5e838/03-idecs-referenz-ansicht.png,main_only,Dokumentation,Aktuellen Stand erhalten,Historische Phase ersetzt keine aktuelle Roadmap; Z01-Bericht und Status gesondert aktualisieren.
Docs/archive/assets/2026-10-05_eigenes-idecs-6aa5e838/04-idecs-referenz-ansicht.png,main_only,Dokumentation,Aktuellen Stand erhalten,Historische Phase ersetzt keine aktuelle Roadmap; Z01-Bericht und Status gesondert aktualisieren.
Docs/archive/assets/2026-10-05_eigenes-idecs-6aa5e838/05-idecs-referenz-ansicht.png,main_only,Dokumentation,Aktuellen Stand erhalten,Historische Phase ersetzt keine aktuelle Roadmap; Z01-Bericht und Status gesondert aktualisieren.
Docs/archive/assets/2026-10-05_eigenes-idecs-6aa5e838/06-idecs-referenz-ansicht.png,main_only,Dokumentation,Aktuellen Stand erhalten,Historische Phase ersetzt keine aktuelle Roadmap; Z01-Bericht und Status gesondert aktualisieren.
Docs/archive/assets/2026-10-05_eigenes-idecs-6aa5e838/07-idecs-referenz-ansicht.png,main_only,Dokumentation,Aktuellen Stand erhalten,Historische Phase ersetzt keine aktuelle Roadmap; Z01-Bericht und Status gesondert aktualisieren.
Docs/archive/assets/2026-10-05_eigenes-idecs-6aa5e838/08-idecs-referenz-ansicht.png,main_only,Dokumentation,Aktuellen Stand erhalten,Historische Phase ersetzt keine aktuelle Roadmap; Z01-Bericht und Status gesondert aktualisieren.
Docs/archive/assets/2026-10-05_eigenes-idecs-6aa5e838/09-idecs-referenz-ansicht.png,main_only,Dokumentation,Aktuellen Stand erhalten,Historische Phase ersetzt keine aktuelle Roadmap; Z01-Bericht und Status gesondert aktualisieren.
Docs/archive/assets/2026-10-05_eigenes-idecs-6aa5e838/10-idecs-referenz-ansicht.png,main_only,Dokumentation,Aktuellen Stand erhalten,Historische Phase ersetzt keine aktuelle Roadmap; Z01-Bericht und Status gesondert aktualisieren.
Docs/archive/assets/2026-10-05_eigenes-idecs-6aa5e838/11-idecs-referenz-ansicht.png,main_only,Dokumentation,Aktuellen Stand erhalten,Historische Phase ersetzt keine aktuelle Roadmap; Z01-Bericht und Status gesondert aktualisieren.
Docs/archive/assets/2026-10-05_eigenes-idecs-6aa5e838/12-idecs-referenz-ansicht.png,main_only,Dokumentation,Aktuellen Stand erhalten,Historische Phase ersetzt keine aktuelle Roadmap; Z01-Bericht und Status gesondert aktualisieren.
Docs/archive/assets/2026-10-05_eigenes-idecs-6aa5e838/13-idecs-referenz-ansicht.png,main_only,Dokumentation,Aktuellen Stand erhalten,Historische Phase ersetzt keine aktuelle Roadmap; Z01-Bericht und Status gesondert aktualisieren.
Docs/archive/assets/2026-10-05_eigenes-idecs-6aa5e838/14-idecs-referenz-ansicht.png,main_only,Dokumentation,Aktuellen Stand erhalten,Historische Phase ersetzt keine aktuelle Roadmap; Z01-Bericht und Status gesondert aktualisieren.
Docs/archive/assets/2026-10-05_eigenes-idecs-6aa5e838/15-idecs-referenz-ansicht.png,main_only,Dokumentation,Aktuellen Stand erhalten,Historische Phase ersetzt keine aktuelle Roadmap; Z01-Bericht und Status gesondert aktualisieren.
Docs/archive/assets/2026-10-05_eigenes-idecs-6aa5e838/16-idecs-referenz-ansicht.png,main_only,Dokumentation,Aktuellen Stand erhalten,Historische Phase ersetzt keine aktuelle Roadmap; Z01-Bericht und Status gesondert aktualisieren.
Docs/archive/assets/2026-10-05_eigenes-idecs-6aa5e838/17-idecs-referenz-ansicht.png,main_only,Dokumentation,Aktuellen Stand erhalten,Historische Phase ersetzt keine aktuelle Roadmap; Z01-Bericht und Status gesondert aktualisieren.
Docs/archive/assets/2026-10-05_eigenes-idecs-6aa5e838/18-idecs-referenz-ansicht.png,main_only,Dokumentation,Aktuellen Stand erhalten,Historische Phase ersetzt keine aktuelle Roadmap; Z01-Bericht und Status gesondert aktualisieren.
Docs/archive/assets/2026-10-05_eigenes-idecs-6aa5e838/19-idecs-referenz-ansicht.png,main_only,Dokumentation,Aktuellen Stand erhalten,Historische Phase ersetzt keine aktuelle Roadmap; Z01-Bericht und Status gesondert aktualisieren.
Docs/archive/assets/2026-10-05_eigenes-idecs-6aa5e838/20-idecs-referenz-ansicht.png,main_only,Dokumentation,Aktuellen Stand erhalten,Historische Phase ersetzt keine aktuelle Roadmap; Z01-Bericht und Status gesondert aktualisieren.
Docs/archive/assets/2026-10-05_eigenes-idecs-6aa5e838/21-idecs-referenz-ansicht.png,main_only,Dokumentation,Aktuellen Stand erhalten,Historische Phase ersetzt keine aktuelle Roadmap; Z01-Bericht und Status gesondert aktualisieren.
Docs/archive/assets/2026-10-05_eigenes-idecs-6aa5e838/22-idecs-referenz-ansicht.png,main_only,Dokumentation,Aktuellen Stand erhalten,Historische Phase ersetzt keine aktuelle Roadmap; Z01-Bericht und Status gesondert aktualisieren.
Docs/archive/assets/2026-10-05_eigenes-idecs-6aa5e838/23-idecs-referenz-ansicht.png,main_only,Dokumentation,Aktuellen Stand erhalten,Historische Phase ersetzt keine aktuelle Roadmap; Z01-Bericht und Status gesondert aktualisieren.
Docs/archive/assets/2026-10-05_eigenes-idecs-6aa5e838/24-idecs-referenz-ansicht.png,main_only,Dokumentation,Aktuellen Stand erhalten,Historische Phase ersetzt keine aktuelle Roadmap; Z01-Bericht und Status gesondert aktualisieren.
Docs/archive/assets/2026-10-05_eigenes-idecs-6aa5e838/25-idecs-referenz-ansicht.png,main_only,Dokumentation,Aktuellen Stand erhalten,Historische Phase ersetzt keine aktuelle Roadmap; Z01-Bericht und Status gesondert aktualisieren.
Docs/archive/assets/2026-10-05_eigenes-idecs-6aa5e838/26-idecs-referenz-ansicht.png,main_only,Dokumentation,Aktuellen Stand erhalten,Historische Phase ersetzt keine aktuelle Roadmap; Z01-Bericht und Status gesondert aktualisieren.
Docs/archive/assets/2026-10-05_eigenes-idecs-6aa5e838/27-idecs-referenz-ansicht.png,main_only,Dokumentation,Aktuellen Stand erhalten,Historische Phase ersetzt keine aktuelle Roadmap; Z01-Bericht und Status gesondert aktualisieren.
Docs/archive/assets/2026-10-05_eigenes-idecs-6aa5e838/28-idecs-referenz-ansicht.png,main_only,Dokumentation,Aktuellen Stand erhalten,Historische Phase ersetzt keine aktuelle Roadmap; Z01-Bericht und Status gesondert aktualisieren.
Docs/archive/assets/2026-10-05_eigenes-idecs-6aa5e838/29-idecs-referenz-ansicht.png,main_only,Dokumentation,Aktuellen Stand erhalten,Historische Phase ersetzt keine aktuelle Roadmap; Z01-Bericht und Status gesondert aktualisieren.
Docs/archive/assets/2026-10-05_eigenes-idecs-6aa5e838/30-idecs-referenz-ansicht.png,main_only,Dokumentation,Aktuellen Stand erhalten,Historische Phase ersetzt keine aktuelle Roadmap; Z01-Bericht und Status gesondert aktualisieren.
Docs/archive/assets/2026-10-05_eigenes-idecs-6aa5e838/31-netcore-dashboard-entwurf-ansicht.png,main_only,Dokumentation,Aktuellen Stand erhalten,Historische Phase ersetzt keine aktuelle Roadmap; Z01-Bericht und Status gesondert aktualisieren.
Docs/archive/assets/2026-10-05_eigenes-idecs-6aa5e838/32-netcore-funk-entwurf-ansicht.png,main_only,Dokumentation,Aktuellen Stand erhalten,Historische Phase ersetzt keine aktuelle Roadmap; Z01-Bericht und Status gesondert aktualisieren.
Docs/archive/assets/2026-10-05_eigenes-idecs-6aa5e838/manifest.json,main_only,Dokumentation,Aktuellen Stand erhalten,Historische Phase ersetzt keine aktuelle Roadmap; Z01-Bericht und Status gesondert aktualisieren.
Docs/archive/assets/2026-10-05_gpio-breakout-jumper/01_osoyoo-breakout-board.svg,main_only,Dokumentation,Aktuellen Stand erhalten,Historische Phase ersetzt keine aktuelle Roadmap; Z01-Bericht und Status gesondert aktualisieren.
Docs/archive/assets/2026-10-05_gpio-breakout-jumper/02_freenove-breakout-board.svg,main_only,Dokumentation,Aktuellen Stand erhalten,Historische Phase ersetzt keine aktuelle Roadmap; Z01-Bericht und Status gesondert aktualisieren.
Docs/archive/assets/2026-10-05_gpio-breakout-jumper/03_freenove-stacked-on-pi.svg,main_only,Dokumentation,Aktuellen Stand erhalten,Historische Phase ersetzt keine aktuelle Roadmap; Z01-Bericht und Status gesondert aktualisieren.
Docs/archive/assets/2026-10-05_homeassistant-mqtt-sds/01-vm-bootfehler-ansicht.jpg,main_only,Dokumentation,Aktuellen Stand erhalten,Historische Phase ersetzt keine aktuelle Roadmap; Z01-Bericht und Status gesondert aktualisieren.
Docs/archive/assets/2026-10-05_homeassistant-mqtt-sds/02-proxmox-vm148-hardware-ansicht.jpg,main_only,Dokumentation,Aktuellen Stand erhalten,Historische Phase ersetzt keine aktuelle Roadmap; Z01-Bericht und Status gesondert aktualisieren.
Docs/archive/assets/2026-10-05_homeassistant-mqtt-sds/03-homeassistant-laeuft-ansicht.jpg,main_only,Dokumentation,Aktuellen Stand erhalten,Historische Phase ersetzt keine aktuelle Roadmap; Z01-Bericht und Status gesondert aktualisieren.
Docs/archive/assets/2026-10-05_homeassistant-mqtt-sds/04-mqtt-vier-geraete-acht-entitaeten-ansicht.jpg,main_only,Dokumentation,Aktuellen Stand erhalten,Historische Phase ersetzt keine aktuelle Roadmap; Z01-Bericht und Status gesondert aktualisieren.
Docs/archive/assets/2026-10-05_homeassistant-mqtt-sds/05-ha-sds-topic-leer.png,main_only,Dokumentation,Aktuellen Stand erhalten,Historische Phase ersetzt keine aktuelle Roadmap; Z01-Bericht und Status gesondert aktualisieren.
Docs/archive/assets/2026-10-05_homeassistant-mqtt-sds/06-tbs-sds-empfang.png,main_only,Dokumentation,Aktuellen Stand erhalten,Historische Phase ersetzt keine aktuelle Roadmap; Z01-Bericht und Status gesondert aktualisieren.
Docs/archive/assets/2026-10-05_homeassistant-mqtt-sds/07-iot-gateway-outbox.png,main_only,Dokumentation,Aktuellen Stand erhalten,Historische Phase ersetzt keine aktuelle Roadmap; Z01-Bericht und Status gesondert aktualisieren.
Docs/archive/assets/2026-10-05_homeassistant-mqtt-sds/README.md,main_only,Dokumentation,Aktuellen Stand erhalten,Historische Phase ersetzt keine aktuelle Roadmap; Z01-Bericht und Status gesondert aktualisieren.
Docs/archive/assets/2026-10-05_installation-ab-null-tbs02/laufzeit-20260912-bereinigt.txt,main_only,Dokumentation,Aktuellen Stand erhalten,Historische Phase ersetzt keine aktuelle Roadmap; Z01-Bericht und Status gesondert aktualisieren.
Docs/archive/assets/2026-10-05_installation-ab-null-tbs02/provenienz.json,main_only,Dokumentation,Aktuellen Stand erhalten,Historische Phase ersetzt keine aktuelle Roadmap; Z01-Bericht und Status gesondert aktualisieren.
Docs/archive/assets/2026-10-05_ip-gateway-fallback-timeout.png,main_only,Dokumentation,Aktuellen Stand erhalten,Historische Phase ersetzt keine aktuelle Roadmap; Z01-Bericht und Status gesondert aktualisieren.
Docs/archive/assets/2026-10-05_media-library-aussendung-shadow-ui.png,main_only,Dokumentation,Aktuellen Stand erhalten,Historische Phase ersetzt keine aktuelle Roadmap; Z01-Bericht und Status gesondert aktualisieren.
Docs/archive/assets/2026-10-05_motorola-cps-wap-browser/motorola-cps-wap-screenshots.svg,main_only,Dokumentation,Aktuellen Stand erhalten,Historische Phase ersetzt keine aktuelle Roadmap; Z01-Bericht und Status gesondert aktualisieren.
Docs/archive/assets/2026-10-05_scg2229-import/01_chatbilder_01-03.webp,main_only,Dokumentation,Aktuellen Stand erhalten,Historische Phase ersetzt keine aktuelle Roadmap; Z01-Bericht und Status gesondert aktualisieren.
Docs/archive/assets/2026-10-05_scg2229-import/02_chatbilder_04-06.webp,main_only,Dokumentation,Aktuellen Stand erhalten,Historische Phase ersetzt keine aktuelle Roadmap; Z01-Bericht und Status gesondert aktualisieren.
Docs/archive/assets/2026-10-05_scg2229-import/03_chatbilder_07-09.webp,main_only,Dokumentation,Aktuellen Stand erhalten,Historische Phase ersetzt keine aktuelle Roadmap; Z01-Bericht und Status gesondert aktualisieren.
Docs/archive/assets/2026-10-05_scg2229-import/04_chatbilder_10-12.webp,main_only,Dokumentation,Aktuellen Stand erhalten,Historische Phase ersetzt keine aktuelle Roadmap; Z01-Bericht und Status gesondert aktualisieren.
Docs/archive/assets/2026-10-05_scg2229-import/05_chatbilder_13-15.webp,main_only,Dokumentation,Aktuellen Stand erhalten,Historische Phase ersetzt keine aktuelle Roadmap; Z01-Bericht und Status gesondert aktualisieren.
Docs/archive/assets/2026-10-06_kicad-dual-baseboard-230v/.gitattributes,main_only,Dokumentation,Aktuellen Stand erhalten,Historische Phase ersetzt keine aktuelle Roadmap; Z01-Bericht und Status gesondert aktualisieren.
Docs/archive/assets/2026-10-06_kicad-dual-baseboard-230v/NetCore-Tetra-Dual-Baseboard-KiCad-v0.1.1.zip,main_only,Dokumentation,Aktuellen Stand erhalten,Historische Phase ersetzt keine aktuelle Roadmap; Z01-Bericht und Status gesondert aktualisieren.
Docs/archive/assets/2026-10-06_kicad-dual-baseboard-230v/NetCore-Tetra-Dual-Baseboard-KiCad-v0.2.zip,main_only,Dokumentation,Aktuellen Stand erhalten,Historische Phase ersetzt keine aktuelle Roadmap; Z01-Bericht und Status gesondert aktualisieren.
Docs/archive/assets/2026-10-06_kicad-dual-baseboard-230v/NetCore-Tetra-v0.3.3-230V.kicad_pcb,main_only,Dokumentation,Aktuellen Stand erhalten,Historische Phase ersetzt keine aktuelle Roadmap; Z01-Bericht und Status gesondert aktualisieren.
Docs/archive/assets/2026-10-06_kicad-dual-baseboard-230v/NetCore-Tetra-v0.3.3-230V.kicad_sch,main_only,Dokumentation,Aktuellen Stand erhalten,Historische Phase ersetzt keine aktuelle Roadmap; Z01-Bericht und Status gesondert aktualisieren.
Docs/archive/assets/2026-10-06_kicad-dual-baseboard-230v/Pi_SXceiver_Wiring.png,main_only,Dokumentation,Aktuellen Stand erhalten,Historische Phase ersetzt keine aktuelle Roadmap; Z01-Bericht und Status gesondert aktualisieren.
Docs/archive/assets/2026-10-06_kicad-dual-baseboard-230v/SHA256SUMS,main_only,Dokumentation,Aktuellen Stand erhalten,Historische Phase ersetzt keine aktuelle Roadmap; Z01-Bericht und Status gesondert aktualisieren.
Docs/archive/assets/2026-10-06_kicad-dual-baseboard-230v/architecture.png,main_only,Dokumentation,Aktuellen Stand erhalten,Historische Phase ersetzt keine aktuelle Roadmap; Z01-Bericht und Status gesondert aktualisieren.
Docs/archive/assets/2026-10-06_kicad-dual-baseboard-230v/board_floorplan.png,main_only,Dokumentation,Aktuellen Stand erhalten,Historische Phase ersetzt keine aktuelle Roadmap; Z01-Bericht und Status gesondert aktualisieren.
Docs/archive/assets/2026-10-06_kicad-dual-baseboard-230v/chat-image-01.png,main_only,Dokumentation,Aktuellen Stand erhalten,Historische Phase ersetzt keine aktuelle Roadmap; Z01-Bericht und Status gesondert aktualisieren.
Docs/archive/assets/2026-10-06_kicad-dual-baseboard-230v/chat-image-02.png,main_only,Dokumentation,Aktuellen Stand erhalten,Historische Phase ersetzt keine aktuelle Roadmap; Z01-Bericht und Status gesondert aktualisieren.
Docs/archive/assets/2026-10-06_kicad-dual-baseboard-230v/chat-image-03.png,main_only,Dokumentation,Aktuellen Stand erhalten,Historische Phase ersetzt keine aktuelle Roadmap; Z01-Bericht und Status gesondert aktualisieren.
Docs/archive/assets/2026-10-06_kicad-dual-baseboard-230v/chat-image-04.png,main_only,Dokumentation,Aktuellen Stand erhalten,Historische Phase ersetzt keine aktuelle Roadmap; Z01-Bericht und Status gesondert aktualisieren.
Docs/archive/assets/2026-10-06_kicad-dual-baseboard-230v/chat-image-05.png,main_only,Dokumentation,Aktuellen Stand erhalten,Historische Phase ersetzt keine aktuelle Roadmap; Z01-Bericht und Status gesondert aktualisieren.
Docs/archive/assets/2026-10-06_kicad-dual-baseboard-230v/chat-image-06.png,main_only,Dokumentation,Aktuellen Stand erhalten,Historische Phase ersetzt keine aktuelle Roadmap; Z01-Bericht und Status gesondert aktualisieren.
Docs/archive/assets/2026-10-06_kicad-dual-baseboard-230v/chat-image-07.png,main_only,Dokumentation,Aktuellen Stand erhalten,Historische Phase ersetzt keine aktuelle Roadmap; Z01-Bericht und Status gesondert aktualisieren.
Docs/archive/assets/2026-10-06_kicad-dual-baseboard-230v/manifest.json,main_only,Dokumentation,Aktuellen Stand erhalten,Historische Phase ersetzt keine aktuelle Roadmap; Z01-Bericht und Status gesondert aktualisieren.
Docs/archive/assets/2026-10-06_kicad-dual-baseboard-230v/native-drc-20261006.json,main_only,Dokumentation,Aktuellen Stand erhalten,Historische Phase ersetzt keine aktuelle Roadmap; Z01-Bericht und Status gesondert aktualisieren.
Docs/archive/assets/2026-10-06_kicad-dual-baseboard-230v/native-erc-20261006.json,main_only,Dokumentation,Aktuellen Stand erhalten,Historische Phase ersetzt keine aktuelle Roadmap; Z01-Bericht und Status gesondert aktualisieren.
Docs/archive/assets/2026-10-06_kicad-dual-baseboard-230v/native-netlist-comparison-20261006.json,main_only,Dokumentation,Aktuellen Stand erhalten,Historische Phase ersetzt keine aktuelle Roadmap; Z01-Bericht und Status gesondert aktualisieren.
Docs/archive/assets/2026-10-06_netcore-academy/NetCore_Academy_Kursinhalte.zip,main_only,Dokumentation,Aktuellen Stand erhalten,Historische Phase ersetzt keine aktuelle Roadmap; Z01-Bericht und Status gesondert aktualisieren.
Docs/archive/assets/2026-10-06_netcore-academy/NetCore_Academy_Kurssystem.html,main_only,Dokumentation,Aktuellen Stand erhalten,Historische Phase ersetzt keine aktuelle Roadmap; Z01-Bericht und Status gesondert aktualisieren.
Docs/archive/assets/2026-10-06_netcore-academy/NetCore_Academy_Kurssystem.pdf,main_only,Dokumentation,Aktuellen Stand erhalten,Historische Phase ersetzt keine aktuelle Roadmap; Z01-Bericht und Status gesondert aktualisieren.
Docs/archive/assets/2026-10-06_netcore-academy/README.md,main_only,Dokumentation,Aktuellen Stand erhalten,Historische Phase ersetzt keine aktuelle Roadmap; Z01-Bericht und Status gesondert aktualisieren.
Docs/archive/assets/2026-10-06_netcore-academy/SHA256SUMS,main_only,Dokumentation,Aktuellen Stand erhalten,Historische Phase ersetzt keine aktuelle Roadmap; Z01-Bericht und Status gesondert aktualisieren.
Docs/archive/assets/2026-10-06_netcore-academy/bilder/detail-117.png,main_only,Dokumentation,Aktuellen Stand erhalten,Historische Phase ersetzt keine aktuelle Roadmap; Z01-Bericht und Status gesondert aktualisieren.
Docs/archive/assets/2026-10-06_netcore-academy/bilder/detail-128.png,main_only,Dokumentation,Aktuellen Stand erhalten,Historische Phase ersetzt keine aktuelle Roadmap; Z01-Bericht und Status gesondert aktualisieren.
Docs/archive/assets/2026-10-06_netcore-academy/bilder/detail-129.png,main_only,Dokumentation,Aktuellen Stand erhalten,Historische Phase ersetzt keine aktuelle Roadmap; Z01-Bericht und Status gesondert aktualisieren.
Docs/archive/assets/2026-10-06_netcore-academy/bilder/kontakt-01.png,main_only,Dokumentation,Aktuellen Stand erhalten,Historische Phase ersetzt keine aktuelle Roadmap; Z01-Bericht und Status gesondert aktualisieren.
Docs/archive/assets/2026-10-06_netcore-academy/bilder/kontakt-02.png,main_only,Dokumentation,Aktuellen Stand erhalten,Historische Phase ersetzt keine aktuelle Roadmap; Z01-Bericht und Status gesondert aktualisieren.
Docs/archive/assets/2026-10-06_netcore-academy/bilder/kontakt-03.png,main_only,Dokumentation,Aktuellen Stand erhalten,Historische Phase ersetzt keine aktuelle Roadmap; Z01-Bericht und Status gesondert aktualisieren.
Docs/archive/assets/2026-10-06_netcore-academy/bilder/kontakt-04.png,main_only,Dokumentation,Aktuellen Stand erhalten,Historische Phase ersetzt keine aktuelle Roadmap; Z01-Bericht und Status gesondert aktualisieren.
Docs/archive/assets/2026-10-06_netcore-academy/bilder/kontakt-05.png,main_only,Dokumentation,Aktuellen Stand erhalten,Historische Phase ersetzt keine aktuelle Roadmap; Z01-Bericht und Status gesondert aktualisieren.
Docs/archive/assets/2026-10-06_netcore-academy/bilder/kontakt-06.png,main_only,Dokumentation,Aktuellen Stand erhalten,Historische Phase ersetzt keine aktuelle Roadmap; Z01-Bericht und Status gesondert aktualisieren.
Docs/archive/assets/2026-10-06_netcore-academy/bilder/kontakt-07.png,main_only,Dokumentation,Aktuellen Stand erhalten,Historische Phase ersetzt keine aktuelle Roadmap; Z01-Bericht und Status gesondert aktualisieren.
Docs/archive/assets/2026-10-06_netcore-academy/bilder/kontakt-08.png,main_only,Dokumentation,Aktuellen Stand erhalten,Historische Phase ersetzt keine aktuelle Roadmap; Z01-Bericht und Status gesondert aktualisieren.
Docs/archive/assets/2026-10-06_netcore-academy/bilder/kontakt-09.png,main_only,Dokumentation,Aktuellen Stand erhalten,Historische Phase ersetzt keine aktuelle Roadmap; Z01-Bericht und Status gesondert aktualisieren.
Docs/archive/assets/2026-10-06_netcore-academy/bilder/kontakt-10.png,main_only,Dokumentation,Aktuellen Stand erhalten,Historische Phase ersetzt keine aktuelle Roadmap; Z01-Bericht und Status gesondert aktualisieren.
Docs/archive/assets/2026-10-06_netcore-academy/bilder/kontakt-11.png,main_only,Dokumentation,Aktuellen Stand erhalten,Historische Phase ersetzt keine aktuelle Roadmap; Z01-Bericht und Status gesondert aktualisieren.
Docs/archive/assets/2026-10-06_netcore-academy/bilder/kontakt-12.png,main_only,Dokumentation,Aktuellen Stand erhalten,Historische Phase ersetzt keine aktuelle Roadmap; Z01-Bericht und Status gesondert aktualisieren.
Docs/archive/assets/2026-10-06_netcore-academy/bildmanifest.json,main_only,Dokumentation,Aktuellen Stand erhalten,Historische Phase ersetzt keine aktuelle Roadmap; Z01-Bericht und Status gesondert aktualisieren.
Docs/archive/assets/2026-10-06_netcore-academy/laborergebnisse-2026-10-06.json,main_only,Dokumentation,Aktuellen Stand erhalten,Historische Phase ersetzt keine aktuelle Roadmap; Z01-Bericht und Status gesondert aktualisieren.
Docs/archive/assets/2026-10-06_netcore-academy/pruefbericht-2026-10-06.json,main_only,Dokumentation,Aktuellen Stand erhalten,Historische Phase ersetzt keine aktuelle Roadmap; Z01-Bericht und Status gesondert aktualisieren.
Docs/archive/assets/2026-10-06_netcore-academy/quelleninventar.json,main_only,Dokumentation,Aktuellen Stand erhalten,Historische Phase ersetzt keine aktuelle Roadmap; Z01-Bericht und Status gesondert aktualisieren.
Docs/archive/assets/2026-10-06_netcore-ui-redesign/001-tetra-basisstation-im-uberblick.png,main_only,Dokumentation,Aktuellen Stand erhalten,Historische Phase ersetzt keine aktuelle Roadmap; Z01-Bericht und Status gesondert aktualisieren.
Docs/archive/assets/2026-10-06_netcore-ui-redesign/002-netzkarte-mit-basisstationen-und-funkgeraten.png,main_only,Dokumentation,Aktuellen Stand erhalten,Historische Phase ersetzt keine aktuelle Roadmap; Z01-Bericht und Status gesondert aktualisieren.
Docs/archive/assets/2026-10-06_netcore-ui-redesign/003-anmeldung-an-der-tetra-basisstation.png,main_only,Dokumentation,Aktuellen Stand erhalten,Historische Phase ersetzt keine aktuelle Roadmap; Z01-Bericht und Status gesondert aktualisieren.
Docs/archive/assets/2026-10-06_netcore-ui-redesign/004-funkgerateverwaltung-im-tetra-leitstand.png,main_only,Dokumentation,Aktuellen Stand erhalten,Historische Phase ersetzt keine aktuelle Roadmap; Z01-Bericht und Status gesondert aktualisieren.
Docs/archive/assets/2026-10-06_netcore-ui-redesign/005-systemzustand-der-tetra-basisstation.png,main_only,Dokumentation,Aktuellen Stand erhalten,Historische Phase ersetzt keine aktuelle Roadmap; Z01-Bericht und Status gesondert aktualisieren.
Docs/archive/assets/2026-10-06_netcore-ui-redesign/006-live-log-der-tetra-basisstation.png,main_only,Dokumentation,Aktuellen Stand erhalten,Historische Phase ersetzt keine aktuelle Roadmap; Z01-Bericht und Status gesondert aktualisieren.
Docs/archive/assets/2026-10-06_netcore-ui-redesign/007-systemverwaltung-ressourcen-und-wartung.png,main_only,Dokumentation,Aktuellen Stand erhalten,Historische Phase ersetzt keine aktuelle Roadmap; Z01-Bericht und Status gesondert aktualisieren.
Docs/archive/assets/2026-10-06_netcore-ui-redesign/008-diensteubersicht-mit-lokalem-ersatzbetrieb.png,main_only,Dokumentation,Aktuellen Stand erhalten,Historische Phase ersetzt keine aktuelle Roadmap; Z01-Bericht und Status gesondert aktualisieren.
Docs/archive/assets/2026-10-06_netcore-ui-redesign/009-rf-diagnose-spektrum-und-zeitschlitze.png,main_only,Dokumentation,Aktuellen Stand erhalten,Historische Phase ersetzt keine aktuelle Roadmap; Z01-Bericht und Status gesondert aktualisieren.
Docs/archive/assets/2026-10-06_netcore-ui-redesign/010-tetra-netz-der-basisstation-konfigurieren.png,main_only,Dokumentation,Aktuellen Stand erhalten,Historische Phase ersetzt keine aktuelle Roadmap; Z01-Bericht und Status gesondert aktualisieren.
Docs/archive/assets/2026-10-06_netcore-ui-redesign/011-hilfe-dokumentation-in-vorbereitung.png,main_only,Dokumentation,Aktuellen Stand erhalten,Historische Phase ersetzt keine aktuelle Roadmap; Z01-Bericht und Status gesondert aktualisieren.
Docs/archive/assets/2026-10-06_netcore-ui-redesign/012-nachbarzellen-verwalten-im-tetra-dashboard.png,main_only,Dokumentation,Aktuellen Stand erhalten,Historische Phase ersetzt keine aktuelle Roadmap; Z01-Bericht und Status gesondert aktualisieren.
Docs/archive/assets/2026-10-06_netcore-ui-redesign/013-netcore-tetra-konfiguration-mit-stationsdaten.png,main_only,Dokumentation,Aktuellen Stand erhalten,Historische Phase ersetzt keine aktuelle Roadmap; Z01-Bericht und Status gesondert aktualisieren.
Docs/archive/assets/2026-10-06_netcore-ui-redesign/014-tetra-gesprache-im-live-uberblick.png,main_only,Dokumentation,Aktuellen Stand erhalten,Historische Phase ersetzt keine aktuelle Roadmap; Z01-Bericht und Status gesondert aktualisieren.
Docs/archive/assets/2026-10-06_netcore-ui-redesign/015-logo-text-helles-design.png,main_only,Dokumentation,Aktuellen Stand erhalten,Historische Phase ersetzt keine aktuelle Roadmap; Z01-Bericht und Status gesondert aktualisieren.
Docs/archive/assets/2026-10-06_netcore-ui-redesign/016-willkommen-bei-netcore-tetra.png,main_only,Dokumentation,Aktuellen Stand erhalten,Historische Phase ersetzt keine aktuelle Roadmap; Z01-Bericht und Status gesondert aktualisieren.
Docs/archive/assets/2026-10-06_netcore-ui-redesign/017-netcore-tetra-basisstation-im-funkbetrieb.png,main_only,Dokumentation,Aktuellen Stand erhalten,Historische Phase ersetzt keine aktuelle Roadmap; Z01-Bericht und Status gesondert aktualisieren.
Docs/archive/assets/2026-10-06_netcore-ui-redesign/018-netz-im-blick-kompakte-stationsvorschau.png,main_only,Dokumentation,Aktuellen Stand erhalten,Historische Phase ersetzt keine aktuelle Roadmap; Z01-Bericht und Status gesondert aktualisieren.
Docs/archive/assets/2026-10-06_netcore-ui-redesign/019-unbenannt.png,main_only,Dokumentation,Aktuellen Stand erhalten,Historische Phase ersetzt keine aktuelle Roadmap; Z01-Bericht und Status gesondert aktualisieren.
Docs/archive/assets/2026-10-06_netcore-ui-redesign/020-offentliche-netzubersicht.png,main_only,Dokumentation,Aktuellen Stand erhalten,Historische Phase ersetzt keine aktuelle Roadmap; Z01-Bericht und Status gesondert aktualisieren.
Docs/archive/assets/2026-10-06_netcore-ui-redesign/021-netcore-tetra-funkgerate-verwalten.png,main_only,Dokumentation,Aktuellen Stand erhalten,Historische Phase ersetzt keine aktuelle Roadmap; Z01-Bericht und Status gesondert aktualisieren.
Docs/archive/assets/2026-10-06_netcore-ui-redesign/022-netcore-tetra-anmeldung-mit-stationsvorschau.png,main_only,Dokumentation,Aktuellen Stand erhalten,Historische Phase ersetzt keine aktuelle Roadmap; Z01-Bericht und Status gesondert aktualisieren.
Docs/archive/assets/2026-10-06_netcore-ui-redesign/023-aktive-rufe-im-funkbetrieb.png,main_only,Dokumentation,Aktuellen Stand erhalten,Historische Phase ersetzt keine aktuelle Roadmap; Z01-Bericht und Status gesondert aktualisieren.
Docs/archive/assets/2026-10-06_netcore-ui-redesign/024-rf-signal-tx-spektrum-konstellation-und-wasserfall.png,main_only,Dokumentation,Aktuellen Stand erhalten,Historische Phase ersetzt keine aktuelle Roadmap; Z01-Bericht und Status gesondert aktualisieren.
Docs/archive/assets/2026-10-06_netcore-ui-redesign/025-funklage-im-netcore-tetra-dashboard.png,main_only,Dokumentation,Aktuellen Stand erhalten,Historische Phase ersetzt keine aktuelle Roadmap; Z01-Bericht und Status gesondert aktualisieren.
Docs/archive/assets/2026-10-06_netcore-ui-redesign/026-systemzustand-im-lokalen-funkbetrieb.png,main_only,Dokumentation,Aktuellen Stand erhalten,Historische Phase ersetzt keine aktuelle Roadmap; Z01-Bericht und Status gesondert aktualisieren.
Docs/archive/assets/2026-10-06_netcore-ui-redesign/027-zuletzt-gehort-funkaktivitaten-im-uberblick.png,main_only,Dokumentation,Aktuellen Stand erhalten,Historische Phase ersetzt keine aktuelle Roadmap; Z01-Bericht und Status gesondert aktualisieren.
Docs/archive/assets/2026-10-06_netcore-ui-redesign/028-ereignisse-zentrale-verbindung-getrennt.png,main_only,Dokumentation,Aktuellen Stand erhalten,Historische Phase ersetzt keine aktuelle Roadmap; Z01-Bericht und Status gesondert aktualisieren.
Docs/archive/assets/2026-10-06_netcore-ui-redesign/029-sds-protokoll-im-tetra-funknetz.png,main_only,Dokumentation,Aktuellen Stand erhalten,Historische Phase ersetzt keine aktuelle Roadmap; Z01-Bericht und Status gesondert aktualisieren.
Docs/archive/assets/2026-10-06_netcore-ui-redesign/030-sndcp-paketdaten-und-legacy-wap.png,main_only,Dokumentation,Aktuellen Stand erhalten,Historische Phase ersetzt keine aktuelle Roadmap; Z01-Bericht und Status gesondert aktualisieren.
Docs/archive/assets/2026-10-06_netcore-ui-redesign/031-rf-analyse-mit-spektrum-und-wasserfall.png,main_only,Dokumentation,Aktuellen Stand erhalten,Historische Phase ersetzt keine aktuelle Roadmap; Z01-Bericht und Status gesondert aktualisieren.
Docs/archive/assets/2026-10-06_netcore-ui-redesign/032-netzkarte-mit-ausgewahlten-geratepositionen.png,main_only,Dokumentation,Aktuellen Stand erhalten,Historische Phase ersetzt keine aktuelle Roadmap; Z01-Bericht und Status gesondert aktualisieren.
Docs/archive/assets/2026-10-06_netcore-ui-redesign/033-aufzeichnungen-in-der-audio-zentrale.png,main_only,Dokumentation,Aktuellen Stand erhalten,Historische Phase ersetzt keine aktuelle Roadmap; Z01-Bericht und Status gesondert aktualisieren.
Docs/archive/assets/2026-10-06_netcore-ui-redesign/034-audio-zentrale-medienbibliothek-und-aussendung.png,main_only,Dokumentation,Aktuellen Stand erhalten,Historische Phase ersetzt keine aktuelle Roadmap; Z01-Bericht und Status gesondert aktualisieren.
Docs/archive/assets/2026-10-06_netcore-ui-redesign/035-netcore-tetra-konfiguration-mit-toml-editor.png,main_only,Dokumentation,Aktuellen Stand erhalten,Historische Phase ersetzt keine aktuelle Roadmap; Z01-Bericht und Status gesondert aktualisieren.
Docs/archive/assets/2026-10-06_netcore-ui-redesign/036-telegram-bot-fur-netcore-tetra-konfigurieren.png,main_only,Dokumentation,Aktuellen Stand erhalten,Historische Phase ersetzt keine aktuelle Roadmap; Z01-Bericht und Status gesondert aktualisieren.
Docs/archive/assets/2026-10-06_netcore-ui-redesign/037-asterisk-sip-anbindung-fur-netcore-tetra.png,main_only,Dokumentation,Aktuellen Stand erhalten,Historische Phase ersetzt keine aktuelle Roadmap; Z01-Bericht und Status gesondert aktualisieren.
Docs/archive/assets/2026-10-06_netcore-ui-redesign/038-wlan-netzwerke-verwalten.png,main_only,Dokumentation,Aktuellen Stand erhalten,Historische Phase ersetzt keine aktuelle Roadmap; Z01-Bericht und Status gesondert aktualisieren.
Docs/archive/assets/2026-10-06_netcore-ui-redesign/039-basisstation-im-systemuberblick.png,main_only,Dokumentation,Aktuellen Stand erhalten,Historische Phase ersetzt keine aktuelle Roadmap; Z01-Bericht und Status gesondert aktualisieren.
Docs/archive/assets/2026-10-06_netcore-ui-redesign/040-nachbarzellen-ubersicht-im-netcore-tetra-design.png,main_only,Dokumentation,Aktuellen Stand erhalten,Historische Phase ersetzt keine aktuelle Roadmap; Z01-Bericht und Status gesondert aktualisieren.
Docs/archive/assets/2026-10-06_netcore-ui-redesign/041-netcore-hilfe-in-vorbereitung.png,main_only,Dokumentation,Aktuellen Stand erhalten,Historische Phase ersetzt keine aktuelle Roadmap; Z01-Bericht und Status gesondert aktualisieren.
Docs/archive/assets/2026-10-06_netcore-ui-redesign/042-zentrale-dienste-mit-lokalem-fallback.png,main_only,Dokumentation,Aktuellen Stand erhalten,Historische Phase ersetzt keine aktuelle Roadmap; Z01-Bericht und Status gesondert aktualisieren.
Docs/archive/assets/2026-10-06_netcore-ui-redesign/043-echolink-integration-fur-netcore-tetra.png,main_only,Dokumentation,Aktuellen Stand erhalten,Historische Phase ersetzt keine aktuelle Roadmap; Z01-Bericht und Status gesondert aktualisieren.
Docs/archive/assets/2026-10-06_netcore-ui-redesign/044-dapnet-pager-nachrichten-und-integrationen.png,main_only,Dokumentation,Aktuellen Stand erhalten,Historische Phase ersetzt keine aktuelle Roadmap; Z01-Bericht und Status gesondert aktualisieren.
Docs/archive/assets/2026-10-06_netcore-ui-redesign/045-korrigierte-lokale-ersatzangaben-im-netcore-uberblick.png,main_only,Dokumentation,Aktuellen Stand erhalten,Historische Phase ersetzt keine aktuelle Roadmap; Z01-Bericht und Status gesondert aktualisieren.
Docs/archive/assets/2026-10-06_netcore-ui-redesign/046-meshcom-nachrichten-und-knoten.png,main_only,Dokumentation,Aktuellen Stand erhalten,Historische Phase ersetzt keine aktuelle Roadmap; Z01-Bericht und Status gesondert aktualisieren.
Docs/archive/assets/2026-10-06_netcore-ui-redesign/047-korrigierte-offentliche-netzwerkubersicht.png,main_only,Dokumentation,Aktuellen Stand erhalten,Historische Phase ersetzt keine aktuelle Roadmap; Z01-Bericht und Status gesondert aktualisieren.
Docs/archive/assets/2026-10-06_netcore-ui-redesign/048-audio-zentrale-mit-korrigierter-dateiansicht.png,main_only,Dokumentation,Aktuellen Stand erhalten,Historische Phase ersetzt keine aktuelle Roadmap; Z01-Bericht und Status gesondert aktualisieren.
Docs/archive/assets/2026-10-06_netcore-ui-redesign/049-geoalarm-positionsalarme-verwalten.png,main_only,Dokumentation,Aktuellen Stand erhalten,Historische Phase ersetzt keine aktuelle Roadmap; Z01-Bericht und Status gesondert aktualisieren.
Docs/archive/assets/2026-10-06_netcore-ui-redesign/050-meshcom-vorschau-mit-rf-snom-und-telegram-einstellungen.png,main_only,Dokumentation,Aktuellen Stand erhalten,Historische Phase ersetzt keine aktuelle Roadmap; Z01-Bericht und Status gesondert aktualisieren.
Docs/archive/assets/2026-10-06_netcore-ui-redesign/051-korrigiertes-detailpanel-mit-gruppenliste.png,main_only,Dokumentation,Aktuellen Stand erhalten,Historische Phase ersetzt keine aktuelle Roadmap; Z01-Bericht und Status gesondert aktualisieren.
Docs/archive/assets/2026-10-06_netcore-ui-redesign/052-rufseite-mit-korrigierter-navigation.png,main_only,Dokumentation,Aktuellen Stand erhalten,Historische Phase ersetzt keine aktuelle Roadmap; Z01-Bericht und Status gesondert aktualisieren.
Docs/archive/assets/2026-10-06_netcore-ui-redesign/053-aufgeraumte-netcore-anmeldeseite.png,main_only,Dokumentation,Aktuellen Stand erhalten,Historische Phase ersetzt keine aktuelle Roadmap; Z01-Bericht und Status gesondert aktualisieren.
Docs/archive/assets/2026-10-06_netcore-ui-redesign/054-aktivitatsseite-mit-ausgewahltem-zuletzt-gehort.png,main_only,Dokumentation,Aktuellen Stand erhalten,Historische Phase ersetzt keine aktuelle Roadmap; Z01-Bericht und Status gesondert aktualisieren.
Docs/archive/assets/2026-10-06_netcore-ui-redesign/055-systemubersicht-mit-hervorgehobenem-log-menu.png,main_only,Dokumentation,Aktuellen Stand erhalten,Historische Phase ersetzt keine aktuelle Roadmap; Z01-Bericht und Status gesondert aktualisieren.
Docs/archive/assets/2026-10-06_netcore-ui-redesign/056-aufzeichnungstabelle-mit-archivubersicht.png,main_only,Dokumentation,Aktuellen Stand erhalten,Historische Phase ersetzt keine aktuelle Roadmap; Z01-Bericht und Status gesondert aktualisieren.
Docs/archive/assets/2026-10-06_netcore-ui-redesign/057-node-gateway-basisstationen-verbinden.png,main_only,Dokumentation,Aktuellen Stand erhalten,Historische Phase ersetzt keine aktuelle Roadmap; Z01-Bericht und Status gesondert aktualisieren.
Docs/archive/assets/2026-10-06_netcore-ui-redesign/058-subscriber-core-teilnehmer-verwalten.png,main_only,Dokumentation,Aktuellen Stand erhalten,Historische Phase ersetzt keine aktuelle Roadmap; Z01-Bericht und Status gesondert aktualisieren.
Docs/archive/assets/2026-10-06_netcore-ui-redesign/059-gruppenverwaltung-im-netcore-tetra.png,main_only,Dokumentation,Aktuellen Stand erhalten,Historische Phase ersetzt keine aktuelle Roadmap; Z01-Bericht und Status gesondert aktualisieren.
Docs/archive/assets/2026-10-06_netcore-ui-redesign/060-mobility-core-teilnehmer-und-transfers.png,main_only,Dokumentation,Aktuellen Stand erhalten,Historische Phase ersetzt keine aktuelle Roadmap; Z01-Bericht und Status gesondert aktualisieren.
Docs/archive/assets/2026-10-06_netcore-ui-redesign/061-netcore-tetra-rufsteuerung-im-testmodus.png,main_only,Dokumentation,Aktuellen Stand erhalten,Historische Phase ersetzt keine aktuelle Roadmap; Z01-Bericht und Status gesondert aktualisieren.
Docs/archive/assets/2026-10-06_netcore-ui-redesign/062-medienvermittlung-media-switch.png,main_only,Dokumentation,Aktuellen Stand erhalten,Historische Phase ersetzt keine aktuelle Roadmap; Z01-Bericht und Status gesondert aktualisieren.
Docs/archive/assets/2026-10-06_netcore-ui-redesign/063-sds-router-nachrichten-und-routingzentrale.png,main_only,Dokumentation,Aktuellen Stand erhalten,Historische Phase ersetzt keine aktuelle Roadmap; Z01-Bericht und Status gesondert aktualisieren.
Docs/archive/assets/2026-10-06_netcore-ui-redesign/064-ip-gateway-im-shadow-modus.png,main_only,Dokumentation,Aktuellen Stand erhalten,Historische Phase ersetzt keine aktuelle Roadmap; Z01-Bericht und Status gesondert aktualisieren.
Docs/archive/assets/2026-10-06_netcore-ui-redesign/065-paketdatenkern-im-shadow-testmodus.png,main_only,Dokumentation,Aktuellen Stand erhalten,Historische Phase ersetzt keine aktuelle Roadmap; Z01-Bericht und Status gesondert aktualisieren.
Docs/archive/assets/2026-10-06_netcore-ui-redesign/066-security-core-profile-und-authentisierung.png,main_only,Dokumentation,Aktuellen Stand erhalten,Historische Phase ersetzt keine aktuelle Roadmap; Z01-Bericht und Status gesondert aktualisieren.
Docs/archive/assets/2026-10-06_netcore-ui-redesign/067-application-gateway-mit-connectoren.png,main_only,Dokumentation,Aktuellen Stand erhalten,Historische Phase ersetzt keine aktuelle Roadmap; Z01-Bericht und Status gesondert aktualisieren.
Docs/archive/assets/2026-10-06_netcore-ui-redesign/068-netcore-transit-regionen-peers.png,main_only,Dokumentation,Aktuellen Stand erhalten,Historische Phase ersetzt keine aktuelle Roadmap; Z01-Bericht und Status gesondert aktualisieren.
Docs/archive/assets/2026-10-06_netcore-ui-redesign/069-schlusselverwaltung-im-netcore-tetra-open-lab.png,main_only,Dokumentation,Aktuellen Stand erhalten,Historische Phase ersetzt keine aktuelle Roadmap; Z01-Bericht und Status gesondert aktualisieren.
Docs/archive/assets/2026-10-06_netcore-ui-redesign/070-netcore-tetra-medienbibliothek.png,main_only,Dokumentation,Aktuellen Stand erhalten,Historische Phase ersetzt keine aktuelle Roadmap; Z01-Bericht und Status gesondert aktualisieren.
Docs/archive/assets/2026-10-06_netcore-ui-redesign/071-netcore-tetra-observability-ubersicht.png,main_only,Dokumentation,Aktuellen Stand erhalten,Historische Phase ersetzt keine aktuelle Roadmap; Z01-Bericht und Status gesondert aktualisieren.
Docs/archive/assets/2026-10-06_netcore-ui-redesign/072-provisioning-core-mitgliedschaftsmatrix.png,main_only,Dokumentation,Aktuellen Stand erhalten,Historische Phase ersetzt keine aktuelle Roadmap; Z01-Bericht und Status gesondert aktualisieren.
Docs/archive/assets/2026-10-06_netcore-ui-redesign/073-recorder-archiv-fur-netcore-tetra.png,main_only,Dokumentation,Aktuellen Stand erhalten,Historische Phase ersetzt keine aktuelle Roadmap; Z01-Bericht und Status gesondert aktualisieren.
Docs/archive/assets/2026-10-06_netcore-ui-redesign/074-iot-gateway-mit-open-lab-dashboard.png,main_only,Dokumentation,Aktuellen Stand erhalten,Historische Phase ersetzt keine aktuelle Roadmap; Z01-Bericht und Status gesondert aktualisieren.
Docs/archive/assets/2026-10-06_netcore-ui-redesign/075-media-library-tts-piper.png,main_only,Dokumentation,Aktuellen Stand erhalten,Historische Phase ersetzt keine aktuelle Roadmap; Z01-Bericht und Status gesondert aktualisieren.
Docs/archive/assets/2026-10-06_netcore-ui-redesign/076-netcore-tetra-leitstelle-mit-lagebild.png,main_only,Dokumentation,Aktuellen Stand erhalten,Historische Phase ersetzt keine aktuelle Roadmap; Z01-Bericht und Status gesondert aktualisieren.
Docs/archive/assets/2026-10-06_netcore-ui-redesign/077-warnzentrale-warngebiete-im-blick.png,main_only,Dokumentation,Aktuellen Stand erhalten,Historische Phase ersetzt keine aktuelle Roadmap; Z01-Bericht und Status gesondert aktualisieren.
Docs/archive/assets/2026-10-06_netcore-ui-redesign/078-alarmboard-mit-ausgewahltem-kritischem-alarm.png,main_only,Dokumentation,Aktuellen Stand erhalten,Historische Phase ersetzt keine aktuelle Roadmap; Z01-Bericht und Status gesondert aktualisieren.
Docs/archive/assets/2026-10-06_netcore-ui-redesign/079-netcore-tetra-task-workflow-mit-auftragsdetails.png,main_only,Dokumentation,Aktuellen Stand erhalten,Historische Phase ersetzt keine aktuelle Roadmap; Z01-Bericht und Status gesondert aktualisieren.
Docs/archive/assets/2026-10-06_netcore-ui-redesign/080-warnzentrale-zugriffsschlussel-eingeben.png,main_only,Dokumentation,Aktuellen Stand erhalten,Historische Phase ersetzt keine aktuelle Roadmap; Z01-Bericht und Status gesondert aktualisieren.
Docs/archive/assets/2026-10-06_netcore-ui-redesign/081-eigene-gebiets-warnung-erstellen.png,main_only,Dokumentation,Aktuellen Stand erhalten,Historische Phase ersetzt keine aktuelle Roadmap; Z01-Bericht und Status gesondert aktualisieren.
Docs/archive/assets/2026-10-06_netcore-ui-redesign/082-netcore-tetra-asset-bestand-im-uberblick.png,main_only,Dokumentation,Aktuellen Stand erhalten,Historische Phase ersetzt keine aktuelle Roadmap; Z01-Bericht und Status gesondert aktualisieren.
Docs/archive/assets/2026-10-06_netcore-ui-redesign/083-netcore-tetra-gerateverzeichnis.png,main_only,Dokumentation,Aktuellen Stand erhalten,Historische Phase ersetzt keine aktuelle Roadmap; Z01-Bericht und Status gesondert aktualisieren.
Docs/archive/assets/2026-10-06_netcore-ui-redesign/084-sip-vermittlung-im-open-lab.png,main_only,Dokumentation,Aktuellen Stand erhalten,Historische Phase ersetzt keine aktuelle Roadmap; Z01-Bericht und Status gesondert aktualisieren.
Docs/archive/assets/2026-10-06_netcore-ui-redesign/085-tbs-verbindungen-live-im-uberblick.png,main_only,Dokumentation,Aktuellen Stand erhalten,Historische Phase ersetzt keine aktuelle Roadmap; Z01-Bericht und Status gesondert aktualisieren.
Docs/archive/assets/2026-10-06_netcore-ui-redesign/086-brew-netzuberblick-mit-live-rufen.png,main_only,Dokumentation,Aktuellen Stand erhalten,Historische Phase ersetzt keine aktuelle Roadmap; Z01-Bericht und Status gesondert aktualisieren.
Docs/archive/assets/2026-10-06_netcore-ui-redesign/087-hardware-gateway-rack-und-umgebungsuberwachung.png,main_only,Dokumentation,Aktuellen Stand erhalten,Historische Phase ersetzt keine aktuelle Roadmap; Z01-Bericht und Status gesondert aktualisieren.
Docs/archive/assets/2026-10-06_netcore-ui-redesign/088-tbs-connect-anmeldung-fur-brew-verbindungen.png,main_only,Dokumentation,Aktuellen Stand erhalten,Historische Phase ersetzt keine aktuelle Roadmap; Z01-Bericht und Status gesondert aktualisieren.
Docs/archive/assets/2026-10-06_netcore-ui-redesign/089-zentrale-hf-uberwachung-mit-spektrum-und-telemetrie.png,main_only,Dokumentation,Aktuellen Stand erhalten,Historische Phase ersetzt keine aktuelle Roadmap; Z01-Bericht und Status gesondert aktualisieren.
Docs/archive/assets/2026-10-06_netcore-ui-redesign/090-zentrale-teilnehmerverwaltung-und-tbs-synchronisierung.png,main_only,Dokumentation,Aktuellen Stand erhalten,Historische Phase ersetzt keine aktuelle Roadmap; Z01-Bericht und Status gesondert aktualisieren.
Docs/archive/assets/2026-10-06_netcore-ui-redesign/091-netcore-dashboard-mit-mediaframes.png,main_only,Dokumentation,Aktuellen Stand erhalten,Historische Phase ersetzt keine aktuelle Roadmap; Z01-Bericht und Status gesondert aktualisieren.
Docs/archive/assets/2026-10-06_netcore-ui-redesign/092-netcore-leitstellenansicht-mit-korrigierter-warteschlange.png,main_only,Dokumentation,Aktuellen Stand erhalten,Historische Phase ersetzt keine aktuelle Roadmap; Z01-Bericht und Status gesondert aktualisieren.
Docs/archive/assets/2026-10-06_netcore-ui-redesign/093-netcore-dashboard-mit-teilnehmern-und-ereignisprotokoll.png,main_only,Dokumentation,Aktuellen Stand erhalten,Historische Phase ersetzt keine aktuelle Roadmap; Z01-Bericht und Status gesondert aktualisieren.
Docs/archive/assets/2026-10-06_netcore-ui-redesign/094-netcore-streamubersicht-mit-aktivieren-schaltflache.png,main_only,Dokumentation,Aktuellen Stand erhalten,Historische Phase ersetzt keine aktuelle Roadmap; Z01-Bericht und Status gesondert aktualisieren.
Docs/archive/assets/2026-10-06_netcore-ui-redesign/095-netcore-gruppeneditor-mit-korrigierten-mitgliedschaften.png,main_only,Dokumentation,Aktuellen Stand erhalten,Historische Phase ersetzt keine aktuelle Roadmap; Z01-Bericht und Status gesondert aktualisieren.
Docs/archive/assets/2026-10-06_netcore-ui-redesign/096-netcore-statusdialog-mit-korrigierten-eingabefeldern.png,main_only,Dokumentation,Aktuellen Stand erhalten,Historische Phase ersetzt keine aktuelle Roadmap; Z01-Bericht und Status gesondert aktualisieren.
Docs/archive/assets/2026-10-06_netcore-ui-redesign/097-netcore-shadow-modus-mit-ausstehenden-aktionen.png,main_only,Dokumentation,Aktuellen Stand erhalten,Historische Phase ersetzt keine aktuelle Roadmap; Z01-Bericht und Status gesondert aktualisieren.
Docs/archive/assets/2026-10-06_netcore-ui-redesign/098-kmf-designvorschau-mit-32-bytes.png,main_only,Dokumentation,Aktuellen Stand erhalten,Historische Phase ersetzt keine aktuelle Roadmap; Z01-Bericht und Status gesondert aktualisieren.
Docs/archive/assets/2026-10-06_netcore-ui-redesign/099-security-core-authentisierung-und-sicherheitsprofile.png,main_only,Dokumentation,Aktuellen Stand erhalten,Historische Phase ersetzt keine aktuelle Roadmap; Z01-Bericht und Status gesondert aktualisieren.
Docs/archive/assets/2026-10-06_netcore-ui-redesign/100-application-gateway-endpunkte-und-routing-korrigiert.png,main_only,Dokumentation,Aktuellen Stand erhalten,Historische Phase ersetzt keine aktuelle Roadmap; Z01-Bericht und Status gesondert aktualisieren.
Docs/archive/assets/2026-10-06_netcore-ui-redesign/101-provisioning-core-designvorschau-mit-rssi-dbfs-und-mitgliedsmatrix.png,main_only,Dokumentation,Aktuellen Stand erhalten,Historische Phase ersetzt keine aktuelle Roadmap; Z01-Bericht und Status gesondert aktualisieren.
Docs/archive/assets/2026-10-06_netcore-ui-redesign/102-medienbibliothek-mit-basisstation-playout.png,main_only,Dokumentation,Aktuellen Stand erhalten,Historische Phase ersetzt keine aktuelle Roadmap; Z01-Bericht und Status gesondert aktualisieren.
Docs/archive/assets/2026-10-06_netcore-ui-redesign/103-tetra-recorder-archiv-mit-legal-hold.png,main_only,Dokumentation,Aktuellen Stand erhalten,Historische Phase ersetzt keine aktuelle Roadmap; Z01-Bericht und Status gesondert aktualisieren.
Docs/archive/assets/2026-10-06_netcore-ui-redesign/104-netcore-observability-dashboard-mit-monitoring-status.png,main_only,Dokumentation,Aktuellen Stand erhalten,Historische Phase ersetzt keine aktuelle Roadmap; Z01-Bericht und Status gesondert aktualisieren.
Docs/archive/assets/2026-10-06_netcore-ui-redesign/105-netcore-iot-gateway-dashboard-mit-richtlinien.png,main_only,Dokumentation,Aktuellen Stand erhalten,Historische Phase ersetzt keine aktuelle Roadmap; Z01-Bericht und Status gesondert aktualisieren.
Docs/archive/assets/2026-10-06_netcore-ui-redesign/106-tts-medienvorschau-in-der-media-library.png,main_only,Dokumentation,Aktuellen Stand erhalten,Historische Phase ersetzt keine aktuelle Roadmap; Z01-Bericht und Status gesondert aktualisieren.
Docs/archive/assets/2026-10-06_netcore-ui-redesign/107-netcore-warnzentrale-mit-gerate-und-kartenstatus.png,main_only,Dokumentation,Aktuellen Stand erhalten,Historische Phase ersetzt keine aktuelle Roadmap; Z01-Bericht und Status gesondert aktualisieren.
Docs/archive/assets/2026-10-06_netcore-ui-redesign/108-netcore-betriebsubersicht-mit-dienst-und-storungsstatus.png,main_only,Dokumentation,Aktuellen Stand erhalten,Historische Phase ersetzt keine aktuelle Roadmap; Z01-Bericht und Status gesondert aktualisieren.
Docs/archive/assets/2026-10-06_netcore-ui-redesign/109-iot-gateway-mit-befehlen-und-richtlinien.png,main_only,Dokumentation,Aktuellen Stand erhalten,Historische Phase ersetzt keine aktuelle Roadmap; Z01-Bericht und Status gesondert aktualisieren.
Docs/archive/assets/2026-10-06_netcore-ui-redesign/110-media-library-zentrale-tts-erzeugung.png,main_only,Dokumentation,Aktuellen Stand erhalten,Historische Phase ersetzt keine aktuelle Roadmap; Z01-Bericht und Status gesondert aktualisieren.
Docs/archive/assets/2026-10-06_netcore-ui-redesign/111-netcore-tetra-status-und-einsatzubersicht.png,main_only,Dokumentation,Aktuellen Stand erhalten,Historische Phase ersetzt keine aktuelle Roadmap; Z01-Bericht und Status gesondert aktualisieren.
Docs/archive/assets/2026-10-06_netcore-ui-redesign/112-netcore-warnzentrale-mit-gerate-und-warnstatus.png,main_only,Dokumentation,Aktuellen Stand erhalten,Historische Phase ersetzt keine aktuelle Roadmap; Z01-Bericht und Status gesondert aktualisieren.
Docs/archive/assets/2026-10-06_netcore-ui-redesign/113-netcore-taskboard-mit-eingereihten-sds-auftragen.png,main_only,Dokumentation,Aktuellen Stand erhalten,Historische Phase ersetzt keine aktuelle Roadmap; Z01-Bericht und Status gesondert aktualisieren.
Docs/archive/assets/2026-10-06_netcore-ui-redesign/114-netcore-alarmdashboard-mit-countdowns.png,main_only,Dokumentation,Aktuellen Stand erhalten,Historische Phase ersetzt keine aktuelle Roadmap; Z01-Bericht und Status gesondert aktualisieren.
Docs/archive/assets/2026-10-06_netcore-ui-redesign/115-netcore-warnzentrale-ohne-open-lab-hinweis.png,main_only,Dokumentation,Aktuellen Stand erhalten,Historische Phase ersetzt keine aktuelle Roadmap; Z01-Bericht und Status gesondert aktualisieren.
Docs/archive/assets/2026-10-06_netcore-ui-redesign/116-netcore-warnzentrale-mit-schematischer-kartenvorschau.png,main_only,Dokumentation,Aktuellen Stand erhalten,Historische Phase ersetzt keine aktuelle Roadmap; Z01-Bericht und Status gesondert aktualisieren.
Docs/archive/assets/2026-10-06_netcore-ui-redesign/117-asset-management-dashboard-mit-systemstatus.png,main_only,Dokumentation,Aktuellen Stand erhalten,Historische Phase ersetzt keine aktuelle Roadmap; Z01-Bericht und Status gesondert aktualisieren.
Docs/archive/assets/2026-10-06_netcore-ui-redesign/118-netcore-directory-mit-uberarbeiteten-infotexten.png,main_only,Dokumentation,Aktuellen Stand erhalten,Historische Phase ersetzt keine aktuelle Roadmap; Z01-Bericht und Status gesondert aktualisieren.
Docs/archive/assets/2026-10-06_netcore-ui-redesign/README.md,main_only,Dokumentation,Aktuellen Stand erhalten,Historische Phase ersetzt keine aktuelle Roadmap; Z01-Bericht und Status gesondert aktualisieren.
Docs/archive/assets/2026-10-06_netcore-ui-redesign/image-manifest.json,main_only,Dokumentation,Aktuellen Stand erhalten,Historische Phase ersetzt keine aktuelle Roadmap; Z01-Bericht und Status gesondert aktualisieren.
Docs/archive/assets/2026-10-06_rereg-sip-freepbx-cli/01-sip-switch-dashboard.png,main_only,Dokumentation,Aktuellen Stand erhalten,Historische Phase ersetzt keine aktuelle Roadmap; Z01-Bericht und Status gesondert aktualisieren.
Docs/archive/assets/2026-10-06_rereg-sip-freepbx-cli/02-tbs-sip-integration.png,main_only,Dokumentation,Aktuellen Stand erhalten,Historische Phase ersetzt keine aktuelle Roadmap; Z01-Bericht und Status gesondert aktualisieren.
Docs/archive/assets/2026-10-06_rereg-sip-freepbx-cli/03-tbs-node-gateway-fallback.png,main_only,Dokumentation,Aktuellen Stand erhalten,Historische Phase ersetzt keine aktuelle Roadmap; Z01-Bericht und Status gesondert aktualisieren.
Docs/archive/assets/2026-10-06_rereg-sip-freepbx-cli/04-sepura-pabx-crop.png,main_only,Dokumentation,Aktuellen Stand erhalten,Historische Phase ersetzt keine aktuelle Roadmap; Z01-Bericht und Status gesondert aktualisieren.
Docs/archive/assets/2026-10-06_rereg-sip-freepbx-cli/05-sepura-pabx-readable.png,main_only,Dokumentation,Aktuellen Stand erhalten,Historische Phase ersetzt keine aktuelle Roadmap; Z01-Bericht und Status gesondert aktualisieren.
Docs/archive/assets/2026-10-06_rereg-sip-freepbx-cli/06-sepura-dial-modes.png,main_only,Dokumentation,Aktuellen Stand erhalten,Historische Phase ersetzt keine aktuelle Roadmap; Z01-Bericht und Status gesondert aktualisieren.
Docs/archive/assets/2026-10-06_rereg-sip-freepbx-cli/image-manifest.json,main_only,Dokumentation,Aktuellen Stand erhalten,Historische Phase ersetzt keine aktuelle Roadmap; Z01-Bericht und Status gesondert aktualisieren.
Docs/archive/assets/2026-10-06_rereg-sip-freepbx-cli/pdf-inventory.json,main_only,Dokumentation,Aktuellen Stand erhalten,Historische Phase ersetzt keine aktuelle Roadmap; Z01-Bericht und Status gesondert aktualisieren.
Docs/archive/assets/2026-10-06_rereg-sip-freepbx-cli/protocol-audit.md,main_only,Dokumentation,Aktuellen Stand erhalten,Historische Phase ersetzt keine aktuelle Roadmap; Z01-Bericht und Status gesondert aktualisieren.
Docs/archive/assets/2026-10-06_roadmap-ui-rbac-cmce-restore/netcore-restore-roadmap-1790992809677.jpg,main_only,Dokumentation,Aktuellen Stand erhalten,Historische Phase ersetzt keine aktuelle Roadmap; Z01-Bericht und Status gesondert aktualisieren.
Docs/archive/assets/2026-10-06_roadmap-ui-rbac-cmce-restore/netcore-roadmap-published-1790992401156.jpg,main_only,Dokumentation,Aktuellen Stand erhalten,Historische Phase ersetzt keine aktuelle Roadmap; Z01-Bericht und Status gesondert aktualisieren.
Docs/archive/assets/2026-10-06_tbs-container-updates-katwarn-release/home-assistant-bookmark-favicon.png,main_only,Dokumentation,Aktuellen Stand erhalten,Historische Phase ersetzt keine aktuelle Roadmap; Z01-Bericht und Status gesondert aktualisieren.
Docs/archive/assets/2026-10-06_tbs-container-updates-katwarn-release/warn-ui-lokaler-loeschtest-2026-09-27.jpg,main_only,Dokumentation,Aktuellen Stand erhalten,Historische Phase ersetzt keine aktuelle Roadmap; Z01-Bericht und Status gesondert aktualisieren.
Docs/generated/full-system-integration-audit.md,identical,I1,Aktuellen Vertrag ergänzen,"Identischer Quellinhalt; nur begründete Z01-Drift-/Vertragskorrektur, wenn im aktuellen Änderungsumfang."
README.md,different,Dokumentation,Aktuellen Stand erhalten,Historische Phase ersetzt keine aktuelle Roadmap; Z01-Bericht und Status gesondert aktualisieren.
ROADMAP.md,main_only,Erhalten,main erhalten,Aktuelle UI/Renderer/Theme- und Fachänderungen behalten; Discovery über gemeinsamen aktuellen Renderer statt historischer HTML-Rückkopie.
bins/netcore-control-room/src/http.rs,different,Erhalten,main erhalten,Aktuelle UI/Renderer/Theme- und Fachänderungen behalten; Discovery über gemeinsamen aktuellen Renderer statt historischer HTML-Rückkopie.
bins/netcore-control-room/src/webui.rs,different,Erhalten,main erhalten,Aktuelle UI/Renderer/Theme- und Fachänderungen behalten; Discovery über gemeinsamen aktuellen Renderer statt historischer HTML-Rückkopie.
config.toml,identical,I1,Aktuellen Vertrag ergänzen,"Identischer Quellinhalt; nur begründete Z01-Drift-/Vertragskorrektur, wenn im aktuellen Änderungsumfang."
crates/tetra-entities/src/net_dashboard/html.rs,different,U1,main erhalten,Historischer Stand würde Assets/Session/Public/Neighbors und Sicherheitsprüfungen zurücksetzen; Discovery nur im aktuellen UI.
crates/tetra-entities/src/net_dashboard/server.rs,different,U1,main erhalten,Historischer Stand würde Assets/Session/Public/Neighbors und Sicherheitsprüfungen zurücksetzen; Discovery nur im aktuellen UI.
crates/tetra-entities/src/net_dashboard/ui/dashboard.html,main_only,Erhalten,main erhalten,Aktuelle UI/Renderer/Theme- und Fachänderungen behalten; Discovery über gemeinsamen aktuellen Renderer statt historischer HTML-Rückkopie.
crates/tetra-entities/src/net_dashboard/ui/login.html,main_only,Erhalten,main erhalten,Aktuelle UI/Renderer/Theme- und Fachänderungen behalten; Discovery über gemeinsamen aktuellen Renderer statt historischer HTML-Rückkopie.
crates/tetra-entities/src/net_dashboard/ui/netcore-login.js,main_only,Erhalten,main erhalten,Aktuelle UI/Renderer/Theme- und Fachänderungen behalten; Discovery über gemeinsamen aktuellen Renderer statt historischer HTML-Rückkopie.
crates/tetra-entities/src/net_dashboard/ui/netcore-logo.png,main_only,Erhalten,main erhalten,Aktuelle UI/Renderer/Theme- und Fachänderungen behalten; Discovery über gemeinsamen aktuellen Renderer statt historischer HTML-Rückkopie.
crates/tetra-entities/src/net_dashboard/ui/netcore-rf.css,main_only,Erhalten,main erhalten,Aktuelle UI/Renderer/Theme- und Fachänderungen behalten; Discovery über gemeinsamen aktuellen Renderer statt historischer HTML-Rückkopie.
crates/tetra-entities/src/net_dashboard/ui/netcore-rf.js,main_only,Erhalten,main erhalten,Aktuelle UI/Renderer/Theme- und Fachänderungen behalten; Discovery über gemeinsamen aktuellen Renderer statt historischer HTML-Rückkopie.
crates/tetra-entities/src/net_dashboard/ui/netcore.css,main_only,U1,main erhalten; moderne Ergänzung,Aktuelle UI/Renderer/Theme- und Fachänderungen behalten; Discovery über gemeinsamen aktuellen Renderer statt historischer HTML-Rückkopie.
crates/tetra-entities/src/net_dashboard/ui/netcore.js,main_only,U1,main erhalten; moderne Ergänzung,Aktuelle UI/Renderer/Theme- und Fachänderungen behalten; Discovery über gemeinsamen aktuellen Renderer statt historischer HTML-Rückkopie.
deploy/open-lab/README.md,identical,I1,Aktuellen Vertrag ergänzen,"Identischer Quellinhalt; nur begründete Z01-Drift-/Vertragskorrektur, wenn im aktuellen Änderungsumfang."
deploy/open-lab/__pycache__/netcore-deploy.cpython-313.pyc,identical,I1,Entfernen,"Eingecheckter Interpretercache; Quellen bleiben, .gitignore verhindert Wiederaufnahme."
deploy/open-lab/__pycache__/netcore-e2e.cpython-313.pyc,identical,I1,Entfernen,"Eingecheckter Interpretercache; Quellen bleiben, .gitignore verhindert Wiederaufnahme."
deploy/open-lab/generated/configs/control-room/control-room.toml,identical,I1,Aktuellen Vertrag ergänzen,"Identischer Quellinhalt; nur begründete Z01-Drift-/Vertragskorrektur, wenn im aktuellen Änderungsumfang."
deploy/open-lab/generated/configs/node-gateway/node-gateway.toml,identical,I1,Aktuellen Vertrag ergänzen,"Identischer Quellinhalt; nur begründete Z01-Drift-/Vertragskorrektur, wenn im aktuellen Änderungsumfang."
deploy/open-lab/generated/configs/observability/observability.toml,identical,I1,Aktuellen Vertrag ergänzen,"Identischer Quellinhalt; nur begründete Z01-Drift-/Vertragskorrektur, wenn im aktuellen Änderungsumfang."
deploy/open-lab/generated/configs/sip-switch/sip-switch.toml,identical,I1,Aktuellen Vertrag ergänzen,"Identischer Quellinhalt; nur begründete Z01-Drift-/Vertragskorrektur, wenn im aktuellen Änderungsumfang."
deploy/open-lab/generated/dependency-graph.dot,identical,I1,Aktuellen Vertrag ergänzen,"Identischer Quellinhalt; nur begründete Z01-Drift-/Vertragskorrektur, wenn im aktuellen Änderungsumfang."
deploy/open-lab/generated/hosts.example,identical,I1,Aktuellen Vertrag ergänzen,"Identischer Quellinhalt; nur begründete Z01-Drift-/Vertragskorrektur, wenn im aktuellen Änderungsumfang."
deploy/open-lab/generated/ports.csv,identical,I1,Aktuellen Vertrag ergänzen,"Identischer Quellinhalt; nur begründete Z01-Drift-/Vertragskorrektur, wenn im aktuellen Änderungsumfang."
deploy/open-lab/generated/service-catalog.json,identical,I1,Aktuellen Vertrag ergänzen,"Identischer Quellinhalt; nur begründete Z01-Drift-/Vertragskorrektur, wenn im aktuellen Änderungsumfang."
deploy/open-lab/inventory.example.toml,different,I1,Gezielte Übernahme/Anpassung,Siehe Paket-/Konflikttabelle im README; historische Komplettdatei nicht pauschal übernehmen.
deploy/open-lab/netcore-deploy.py,identical,I1,Aktuellen Vertrag ergänzen,"Identischer Quellinhalt; nur begründete Z01-Drift-/Vertragskorrektur, wenn im aktuellen Änderungsumfang."
deploy/open-lab/netcore-e2e.py,identical,I1,Aktuellen Vertrag ergänzen,"Identischer Quellinhalt; nur begründete Z01-Drift-/Vertragskorrektur, wenn im aktuellen Änderungsumfang."
install/update-basisstation.sh,different,D1,Gezielte Übernahme/Anpassung,Siehe Paket-/Konflikttabelle im README; historische Komplettdatei nicht pauschal übernehmen.
misc/ID-Server/__pycache__/netcore_directory_server.cpython-313.pyc,identical,I1,Entfernen,"Eingecheckter Interpretercache; Quellen bleiben, .gitignore verhindert Wiederaufnahme."
misc/ID-Server/netcore_directory_server.py,different,U1,main erhalten; moderne Ergänzung,Aktuelle UI/Renderer/Theme- und Fachänderungen behalten; Discovery über gemeinsamen aktuellen Renderer statt historischer HTML-Rückkopie.
misc/__pycache__/brew-server.cpython-313.pyc,identical,I1,Entfernen,"Eingecheckter Interpretercache; Quellen bleiben, .gitignore verhindert Wiederaufnahme."
misc/brew-server.py,different,U1,main erhalten; moderne Ergänzung,Aktuelle UI/Renderer/Theme- und Fachänderungen behalten; Discovery über gemeinsamen aktuellen Renderer statt historischer HTML-Rückkopie.
misc/brew-server/Cargo.toml,different,Erhalten,main erhalten,Aktuelle UI/Renderer/Theme- und Fachänderungen behalten; Discovery über gemeinsamen aktuellen Renderer statt historischer HTML-Rückkopie.
misc/brew-server/Dockerfile,different,Erhalten,main erhalten,Aktuelle UI/Renderer/Theme- und Fachänderungen behalten; Discovery über gemeinsamen aktuellen Renderer statt historischer HTML-Rückkopie.
misc/brew-server/src/dashboard.rs,different,Erhalten,main erhalten,Aktuelle UI/Renderer/Theme- und Fachänderungen behalten; Discovery über gemeinsamen aktuellen Renderer statt historischer HTML-Rückkopie.
misc/brew-server/web-ui/assets/netcore-logo.data-uri,main_only,Erhalten,main erhalten,Aktuelle UI/Renderer/Theme- und Fachänderungen behalten; Discovery über gemeinsamen aktuellen Renderer statt historischer HTML-Rückkopie.
misc/brew-server/web-ui/assets/service-design.css,main_only,U1,main erhalten; moderne Ergänzung,Aktuelle UI/Renderer/Theme- und Fachänderungen behalten; Discovery über gemeinsamen aktuellen Renderer statt historischer HTML-Rückkopie.
misc/brew-server/web-ui/assets/service-design.js,main_only,U1,main erhalten; moderne Ergänzung,Aktuelle UI/Renderer/Theme- und Fachänderungen behalten; Discovery über gemeinsamen aktuellen Renderer statt historischer HTML-Rückkopie.
misc/brew-server/web-ui/assets/service-theme-init.js,main_only,Erhalten,main erhalten,Aktuelle UI/Renderer/Theme- und Fachänderungen behalten; Discovery über gemeinsamen aktuellen Renderer statt historischer HTML-Rückkopie.
misc/brew-server/web-ui/service-design.rs,main_only,Erhalten,main erhalten,Aktuelle UI/Renderer/Theme- und Fachänderungen behalten; Discovery über gemeinsamen aktuellen Renderer statt historischer HTML-Rückkopie.
system-backend/alarm-workflow/src/netcore_alarm_workflow.py,different,U1,main erhalten; moderne Ergänzung,Aktuelle UI/Renderer/Theme- und Fachänderungen behalten; Discovery über gemeinsamen aktuellen Renderer statt historischer HTML-Rückkopie.
system-backend/alarm-workflow/web-ui/index.html,different,U1,main erhalten; moderne Ergänzung,Aktuelle UI/Renderer/Theme- und Fachänderungen behalten; Discovery über gemeinsamen aktuellen Renderer statt historischer HTML-Rückkopie.
system-backend/alert-service/main.py,identical,I1,Aktuellen Vertrag ergänzen,"Identischer Quellinhalt; nur begründete Z01-Drift-/Vertragskorrektur, wenn im aktuellen Änderungsumfang."
system-backend/alert-service/static/app.js,different,Erhalten,main erhalten,Aktuelle UI/Renderer/Theme- und Fachänderungen behalten; Discovery über gemeinsamen aktuellen Renderer statt historischer HTML-Rückkopie.
system-backend/alert-service/static/index.html,different,U1,main erhalten; moderne Ergänzung,Aktuelle UI/Renderer/Theme- und Fachänderungen behalten; Discovery über gemeinsamen aktuellen Renderer statt historischer HTML-Rückkopie.
system-backend/alert-service/static/service-design.js,main_only,U1,main erhalten; moderne Ergänzung,Aktuelle UI/Renderer/Theme- und Fachänderungen behalten; Discovery über gemeinsamen aktuellen Renderer statt historischer HTML-Rückkopie.
system-backend/alert-service/static/service-theme-init.js,main_only,Erhalten,main erhalten,Aktuelle UI/Renderer/Theme- und Fachänderungen behalten; Discovery über gemeinsamen aktuellen Renderer statt historischer HTML-Rückkopie.
system-backend/alert-service/static/style.css,different,Erhalten,main erhalten,Aktuelle UI/Renderer/Theme- und Fachänderungen behalten; Discovery über gemeinsamen aktuellen Renderer statt historischer HTML-Rückkopie.
system-backend/alert-service/tests/test_http.py,identical,I1,Aktuellen Vertrag ergänzen,"Identischer Quellinhalt; nur begründete Z01-Drift-/Vertragskorrektur, wenn im aktuellen Änderungsumfang."
system-backend/application-gateway/src/http.rs,different,Erhalten,main erhalten,Aktuelle UI/Renderer/Theme- und Fachänderungen behalten; Discovery über gemeinsamen aktuellen Renderer statt historischer HTML-Rückkopie.
system-backend/application-gateway/tests/__pycache__/application_gateway_reference.cpython-313.pyc,identical,I1,Entfernen,"Eingecheckter Interpretercache; Quellen bleiben, .gitignore verhindert Wiederaufnahme."
system-backend/application-gateway/web-ui/index.html,main_only,Erhalten,main erhalten,Aktuelle UI/Renderer/Theme- und Fachänderungen behalten; Discovery über gemeinsamen aktuellen Renderer statt historischer HTML-Rückkopie.
system-backend/asset-management/src/netcore_asset_management.py,different,U1,main erhalten; moderne Ergänzung,Aktuelle UI/Renderer/Theme- und Fachänderungen behalten; Discovery über gemeinsamen aktuellen Renderer statt historischer HTML-Rückkopie.
system-backend/asset-management/web-ui/index.html,main_only,Erhalten,main erhalten,Aktuelle UI/Renderer/Theme- und Fachänderungen behalten; Discovery über gemeinsamen aktuellen Renderer statt historischer HTML-Rückkopie.
system-backend/call-control/src/http.rs,different,Erhalten,main erhalten,Aktuelle UI/Renderer/Theme- und Fachänderungen behalten; Discovery über gemeinsamen aktuellen Renderer statt historischer HTML-Rückkopie.
system-backend/call-control/web-ui/index.html,main_only,Erhalten,main erhalten,Aktuelle UI/Renderer/Theme- und Fachänderungen behalten; Discovery über gemeinsamen aktuellen Renderer statt historischer HTML-Rückkopie.
system-backend/control-room/config/control-room.example.toml,identical,I1,Aktuellen Vertrag ergänzen,"Identischer Quellinhalt; nur begründete Z01-Drift-/Vertragskorrektur, wenn im aktuellen Änderungsumfang."
system-backend/control-room/tests/__pycache__/control_room_reference.cpython-313.pyc,identical,I1,Entfernen,"Eingecheckter Interpretercache; Quellen bleiben, .gitignore verhindert Wiederaufnahme."
system-backend/deployment-core/README.md,historical_only,D1/D2,Gezielt übernehmen,"Fehlender Controller/Agent/Image/VPN samt Tests; neue Defaults main, aktuelle Unit-/Configverträge und Ready-Gate prüfen."
system-backend/deployment-core/bindings.py,historical_only,D1/D2,Gezielt übernehmen,"Fehlender Controller/Agent/Image/VPN samt Tests; neue Defaults main, aktuelle Unit-/Configverträge und Ready-Gate prüfen."
system-backend/deployment-core/catalog.json,historical_only,D1/D2,Gezielt übernehmen,"Fehlender Controller/Agent/Image/VPN samt Tests; neue Defaults main, aktuelle Unit-/Configverträge und Ready-Gate prüfen."
system-backend/deployment-core/common.py,historical_only,D1/D2,Gezielt übernehmen,"Fehlender Controller/Agent/Image/VPN samt Tests; neue Defaults main, aktuelle Unit-/Configverträge und Ready-Gate prüfen."
system-backend/deployment-core/config/agent.example.toml,historical_only,D1/D2,Gezielt übernehmen,"Fehlender Controller/Agent/Image/VPN samt Tests; neue Defaults main, aktuelle Unit-/Configverträge und Ready-Gate prüfen."
system-backend/deployment-core/config/deployment.example.toml,historical_only,D1/D2,Gezielt übernehmen,"Fehlender Controller/Agent/Image/VPN samt Tests; neue Defaults main, aktuelle Unit-/Configverträge und Ready-Gate prüfen."
system-backend/deployment-core/deploy.py,historical_only,D1/D2,Gezielt übernehmen,"Fehlender Controller/Agent/Image/VPN samt Tests; neue Defaults main, aktuelle Unit-/Configverträge und Ready-Gate prüfen."
system-backend/deployment-core/discovery.py,historical_only,D1/D2,Gezielt übernehmen,"Fehlender Controller/Agent/Image/VPN samt Tests; neue Defaults main, aktuelle Unit-/Configverträge und Ready-Gate prüfen."
system-backend/deployment-core/image/99-netcore-sdr.rules,historical_only,D1/D2,Gezielt übernehmen,"Fehlender Controller/Agent/Image/VPN samt Tests; neue Defaults main, aktuelle Unit-/Configverträge und Ready-Gate prüfen."
system-backend/deployment-core/image/build-guest.sh,historical_only,D1/D2,Gezielt übernehmen,"Fehlender Controller/Agent/Image/VPN samt Tests; neue Defaults main, aktuelle Unit-/Configverträge und Ready-Gate prüfen."
system-backend/deployment-core/image/check-hardware.py,historical_only,D1/D2,Gezielt übernehmen,"Fehlender Controller/Agent/Image/VPN samt Tests; neue Defaults main, aktuelle Unit-/Configverträge und Ready-Gate prüfen."
system-backend/deployment-core/image/firstboot.py,historical_only,D1/D2,Gezielt übernehmen,"Fehlender Controller/Agent/Image/VPN samt Tests; neue Defaults main, aktuelle Unit-/Configverträge und Ready-Gate prüfen."
system-backend/deployment-core/image/personalize.py,historical_only,D1/D2,Gezielt übernehmen,"Fehlender Controller/Agent/Image/VPN samt Tests; neue Defaults main, aktuelle Unit-/Configverträge und Ready-Gate prüfen."
system-backend/deployment-core/image/systemd/netcore-firstboot.service,historical_only,D1/D2,Gezielt übernehmen,"Fehlender Controller/Agent/Image/VPN samt Tests; neue Defaults main, aktuelle Unit-/Configverträge und Ready-Gate prüfen."
system-backend/deployment-core/image/systemd/netcore-vpn-policy.service,historical_only,D1/D2,Gezielt übernehmen,"Fehlender Controller/Agent/Image/VPN samt Tests; neue Defaults main, aktuelle Unit-/Configverträge und Ready-Gate prüfen."
system-backend/deployment-core/image/systemd/netcore-vpn-policy.timer,historical_only,D1/D2,Gezielt übernehmen,"Fehlender Controller/Agent/Image/VPN samt Tests; neue Defaults main, aktuelle Unit-/Configverträge und Ready-Gate prüfen."
system-backend/deployment-core/image/systemd/netcore-wifi-country.service,historical_only,D1/D2,Gezielt übernehmen,"Fehlender Controller/Agent/Image/VPN samt Tests; neue Defaults main, aktuelle Unit-/Configverträge und Ready-Gate prüfen."
system-backend/deployment-core/image/systemd/tetra.service,historical_only,D1/D2,Gezielt übernehmen,"Fehlender Controller/Agent/Image/VPN samt Tests; neue Defaults main, aktuelle Unit-/Configverträge und Ready-Gate prüfen."
system-backend/deployment-core/image/vpn-policy.py,historical_only,D1/D2,Gezielt übernehmen,"Fehlender Controller/Agent/Image/VPN samt Tests; neue Defaults main, aktuelle Unit-/Configverträge und Ready-Gate prüfen."
system-backend/deployment-core/image/wifi-country.py,historical_only,D1/D2,Gezielt übernehmen,"Fehlender Controller/Agent/Image/VPN samt Tests; neue Defaults main, aktuelle Unit-/Configverträge und Ready-Gate prüfen."
system-backend/deployment-core/image_build.py,historical_only,D1/D2,Gezielt übernehmen,"Fehlender Controller/Agent/Image/VPN samt Tests; neue Defaults main, aktuelle Unit-/Configverträge und Ready-Gate prüfen."
system-backend/deployment-core/image_client.py,historical_only,D1/D2,Gezielt übernehmen,"Fehlender Controller/Agent/Image/VPN samt Tests; neue Defaults main, aktuelle Unit-/Configverträge und Ready-Gate prüfen."
system-backend/deployment-core/image_spec.py,historical_only,D1/D2,Gezielt übernehmen,"Fehlender Controller/Agent/Image/VPN samt Tests; neue Defaults main, aktuelle Unit-/Configverträge und Ready-Gate prüfen."
system-backend/deployment-core/image_worker.py,historical_only,D1/D2,Gezielt übernehmen,"Fehlender Controller/Agent/Image/VPN samt Tests; neue Defaults main, aktuelle Unit-/Configverträge und Ready-Gate prüfen."
system-backend/deployment-core/install/create-lxc.sh,historical_only,D1/D2,Gezielt übernehmen,"Fehlender Controller/Agent/Image/VPN samt Tests; neue Defaults main, aktuelle Unit-/Configverträge und Ready-Gate prüfen."
system-backend/deployment-core/install/install-tbs.sh,historical_only,D1/D2,Gezielt übernehmen,"Fehlender Controller/Agent/Image/VPN samt Tests; neue Defaults main, aktuelle Unit-/Configverträge und Ready-Gate prüfen."
system-backend/deployment-core/install/install-vm.sh,historical_only,D1/D2,Gezielt übernehmen,"Fehlender Controller/Agent/Image/VPN samt Tests; neue Defaults main, aktuelle Unit-/Configverträge und Ready-Gate prüfen."
system-backend/deployment-core/install/install.sh,historical_only,D1/D2,Gezielt übernehmen,"Fehlender Controller/Agent/Image/VPN samt Tests; neue Defaults main, aktuelle Unit-/Configverträge und Ready-Gate prüfen."
system-backend/deployment-core/install/prepare-host.sh,historical_only,D1/D2,Gezielt übernehmen,"Fehlender Controller/Agent/Image/VPN samt Tests; neue Defaults main, aktuelle Unit-/Configverträge und Ready-Gate prüfen."
system-backend/deployment-core/install/update.sh,historical_only,D1/D2,Gezielt übernehmen,"Fehlender Controller/Agent/Image/VPN samt Tests; neue Defaults main, aktuelle Unit-/Configverträge und Ready-Gate prüfen."
system-backend/deployment-core/jobs.py,historical_only,D1/D2,Gezielt übernehmen,"Fehlender Controller/Agent/Image/VPN samt Tests; neue Defaults main, aktuelle Unit-/Configverträge und Ready-Gate prüfen."
system-backend/deployment-core/launch.py,historical_only,D1/D2,Gezielt übernehmen,"Fehlender Controller/Agent/Image/VPN samt Tests; neue Defaults main, aktuelle Unit-/Configverträge und Ready-Gate prüfen."
system-backend/deployment-core/main.py,historical_only,D1/D2,Gezielt übernehmen,"Fehlender Controller/Agent/Image/VPN samt Tests; neue Defaults main, aktuelle Unit-/Configverträge und Ready-Gate prüfen."
system-backend/deployment-core/static/app.js,historical_only,D1/D2,Gezielt übernehmen,"Fehlender Controller/Agent/Image/VPN samt Tests; neue Defaults main, aktuelle Unit-/Configverträge und Ready-Gate prüfen."
system-backend/deployment-core/static/index.html,historical_only,D1/D2,Gezielt übernehmen,"Fehlender Controller/Agent/Image/VPN samt Tests; neue Defaults main, aktuelle Unit-/Configverträge und Ready-Gate prüfen."
system-backend/deployment-core/static/style.css,historical_only,D1/D2,Gezielt übernehmen,"Fehlender Controller/Agent/Image/VPN samt Tests; neue Defaults main, aktuelle Unit-/Configverträge und Ready-Gate prüfen."
system-backend/deployment-core/systemd/netcore-deployment.service,historical_only,D1/D2,Gezielt übernehmen,"Fehlender Controller/Agent/Image/VPN samt Tests; neue Defaults main, aktuelle Unit-/Configverträge und Ready-Gate prüfen."
system-backend/deployment-core/systemd/netcore-discovery.service,historical_only,D1/D2,Gezielt übernehmen,"Fehlender Controller/Agent/Image/VPN samt Tests; neue Defaults main, aktuelle Unit-/Configverträge und Ready-Gate prüfen."
system-backend/deployment-core/systemd/netcore-image-builder.service,historical_only,D1/D2,Gezielt übernehmen,"Fehlender Controller/Agent/Image/VPN samt Tests; neue Defaults main, aktuelle Unit-/Configverträge und Ready-Gate prüfen."
system-backend/deployment-core/tests/browser.cjs,historical_only,D1/D2,Gezielt übernehmen,"Fehlender Controller/Agent/Image/VPN samt Tests; neue Defaults main, aktuelle Unit-/Configverträge und Ready-Gate prüfen."
system-backend/deployment-core/tests/image_smoke.py,historical_only,D1/D2,Gezielt übernehmen,"Fehlender Controller/Agent/Image/VPN samt Tests; neue Defaults main, aktuelle Unit-/Configverträge und Ready-Gate prüfen."
system-backend/deployment-core/tests/serve_ui.py,historical_only,D1/D2,Gezielt übernehmen,"Fehlender Controller/Agent/Image/VPN samt Tests; neue Defaults main, aktuelle Unit-/Configverträge und Ready-Gate prüfen."
system-backend/deployment-core/tests/test_core.py,historical_only,D1/D2,Gezielt übernehmen,"Fehlender Controller/Agent/Image/VPN samt Tests; neue Defaults main, aktuelle Unit-/Configverträge und Ready-Gate prüfen."
system-backend/deployment-core/tests/test_http.py,historical_only,D1/D2,Gezielt übernehmen,"Fehlender Controller/Agent/Image/VPN samt Tests; neue Defaults main, aktuelle Unit-/Configverträge und Ready-Gate prüfen."
system-backend/deployment-core/tests/test_images.py,historical_only,D1/D2,Gezielt übernehmen,"Fehlender Controller/Agent/Image/VPN samt Tests; neue Defaults main, aktuelle Unit-/Configverträge und Ready-Gate prüfen."
system-backend/deployment-core/tests/test_remote_jobs.py,historical_only,D1/D2,Gezielt übernehmen,"Fehlender Controller/Agent/Image/VPN samt Tests; neue Defaults main, aktuelle Unit-/Configverträge und Ready-Gate prüfen."
system-backend/deployment-core/tests/test_repository_recovery.py,historical_only,D1/D2,Gezielt übernehmen,"Fehlender Controller/Agent/Image/VPN samt Tests; neue Defaults main, aktuelle Unit-/Configverträge und Ready-Gate prüfen."
system-backend/deployment-core/tests/test_rollout_regressions.py,historical_only,D1/D2,Gezielt übernehmen,"Fehlender Controller/Agent/Image/VPN samt Tests; neue Defaults main, aktuelle Unit-/Configverträge und Ready-Gate prüfen."
system-backend/deployment-core/tests/vm_install_smoke.py,historical_only,D1/D2,Gezielt übernehmen,"Fehlender Controller/Agent/Image/VPN samt Tests; neue Defaults main, aktuelle Unit-/Configverträge und Ready-Gate prüfen."
system-backend/directory/__pycache__/netcore-directory.cpython-313.pyc,identical,I1,Entfernen,"Eingecheckter Interpretercache; Quellen bleiben, .gitignore verhindert Wiederaufnahme."
system-backend/directory/netcore-directory.py,different,U1,main erhalten; moderne Ergänzung,Aktuelle UI/Renderer/Theme- und Fachänderungen behalten; Discovery über gemeinsamen aktuellen Renderer statt historischer HTML-Rückkopie.
system-backend/directory/web-ui/index.html,main_only,Erhalten,main erhalten,Aktuelle UI/Renderer/Theme- und Fachänderungen behalten; Discovery über gemeinsamen aktuellen Renderer statt historischer HTML-Rückkopie.
system-backend/group-core/src/http.rs,different,Erhalten,main erhalten,Aktuelle UI/Renderer/Theme- und Fachänderungen behalten; Discovery über gemeinsamen aktuellen Renderer statt historischer HTML-Rückkopie.
system-backend/group-core/web-ui/index.html,main_only,Erhalten,main erhalten,Aktuelle UI/Renderer/Theme- und Fachänderungen behalten; Discovery über gemeinsamen aktuellen Renderer statt historischer HTML-Rückkopie.
system-backend/hardware-gateway/examples/edge-agent/__pycache__/netcore-edge-agent.cpython-313.pyc,identical,I1,Entfernen,"Eingecheckter Interpretercache; Quellen bleiben, .gitignore verhindert Wiederaufnahme."
system-backend/hardware-gateway/src/__pycache__/netcore_hardware_gateway.cpython-313.pyc,identical,I1,Entfernen,"Eingecheckter Interpretercache; Quellen bleiben, .gitignore verhindert Wiederaufnahme."
system-backend/hardware-gateway/src/netcore_hardware_gateway.py,different,D1/U1,Fachhunks + aktuelles UI,MQTT-Reaping/SIGTERM-Reparatur; aktuelle generierte HTML unverändert funktional erweitern.
system-backend/hardware-gateway/tests/test_shutdown.py,historical_only,D1/U1,Fachhunks + aktuelles UI,MQTT-Reaping/SIGTERM-Reparatur; aktuelle generierte HTML unverändert funktional erweitern.
system-backend/hardware-gateway/web-ui/index.html,main_only,Erhalten,main erhalten,Aktuelle UI/Renderer/Theme- und Fachänderungen behalten; Discovery über gemeinsamen aktuellen Renderer statt historischer HTML-Rückkopie.
system-backend/iot-gateway/install/install.sh,different,D1,Gezielte Übernahme/Anpassung,Siehe Paket-/Konflikttabelle im README; historische Komplettdatei nicht pauschal übernehmen.
system-backend/iot-gateway/src/http.rs,different,Erhalten,main erhalten,Aktuelle UI/Renderer/Theme- und Fachänderungen behalten; Discovery über gemeinsamen aktuellen Renderer statt historischer HTML-Rückkopie.
system-backend/iot-gateway/web-ui/index.html,main_only,Erhalten,main erhalten,Aktuelle UI/Renderer/Theme- und Fachänderungen behalten; Discovery über gemeinsamen aktuellen Renderer statt historischer HTML-Rückkopie.
system-backend/ip-gateway/src/http.rs,different,Erhalten,main erhalten,Aktuelle UI/Renderer/Theme- und Fachänderungen behalten; Discovery über gemeinsamen aktuellen Renderer statt historischer HTML-Rückkopie.
system-backend/ip-gateway/web-ui/index.html,main_only,Erhalten,main erhalten,Aktuelle UI/Renderer/Theme- und Fachänderungen behalten; Discovery über gemeinsamen aktuellen Renderer statt historischer HTML-Rückkopie.
system-backend/kmf/src/http.rs,different,Erhalten,main erhalten,Aktuelle UI/Renderer/Theme- und Fachänderungen behalten; Discovery über gemeinsamen aktuellen Renderer statt historischer HTML-Rückkopie.
system-backend/kmf/tests/__pycache__/lab_edge_unwrap.cpython-313.pyc,identical,I1,Entfernen,"Eingecheckter Interpretercache; Quellen bleiben, .gitignore verhindert Wiederaufnahme."
system-backend/kmf/web-ui/index.html,main_only,Erhalten,main erhalten,Aktuelle UI/Renderer/Theme- und Fachänderungen behalten; Discovery über gemeinsamen aktuellen Renderer statt historischer HTML-Rückkopie.
system-backend/media-library/install/__pycache__/migrate-archive-layout.cpython-313.pyc,identical,I1,Entfernen,"Eingecheckter Interpretercache; Quellen bleiben, .gitignore verhindert Wiederaufnahme."
system-backend/media-library/src/http.rs,different,Erhalten,main erhalten,Aktuelle UI/Renderer/Theme- und Fachänderungen behalten; Discovery über gemeinsamen aktuellen Renderer statt historischer HTML-Rückkopie.
system-backend/media-library/tests/__pycache__/media_library_reference.cpython-313.pyc,identical,I1,Entfernen,"Eingecheckter Interpretercache; Quellen bleiben, .gitignore verhindert Wiederaufnahme."
system-backend/media-library/tests/central_tts_reference.py,different,I1/U1,main erhalten/aktuellen Vertrag anpassen,Historische Inline-HTML-Annahmen passen nicht zu aktuellen externen Templates und Renderern.
system-backend/media-library/web-ui/index.html,main_only,Erhalten,main erhalten,Aktuelle UI/Renderer/Theme- und Fachänderungen behalten; Discovery über gemeinsamen aktuellen Renderer statt historischer HTML-Rückkopie.
system-backend/media-switch/src/http.rs,different,Erhalten,main erhalten,Aktuelle UI/Renderer/Theme- und Fachänderungen behalten; Discovery über gemeinsamen aktuellen Renderer statt historischer HTML-Rückkopie.
system-backend/media-switch/web-ui/index.html,main_only,Erhalten,main erhalten,Aktuelle UI/Renderer/Theme- und Fachänderungen behalten; Discovery über gemeinsamen aktuellen Renderer statt historischer HTML-Rückkopie.
system-backend/mobility-core/src/http.rs,different,Erhalten,main erhalten,Aktuelle UI/Renderer/Theme- und Fachänderungen behalten; Discovery über gemeinsamen aktuellen Renderer statt historischer HTML-Rückkopie.
system-backend/mobility-core/web-ui/index.html,main_only,Erhalten,main erhalten,Aktuelle UI/Renderer/Theme- und Fachänderungen behalten; Discovery über gemeinsamen aktuellen Renderer statt historischer HTML-Rückkopie.
system-backend/node-gateway/config/node-gateway.example.toml,identical,I1,Aktuellen Vertrag ergänzen,"Identischer Quellinhalt; nur begründete Z01-Drift-/Vertragskorrektur, wenn im aktuellen Änderungsumfang."
system-backend/node-gateway/src/http.rs,different,Erhalten,main erhalten,Aktuelle UI/Renderer/Theme- und Fachänderungen behalten; Discovery über gemeinsamen aktuellen Renderer statt historischer HTML-Rückkopie.
system-backend/node-gateway/src/ui.rs,different,Erhalten,main erhalten,Aktuelle UI/Renderer/Theme- und Fachänderungen behalten; Discovery über gemeinsamen aktuellen Renderer statt historischer HTML-Rückkopie.
system-backend/node-gateway/web-ui/index.html,main_only,Erhalten,main erhalten,Aktuelle UI/Renderer/Theme- und Fachänderungen behalten; Discovery über gemeinsamen aktuellen Renderer statt historischer HTML-Rückkopie.
system-backend/observability/README.md,different,S1,Fachhunks integrieren,Neue Discovery/Syslog/Archivfunktionen; aktuellen Renderer/Darkmode/CSP und eigene Adressen erhalten; 26er Inventoryvertrag.
system-backend/observability/agents/__pycache__/journal_forwarder.cpython-313.pyc,identical,I1,Entfernen,"Eingecheckter Interpretercache; Quellen bleiben, .gitignore verhindert Wiederaufnahme."
system-backend/observability/config/log-client.example.json,historical_only,S1,Fachhunks integrieren,Neue Discovery/Syslog/Archivfunktionen; aktuellen Renderer/Darkmode/CSP und eigene Adressen erhalten; 26er Inventoryvertrag.
system-backend/observability/config/observability.example.toml,different,S1,Fachhunks integrieren,Neue Discovery/Syslog/Archivfunktionen; aktuellen Renderer/Darkmode/CSP und eigene Adressen erhalten; 26er Inventoryvertrag.
system-backend/observability/config/openlab-hosts.json,historical_only,S1,Fachhunks integrieren,Neue Discovery/Syslog/Archivfunktionen; aktuellen Renderer/Darkmode/CSP und eigene Adressen erhalten; 26er Inventoryvertrag.
system-backend/observability/config/syslog.example.json,historical_only,S1,Fachhunks integrieren,Neue Discovery/Syslog/Archivfunktionen; aktuellen Renderer/Darkmode/CSP und eigene Adressen erhalten; 26er Inventoryvertrag.
system-backend/observability/docs/syslog-update.md,historical_only,S1,Fachhunks integrieren,Neue Discovery/Syslog/Archivfunktionen; aktuellen Renderer/Darkmode/CSP und eigene Adressen erhalten; 26er Inventoryvertrag.
system-backend/observability/install/install-log-client.sh,historical_only,S1,Fachhunks integrieren,Neue Discovery/Syslog/Archivfunktionen; aktuellen Renderer/Darkmode/CSP und eigene Adressen erhalten; 26er Inventoryvertrag.
system-backend/observability/install/install-logging.sh,historical_only,S1,Fachhunks integrieren,Neue Discovery/Syslog/Archivfunktionen; aktuellen Renderer/Darkmode/CSP und eigene Adressen erhalten; 26er Inventoryvertrag.
system-backend/observability/install/install.sh,different,S1,Fachhunks integrieren,Neue Discovery/Syslog/Archivfunktionen; aktuellen Renderer/Darkmode/CSP und eigene Adressen erhalten; 26er Inventoryvertrag.
system-backend/observability/install/rsyslog-apparmor.sh,historical_only,S1,Fachhunks integrieren,Neue Discovery/Syslog/Archivfunktionen; aktuellen Renderer/Darkmode/CSP und eigene Adressen erhalten; 26er Inventoryvertrag.
system-backend/observability/install/seed-openlab.py,historical_only,S1,Fachhunks integrieren,Neue Discovery/Syslog/Archivfunktionen; aktuellen Renderer/Darkmode/CSP und eigene Adressen erhalten; 26er Inventoryvertrag.
system-backend/observability/install/uninstall.sh,different,S1,Fachhunks integrieren,Neue Discovery/Syslog/Archivfunktionen; aktuellen Renderer/Darkmode/CSP und eigene Adressen erhalten; 26er Inventoryvertrag.
system-backend/observability/install/update.sh,different,S1,Fachhunks integrieren,Neue Discovery/Syslog/Archivfunktionen; aktuellen Renderer/Darkmode/CSP und eigene Adressen erhalten; 26er Inventoryvertrag.
system-backend/observability/logging/apparmor-netcore,historical_only,S1,Fachhunks integrieren,Neue Discovery/Syslog/Archivfunktionen; aktuellen Renderer/Darkmode/CSP und eigene Adressen erhalten; 26er Inventoryvertrag.
system-backend/observability/logging/log_client.py,historical_only,S1,Fachhunks integrieren,Neue Discovery/Syslog/Archivfunktionen; aktuellen Renderer/Darkmode/CSP und eigene Adressen erhalten; 26er Inventoryvertrag.
system-backend/observability/logging/log_store.py,historical_only,S1,Fachhunks integrieren,Neue Discovery/Syslog/Archivfunktionen; aktuellen Renderer/Darkmode/CSP und eigene Adressen erhalten; 26er Inventoryvertrag.
system-backend/observability/logging/receiver.rsyslog.conf,historical_only,S1,Fachhunks integrieren,Neue Discovery/Syslog/Archivfunktionen; aktuellen Renderer/Darkmode/CSP und eigene Adressen erhalten; 26er Inventoryvertrag.
system-backend/observability/src/collector.rs,different,S1,Fachhunks integrieren,Neue Discovery/Syslog/Archivfunktionen; aktuellen Renderer/Darkmode/CSP und eigene Adressen erhalten; 26er Inventoryvertrag.
system-backend/observability/src/config.rs,different,S1,Fachhunks integrieren,Neue Discovery/Syslog/Archivfunktionen; aktuellen Renderer/Darkmode/CSP und eigene Adressen erhalten; 26er Inventoryvertrag.
system-backend/observability/src/discovery.rs,historical_only,S1,Fachhunks integrieren,Neue Discovery/Syslog/Archivfunktionen; aktuellen Renderer/Darkmode/CSP und eigene Adressen erhalten; 26er Inventoryvertrag.
system-backend/observability/src/http.rs,different,S1,Fachhunks integrieren,Neue Discovery/Syslog/Archivfunktionen; aktuellen Renderer/Darkmode/CSP und eigene Adressen erhalten; 26er Inventoryvertrag.
system-backend/observability/src/main.rs,different,S1,Fachhunks integrieren,Neue Discovery/Syslog/Archivfunktionen; aktuellen Renderer/Darkmode/CSP und eigene Adressen erhalten; 26er Inventoryvertrag.
system-backend/observability/src/state.rs,different,S1,Fachhunks integrieren,Neue Discovery/Syslog/Archivfunktionen; aktuellen Renderer/Darkmode/CSP und eigene Adressen erhalten; 26er Inventoryvertrag.
system-backend/observability/stack/prometheus/prometheus.yml,different,S1,Fachhunks integrieren,Neue Discovery/Syslog/Archivfunktionen; aktuellen Renderer/Darkmode/CSP und eigene Adressen erhalten; 26er Inventoryvertrag.
system-backend/observability/systemd/netcore-log-client-discovery.service,historical_only,S1,Fachhunks integrieren,Neue Discovery/Syslog/Archivfunktionen; aktuellen Renderer/Darkmode/CSP und eigene Adressen erhalten; 26er Inventoryvertrag.
system-backend/observability/systemd/netcore-log-client-discovery.timer,historical_only,S1,Fachhunks integrieren,Neue Discovery/Syslog/Archivfunktionen; aktuellen Renderer/Darkmode/CSP und eigene Adressen erhalten; 26er Inventoryvertrag.
system-backend/observability/systemd/netcore-log-client.service,historical_only,S1,Fachhunks integrieren,Neue Discovery/Syslog/Archivfunktionen; aktuellen Renderer/Darkmode/CSP und eigene Adressen erhalten; 26er Inventoryvertrag.
system-backend/observability/systemd/netcore-syslog-archive.service,historical_only,S1,Fachhunks integrieren,Neue Discovery/Syslog/Archivfunktionen; aktuellen Renderer/Darkmode/CSP und eigene Adressen erhalten; 26er Inventoryvertrag.
system-backend/observability/systemd/netcore-syslog-archive.timer,historical_only,S1,Fachhunks integrieren,Neue Discovery/Syslog/Archivfunktionen; aktuellen Renderer/Darkmode/CSP und eigene Adressen erhalten; 26er Inventoryvertrag.
system-backend/observability/systemd/netcore-syslog-preview.service,historical_only,S1,Fachhunks integrieren,Neue Discovery/Syslog/Archivfunktionen; aktuellen Renderer/Darkmode/CSP und eigene Adressen erhalten; 26er Inventoryvertrag.
system-backend/observability/systemd/netcore-syslog.service,historical_only,S1,Fachhunks integrieren,Neue Discovery/Syslog/Archivfunktionen; aktuellen Renderer/Darkmode/CSP und eigene Adressen erhalten; 26er Inventoryvertrag.
system-backend/observability/tests/__pycache__/observability_reference.cpython-313.pyc,identical,I1,Entfernen,"Eingecheckter Interpretercache; Quellen bleiben, .gitignore verhindert Wiederaufnahme."
system-backend/observability/tests/browser-syslog.cjs,historical_only,S1,Fachhunks integrieren,Neue Discovery/Syslog/Archivfunktionen; aktuellen Renderer/Darkmode/CSP und eigene Adressen erhalten; 26er Inventoryvertrag.
system-backend/observability/tests/native-syslog-smoke.py,historical_only,S1,Fachhunks integrieren,Neue Discovery/Syslog/Archivfunktionen; aktuellen Renderer/Darkmode/CSP und eigene Adressen erhalten; 26er Inventoryvertrag.
system-backend/observability/tests/test_syslog.py,historical_only,S1,Fachhunks integrieren,Neue Discovery/Syslog/Archivfunktionen; aktuellen Renderer/Darkmode/CSP und eigene Adressen erhalten; 26er Inventoryvertrag.
system-backend/observability/tests/test_syslog_wire.py,historical_only,S1,Fachhunks integrieren,Neue Discovery/Syslog/Archivfunktionen; aktuellen Renderer/Darkmode/CSP und eigene Adressen erhalten; 26er Inventoryvertrag.
system-backend/observability/web-ui/index.html,main_only,S1,Fachhunks integrieren,Neue Discovery/Syslog/Archivfunktionen; aktuellen Renderer/Darkmode/CSP und eigene Adressen erhalten; 26er Inventoryvertrag.
system-backend/packet-core/src/http.rs,different,Erhalten,main erhalten,Aktuelle UI/Renderer/Theme- und Fachänderungen behalten; Discovery über gemeinsamen aktuellen Renderer statt historischer HTML-Rückkopie.
system-backend/packet-core/web-ui/index.html,main_only,Erhalten,main erhalten,Aktuelle UI/Renderer/Theme- und Fachänderungen behalten; Discovery über gemeinsamen aktuellen Renderer statt historischer HTML-Rückkopie.
system-backend/provisioning-core/src/http.rs,different,Erhalten,main erhalten,Aktuelle UI/Renderer/Theme- und Fachänderungen behalten; Discovery über gemeinsamen aktuellen Renderer statt historischer HTML-Rückkopie.
system-backend/provisioning-core/web-ui/index.html,main_only,Erhalten,main erhalten,Aktuelle UI/Renderer/Theme- und Fachänderungen behalten; Discovery über gemeinsamen aktuellen Renderer statt historischer HTML-Rückkopie.
system-backend/recorder/src/http.rs,different,Erhalten,main erhalten,Aktuelle UI/Renderer/Theme- und Fachänderungen behalten; Discovery über gemeinsamen aktuellen Renderer statt historischer HTML-Rückkopie.
system-backend/recorder/web-ui/index.html,main_only,Erhalten,main erhalten,Aktuelle UI/Renderer/Theme- und Fachänderungen behalten; Discovery über gemeinsamen aktuellen Renderer statt historischer HTML-Rückkopie.
system-backend/rf-monitor/src/netcore_rf_monitor.py,different,U1,main erhalten; moderne Ergänzung,Aktuelle UI/Renderer/Theme- und Fachänderungen behalten; Discovery über gemeinsamen aktuellen Renderer statt historischer HTML-Rückkopie.
system-backend/rf-monitor/web-ui/index.html,main_only,Erhalten,main erhalten,Aktuelle UI/Renderer/Theme- und Fachänderungen behalten; Discovery über gemeinsamen aktuellen Renderer statt historischer HTML-Rückkopie.
system-backend/roadmap.md,different,Dokumentation,Aktuellen Stand erhalten,Historische Phase ersetzt keine aktuelle Roadmap; Z01-Bericht und Status gesondert aktualisieren.
system-backend/sds-router/src/http.rs,different,Erhalten,main erhalten,Aktuelle UI/Renderer/Theme- und Fachänderungen behalten; Discovery über gemeinsamen aktuellen Renderer statt historischer HTML-Rückkopie.
system-backend/sds-router/web-ui/index.html,main_only,Erhalten,main erhalten,Aktuelle UI/Renderer/Theme- und Fachänderungen behalten; Discovery über gemeinsamen aktuellen Renderer statt historischer HTML-Rückkopie.
system-backend/security-core/src/http.rs,different,Erhalten,main erhalten,Aktuelle UI/Renderer/Theme- und Fachänderungen behalten; Discovery über gemeinsamen aktuellen Renderer statt historischer HTML-Rückkopie.
system-backend/security-core/tests/__pycache__/lab_response.cpython-313.pyc,identical,I1,Entfernen,"Eingecheckter Interpretercache; Quellen bleiben, .gitignore verhindert Wiederaufnahme."
system-backend/security-core/web-ui/index.html,main_only,Erhalten,main erhalten,Aktuelle UI/Renderer/Theme- und Fachänderungen behalten; Discovery über gemeinsamen aktuellen Renderer statt historischer HTML-Rückkopie.
system-backend/services.toml,different,I1,Gezielte Übernahme/Anpassung,Siehe Paket-/Konflikttabelle im README; historische Komplettdatei nicht pauschal übernehmen.
system-backend/shared/install/lxc-network.sh,different,D1,Gezielte Übernahme/Anpassung,Siehe Paket-/Konflikttabelle im README; historische Komplettdatei nicht pauschal übernehmen.
system-backend/shared/web-ui/README.md,different,Erhalten,main erhalten,Aktuelle UI/Renderer/Theme- und Fachänderungen behalten; Discovery über gemeinsamen aktuellen Renderer statt historischer HTML-Rückkopie.
system-backend/shared/web-ui/assets/netcore-logo.data-uri,main_only,Erhalten,main erhalten,Aktuelle UI/Renderer/Theme- und Fachänderungen behalten; Discovery über gemeinsamen aktuellen Renderer statt historischer HTML-Rückkopie.
system-backend/shared/web-ui/assets/netcore.css,different,Erhalten,main erhalten,Aktuelle UI/Renderer/Theme- und Fachänderungen behalten; Discovery über gemeinsamen aktuellen Renderer statt historischer HTML-Rückkopie.
system-backend/shared/web-ui/assets/service-design.css,main_only,U1,main erhalten; moderne Ergänzung,Aktuelle UI/Renderer/Theme- und Fachänderungen behalten; Discovery über gemeinsamen aktuellen Renderer statt historischer HTML-Rückkopie.
system-backend/shared/web-ui/assets/service-design.js,main_only,U1,main erhalten; moderne Ergänzung,Aktuelle UI/Renderer/Theme- und Fachänderungen behalten; Discovery über gemeinsamen aktuellen Renderer statt historischer HTML-Rückkopie.
system-backend/shared/web-ui/assets/service-theme-init.js,main_only,Erhalten,main erhalten,Aktuelle UI/Renderer/Theme- und Fachänderungen behalten; Discovery über gemeinsamen aktuellen Renderer statt historischer HTML-Rückkopie.
system-backend/shared/web-ui/service-design.rs,main_only,Erhalten,main erhalten,Aktuelle UI/Renderer/Theme- und Fachänderungen behalten; Discovery über gemeinsamen aktuellen Renderer statt historischer HTML-Rückkopie.
system-backend/shared/web-ui/tests/service-design.mjs,main_only,U1,main erhalten; moderne Ergänzung,Aktuelle UI/Renderer/Theme- und Fachänderungen behalten; Discovery über gemeinsamen aktuellen Renderer statt historischer HTML-Rückkopie.
system-backend/sip-switch/src/netcore_sip_switch.py,different,U1,main erhalten; moderne Ergänzung,Aktuelle UI/Renderer/Theme- und Fachänderungen behalten; Discovery über gemeinsamen aktuellen Renderer statt historischer HTML-Rückkopie.
system-backend/sip-switch/web-ui/index.html,main_only,Erhalten,main erhalten,Aktuelle UI/Renderer/Theme- und Fachänderungen behalten; Discovery über gemeinsamen aktuellen Renderer statt historischer HTML-Rückkopie.
system-backend/subscriber-core/src/http.rs,different,Erhalten,main erhalten,Aktuelle UI/Renderer/Theme- und Fachänderungen behalten; Discovery über gemeinsamen aktuellen Renderer statt historischer HTML-Rückkopie.
system-backend/subscriber-core/web-ui/index.html,main_only,Erhalten,main erhalten,Aktuelle UI/Renderer/Theme- und Fachänderungen behalten; Discovery über gemeinsamen aktuellen Renderer statt historischer HTML-Rückkopie.
system-backend/task-workflow/src/netcore_task_workflow.py,different,U1,main erhalten; moderne Ergänzung,Aktuelle UI/Renderer/Theme- und Fachänderungen behalten; Discovery über gemeinsamen aktuellen Renderer statt historischer HTML-Rückkopie.
system-backend/task-workflow/web-ui/index.html,different,U1,main erhalten; moderne Ergänzung,Aktuelle UI/Renderer/Theme- und Fachänderungen behalten; Discovery über gemeinsamen aktuellen Renderer statt historischer HTML-Rückkopie.
system-backend/tbs-connect/__pycache__/server.cpython-313.pyc,identical,I1,Entfernen,"Eingecheckter Interpretercache; Quellen bleiben, .gitignore verhindert Wiederaufnahme."
system-backend/tbs-connect/server.py,different,U1,main erhalten; moderne Ergänzung,Aktuelle UI/Renderer/Theme- und Fachänderungen behalten; Discovery über gemeinsamen aktuellen Renderer statt historischer HTML-Rückkopie.
system-backend/tbs-connect/web-ui/index.html,main_only,Erhalten,main erhalten,Aktuelle UI/Renderer/Theme- und Fachänderungen behalten; Discovery über gemeinsamen aktuellen Renderer statt historischer HTML-Rückkopie.
system-backend/tbs-connect/web-ui/login.html,main_only,U1,main erhalten; moderne Ergänzung,Aktuelle UI/Renderer/Theme- und Fachänderungen behalten; Discovery über gemeinsamen aktuellen Renderer statt historischer HTML-Rückkopie.
system-backend/transit/src/http.rs,different,Erhalten,main erhalten,Aktuelle UI/Renderer/Theme- und Fachänderungen behalten; Discovery über gemeinsamen aktuellen Renderer statt historischer HTML-Rückkopie.
system-backend/transit/tests/__pycache__/transit_reference.cpython-313.pyc,identical,I1,Entfernen,"Eingecheckter Interpretercache; Quellen bleiben, .gitignore verhindert Wiederaufnahme."
system-backend/transit/web-ui/index.html,main_only,Erhalten,main erhalten,Aktuelle UI/Renderer/Theme- und Fachänderungen behalten; Discovery über gemeinsamen aktuellen Renderer statt historischer HTML-Rückkopie.
tests/__pycache__/__init__.cpython-313.pyc,identical,I1,Entfernen,"Eingecheckter Interpretercache; Quellen bleiben, .gitignore verhindert Wiederaufnahme."
tests/e2e/__pycache__/__init__.cpython-313.pyc,identical,I1,Entfernen,"Eingecheckter Interpretercache; Quellen bleiben, .gitignore verhindert Wiederaufnahme."
tests/e2e/__pycache__/netcore_open_lab_e2e.cpython-313.pyc,identical,I1,Entfernen,"Eingecheckter Interpretercache; Quellen bleiben, .gitignore verhindert Wiederaufnahme."
tests/e2e/__pycache__/validate_on_air_evidence.cpython-313.pyc,identical,I1,Entfernen,"Eingecheckter Interpretercache; Quellen bleiben, .gitignore verhindert Wiederaufnahme."
tests/e2e/netcore_e2e/__pycache__/__init__.cpython-313.pyc,identical,I1,Entfernen,"Eingecheckter Interpretercache; Quellen bleiben, .gitignore verhindert Wiederaufnahme."
tests/e2e/netcore_e2e/__pycache__/context.cpython-313.pyc,identical,I1,Entfernen,"Eingecheckter Interpretercache; Quellen bleiben, .gitignore verhindert Wiederaufnahme."
tests/e2e/netcore_e2e/__pycache__/http.cpython-313.pyc,identical,I1,Entfernen,"Eingecheckter Interpretercache; Quellen bleiben, .gitignore verhindert Wiederaufnahme."
tests/e2e/netcore_e2e/__pycache__/inventory.cpython-313.pyc,identical,I1,Entfernen,"Eingecheckter Interpretercache; Quellen bleiben, .gitignore verhindert Wiederaufnahme."
tests/e2e/netcore_e2e/__pycache__/mock_tbs.cpython-313.pyc,identical,I1,Entfernen,"Eingecheckter Interpretercache; Quellen bleiben, .gitignore verhindert Wiederaufnahme."
tests/e2e/netcore_e2e/__pycache__/model.cpython-313.pyc,identical,I1,Entfernen,"Eingecheckter Interpretercache; Quellen bleiben, .gitignore verhindert Wiederaufnahme."
tests/e2e/netcore_e2e/__pycache__/report.cpython-313.pyc,identical,I1,Entfernen,"Eingecheckter Interpretercache; Quellen bleiben, .gitignore verhindert Wiederaufnahme."
tests/e2e/netcore_e2e/__pycache__/scenarios.cpython-313.pyc,identical,I1,Entfernen,"Eingecheckter Interpretercache; Quellen bleiben, .gitignore verhindert Wiederaufnahme."
tests/e2e/netcore_e2e/__pycache__/wait.cpython-313.pyc,identical,I1,Entfernen,"Eingecheckter Interpretercache; Quellen bleiben, .gitignore verhindert Wiederaufnahme."
tests/e2e/netcore_e2e/__pycache__/websocket.cpython-313.pyc,identical,I1,Entfernen,"Eingecheckter Interpretercache; Quellen bleiben, .gitignore verhindert Wiederaufnahme."
tests/e2e/netcore_e2e/inventory.py,identical,I1,Aktuellen Vertrag ergänzen,"Identischer Quellinhalt; nur begründete Z01-Drift-/Vertragskorrektur, wenn im aktuellen Änderungsumfang."
tests/e2e/netcore_e2e/model.py,identical,I1,Aktuellen Vertrag ergänzen,"Identischer Quellinhalt; nur begründete Z01-Drift-/Vertragskorrektur, wenn im aktuellen Änderungsumfang."
tests/e2e/netcore_e2e/scenarios.py,identical,I1,Aktuellen Vertrag ergänzen,"Identischer Quellinhalt; nur begründete Z01-Drift-/Vertragskorrektur, wenn im aktuellen Änderungsumfang."
tests/e2e/netcore_open_lab_e2e.py,identical,I1,Aktuellen Vertrag ergänzen,"Identischer Quellinhalt; nur begründete Z01-Drift-/Vertragskorrektur, wenn im aktuellen Änderungsumfang."
tests/e2e/unit/__pycache__/test_e2e_support.cpython-313.pyc,identical,I1,Entfernen,"Eingecheckter Interpretercache; Quellen bleiben, .gitignore verhindert Wiederaufnahme."
tests/e2e/unit/__pycache__/test_edge_fallback_reference.cpython-313.pyc,identical,I1,Entfernen,"Eingecheckter Interpretercache; Quellen bleiben, .gitignore verhindert Wiederaufnahme."
tests/e2e/validate_on_air_evidence.py,identical,I1,Aktuellen Vertrag ergänzen,"Identischer Quellinhalt; nur begründete Z01-Drift-/Vertragskorrektur, wenn im aktuellen Änderungsumfang."
tests/integration/__pycache__/open_lab_contract_test.cpython-313.pyc,identical,I1,Entfernen,"Eingecheckter Interpretercache; Quellen bleiben, .gitignore verhindert Wiederaufnahme."
tools/README.md,identical,I1,Aktuellen Vertrag ergänzen,"Identischer Quellinhalt; nur begründete Z01-Drift-/Vertragskorrektur, wenn im aktuellen Änderungsumfang."
tools/__pycache__/check_application_gateway.cpython-313.pyc,identical,I1,Entfernen,"Eingecheckter Interpretercache; Quellen bleiben, .gitignore verhindert Wiederaufnahme."
tools/__pycache__/check_call_control.cpython-313.pyc,identical,I1,Entfernen,"Eingecheckter Interpretercache; Quellen bleiben, .gitignore verhindert Wiederaufnahme."
tools/__pycache__/check_cmce_call_restore.cpython-313.pyc,identical,I1,Entfernen,"Eingecheckter Interpretercache; Quellen bleiben, .gitignore verhindert Wiederaufnahme."
tools/__pycache__/check_control_room.cpython-313.pyc,identical,I1,Entfernen,"Eingecheckter Interpretercache; Quellen bleiben, .gitignore verhindert Wiederaufnahme."
tools/__pycache__/check_e2e_integration.cpython-313.pyc,identical,I1,Entfernen,"Eingecheckter Interpretercache; Quellen bleiben, .gitignore verhindert Wiederaufnahme."
tools/__pycache__/check_foundation_acceptance.cpython-313.pyc,identical,I1,Entfernen,"Eingecheckter Interpretercache; Quellen bleiben, .gitignore verhindert Wiederaufnahme."
tools/__pycache__/check_full_system_integration.cpython-313.pyc,identical,I1,Entfernen,"Eingecheckter Interpretercache; Quellen bleiben, .gitignore verhindert Wiederaufnahme."
tools/__pycache__/check_group_core.cpython-313.pyc,identical,I1,Entfernen,"Eingecheckter Interpretercache; Quellen bleiben, .gitignore verhindert Wiederaufnahme."
tools/__pycache__/check_ip_gateway.cpython-313.pyc,identical,I1,Entfernen,"Eingecheckter Interpretercache; Quellen bleiben, .gitignore verhindert Wiederaufnahme."
tools/__pycache__/check_kmf.cpython-313.pyc,identical,I1,Entfernen,"Eingecheckter Interpretercache; Quellen bleiben, .gitignore verhindert Wiederaufnahme."
tools/__pycache__/check_ltpd_runtime.cpython-313.pyc,identical,I1,Entfernen,"Eingecheckter Interpretercache; Quellen bleiben, .gitignore verhindert Wiederaufnahme."
tools/__pycache__/check_media_library.cpython-313.pyc,identical,I1,Entfernen,"Eingecheckter Interpretercache; Quellen bleiben, .gitignore verhindert Wiederaufnahme."
tools/__pycache__/check_media_switch.cpython-313.pyc,identical,I1,Entfernen,"Eingecheckter Interpretercache; Quellen bleiben, .gitignore verhindert Wiederaufnahme."
tools/__pycache__/check_mle_cell_change.cpython-313.pyc,identical,I1,Entfernen,"Eingecheckter Interpretercache; Quellen bleiben, .gitignore verhindert Wiederaufnahme."
tools/__pycache__/check_mm_mobility.cpython-313.pyc,identical,I1,Entfernen,"Eingecheckter Interpretercache; Quellen bleiben, .gitignore verhindert Wiederaufnahme."
tools/__pycache__/check_mobility_core.cpython-313.pyc,identical,I1,Entfernen,"Eingecheckter Interpretercache; Quellen bleiben, .gitignore verhindert Wiederaufnahme."
tools/__pycache__/check_node_gateway.cpython-313.pyc,identical,I1,Entfernen,"Eingecheckter Interpretercache; Quellen bleiben, .gitignore verhindert Wiederaufnahme."
tools/__pycache__/check_observability.cpython-313.pyc,identical,I1,Entfernen,"Eingecheckter Interpretercache; Quellen bleiben, .gitignore verhindert Wiederaufnahme."
tools/__pycache__/check_packet_core.cpython-313.pyc,identical,I1,Entfernen,"Eingecheckter Interpretercache; Quellen bleiben, .gitignore verhindert Wiederaufnahme."
tools/__pycache__/check_recorder.cpython-313.pyc,identical,I1,Entfernen,"Eingecheckter Interpretercache; Quellen bleiben, .gitignore verhindert Wiederaufnahme."
tools/__pycache__/check_sds_router.cpython-313.pyc,identical,I1,Entfernen,"Eingecheckter Interpretercache; Quellen bleiben, .gitignore verhindert Wiederaufnahme."
tools/__pycache__/check_security_core.cpython-313.pyc,identical,I1,Entfernen,"Eingecheckter Interpretercache; Quellen bleiben, .gitignore verhindert Wiederaufnahme."
tools/__pycache__/check_shared_platform.cpython-313.pyc,identical,I1,Entfernen,"Eingecheckter Interpretercache; Quellen bleiben, .gitignore verhindert Wiederaufnahme."
tools/__pycache__/check_subscriber_core.cpython-313.pyc,identical,I1,Entfernen,"Eingecheckter Interpretercache; Quellen bleiben, .gitignore verhindert Wiederaufnahme."
tools/__pycache__/check_swmi_foundation_types.cpython-313.pyc,identical,I1,Entfernen,"Eingecheckter Interpretercache; Quellen bleiben, .gitignore verhindert Wiederaufnahme."
tools/__pycache__/check_tlmc_runtime.cpython-313.pyc,identical,I1,Entfernen,"Eingecheckter Interpretercache; Quellen bleiben, .gitignore verhindert Wiederaufnahme."
tools/__pycache__/check_transit.cpython-313.pyc,identical,I1,Entfernen,"Eingecheckter Interpretercache; Quellen bleiben, .gitignore verhindert Wiederaufnahme."
tools/__pycache__/protocol_inventory.cpython-313.pyc,identical,I1,Entfernen,"Eingecheckter Interpretercache; Quellen bleiben, .gitignore verhindert Wiederaufnahme."
tools/check_application_gateway.py,different,I1/U1,main erhalten/aktuellen Vertrag anpassen,Historische Inline-HTML-Annahmen passen nicht zu aktuellen externen Templates und Renderern.
tools/check_e2e_integration.py,identical,I1,Aktuellen Vertrag ergänzen,"Identischer Quellinhalt; nur begründete Z01-Drift-/Vertragskorrektur, wenn im aktuellen Änderungsumfang."
tools/check_full_system_integration.py,identical,I1,Aktuellen Vertrag ergänzen,"Identischer Quellinhalt; nur begründete Z01-Drift-/Vertragskorrektur, wenn im aktuellen Änderungsumfang."
tools/check_kmf.py,different,I1/U1,main erhalten/aktuellen Vertrag anpassen,Historische Inline-HTML-Annahmen passen nicht zu aktuellen externen Templates und Renderern.
tools/check_media_library.py,different,I1/U1,main erhalten/aktuellen Vertrag anpassen,Historische Inline-HTML-Annahmen passen nicht zu aktuellen externen Templates und Renderern.
tools/check_node_gateway.py,different,I1/U1,main erhalten/aktuellen Vertrag anpassen,Historische Inline-HTML-Annahmen passen nicht zu aktuellen externen Templates und Renderern.
tools/check_observability.py,different,S1,Fachhunks integrieren,Neue Discovery/Syslog/Archivfunktionen; aktuellen Renderer/Darkmode/CSP und eigene Adressen erhalten; 26er Inventoryvertrag.
tools/check_recorder.py,different,I1/U1,main erhalten/aktuellen Vertrag anpassen,Historische Inline-HTML-Annahmen passen nicht zu aktuellen externen Templates und Renderern.
tools/check_security_core.py,different,I1/U1,main erhalten/aktuellen Vertrag anpassen,Historische Inline-HTML-Annahmen passen nicht zu aktuellen externen Templates und Renderern.
tools/check_shared_platform.py,identical,I1,Aktuellen Vertrag ergänzen,"Identischer Quellinhalt; nur begründete Z01-Drift-/Vertragskorrektur, wenn im aktuellen Änderungsumfang."
tools/check_transit.py,different,I1/U1,main erhalten/aktuellen Vertrag anpassen,Historische Inline-HTML-Annahmen passen nicht zu aktuellen externen Templates und Renderern.
tools/embed_auxiliary_service_design.py,main_only,Erhalten,main erhalten,Aktuelle UI/Renderer/Theme- und Fachänderungen behalten; Discovery über gemeinsamen aktuellen Renderer statt historischer HTML-Rückkopie.
tools/embed_edge_service_design.py,main_only,Erhalten,main erhalten,Aktuelle UI/Renderer/Theme- und Fachänderungen behalten; Discovery über gemeinsamen aktuellen Renderer statt historischer HTML-Rückkopie.
tools/embed_service_design.py,main_only,Erhalten,main erhalten,Aktuelle UI/Renderer/Theme- und Fachänderungen behalten; Discovery über gemeinsamen aktuellen Renderer statt historischer HTML-Rückkopie.
tools/embed_workflow_service_design.py,main_only,Erhalten,main erhalten,Aktuelle UI/Renderer/Theme- und Fachänderungen behalten; Discovery über gemeinsamen aktuellen Renderer statt historischer HTML-Rückkopie.
tools/test_auxiliary_service_ui.mjs,main_only,Erhalten,main erhalten,Aktuelle UI/Renderer/Theme- und Fachänderungen behalten; Discovery über gemeinsamen aktuellen Renderer statt historischer HTML-Rückkopie.
tools/test_core_service_ui.mjs,main_only,Erhalten,main erhalten,Aktuelle UI/Renderer/Theme- und Fachänderungen behalten; Discovery über gemeinsamen aktuellen Renderer statt historischer HTML-Rückkopie.
tools/test_dashboard_ui.mjs,main_only,U1,main erhalten; moderne Ergänzung,Aktuelle UI/Renderer/Theme- und Fachänderungen behalten; Discovery über gemeinsamen aktuellen Renderer statt historischer HTML-Rückkopie.
tools/test_edge_service_ui.mjs,main_only,Erhalten,main erhalten,Aktuelle UI/Renderer/Theme- und Fachänderungen behalten; Discovery über gemeinsamen aktuellen Renderer statt historischer HTML-Rückkopie.
tools/test_media_service_ui.mjs,main_only,Erhalten,main erhalten,Aktuelle UI/Renderer/Theme- und Fachänderungen behalten; Discovery über gemeinsamen aktuellen Renderer statt historischer HTML-Rückkopie.
tools/test_workflow_service_ui.mjs,main_only,Erhalten,main erhalten,Aktuelle UI/Renderer/Theme- und Fachänderungen behalten; Discovery über gemeinsamen aktuellen Renderer statt historischer HTML-Rückkopie.
wiki/Roadmap.md,different,Dokumentation,Aktuellen Stand erhalten,Historische Phase ersetzt keine aktuelle Roadmap; Z01-Bericht und Status gesondert aktualisieren.
