path,status,main_mode,main_type,main_blob,historical_mode,historical_type,historical_blob
.github/workflows/alert-service-tests.yml,identical,100644,blob,f75115ee6cb166da85b8772f2451446fb956f6fa,100644,blob,f75115ee6cb166da85b8772f2451446fb956f6fa
.github/workflows/asterisk-installer-tests.yml,identical,100644,blob,10bc921d1126928bb37c31b1fdd431f9332fec25,100644,blob,10bc921d1126928bb37c31b1fdd431f9332fec25
.github/workflows/dashboard-ui-tests.yml,main_only,100644,blob,0a0ba2b8f700c43b24066ab84db7b048ecf9e3e4,,,
.github/workflows/deployment-discovery-tests.yml,historical_only,,,,100644,blob,84847c4736f834366912b55e412b0f305490e712
.github/workflows/phy-slotter-tests.yml,identical,100644,blob,48f166f46ba7580b3333a0a021fb4b8a5656ea2c,100644,blob,48f166f46ba7580b3333a0a021fb4b8a5656ea2c
.github/workflows/service-ui-tests.yml,main_only,100644,blob,9b4396227cbea26a2a0e23fcab049bdb1a964410,,,
.github/workflows/tmp-v170-dual-umac.yml,identical,100644,blob,3c1602409376502efc95504ab323f556384aab37,100644,blob,3c1602409376502efc95504ab323f556384aab37
.gitignore,different,100644,blob,39f4beb1fa88d81229c9fd05044a146958202fdd,100644,blob,35cf60395f551953e889e5c132ccea8dd02c86ff
AGENTS.md,main_only,100644,blob,74b7950e419eeecca161d7f55f47d76091b420be,,,
CHANGES-CENTRAL-MEDIA-LIBRARY-TTS.md,identical,100644,blob,6450891f15455b73ad8f7b1877e23ef30920f157,100644,blob,6450891f15455b73ad8f7b1877e23ef30920f157
CHANGES-MEDIA-LIBRARY-BASISSTATION-PLAYOUT.md,identical,100644,blob,b0473661c8575eaa14fa4bbea2449bd68d478431,100644,blob,b0473661c8575eaa14fa4bbea2449bd68d478431
CHANGES-MEDIA-LIBRARY-INTEGRATION.md,identical,100644,blob,a867450861034ecaf71273557715d9944aadaa84,100644,blob,a867450861034ecaf71273557715d9944aadaa84
CODE_OF_CONDUCT.md,identical,100644,blob,ed3500abebcaab154c89457d6c8fcd26ac23c094,100644,blob,ed3500abebcaab154c89457d6c8fcd26ac23c094
Cargo.lock,identical,100644,blob,b7ae936bd7a89c9a8e2af0f524abd59c75fadedf,100644,blob,b7ae936bd7a89c9a8e2af0f524abd59c75fadedf
Cargo.toml,identical,100644,blob,fb22c40ed26b08778f7b256b0aad87588ad6574f,100644,blob,fb22c40ed26b08778f7b256b0aad87588ad6574f
Cross.toml,identical,100644,blob,a82eb4a3aaa6f0f38cfba0a30d1cffbc07879fe8,100644,blob,a82eb4a3aaa6f0f38cfba0a30d1cffbc07879fe8
Docs/BACKEND_WEBUI_SERVICE_MATRIX.md,identical,100644,blob,29e506d32b491685a77938784de29a4096e2eba6,100644,blob,29e506d32b491685a77938784de29a4096e2eba6
Docs/BACKEND_WEBUI_STANDARD.md,different,100644,blob,2d1d8e7cd75020058cfeab2871e7c8ddf5286be8,100644,blob,f31134f4cf3450d058d3d5dd4913c54d4ac8eecb
Docs/BASISSTATION-DESIGN-UPDATE.md,main_only,100644,blob,ff65ba17a982cb00c6ff76e7998d043c321c6efa,,,
Docs/BASISSTATION-DESIGN.md,main_only,100644,blob,3fe5176c5f178ce055e7fa08250434eafbb0d628,,,
Docs/CENTRAL_IDENTITY_RBAC_ROADMAP.md,main_only,100644,blob,81cda0df10bb21b266be6fa396201709ee3b78c1,,,
Docs/CENTRAL_NETWORK_ROLLOUT.md,identical,100644,blob,0723ef558289537c2717709d9a3c815c30792b30,100644,blob,0723ef558289537c2717709d9a3c815c30792b30
Docs/CONTROL_ROOM_AUTH_TOKEN_APPLY.md,identical,100644,blob,813f2c5f22e3c3274cd3a2f6018835b5ee8276d2,100644,blob,813f2c5f22e3c3274cd3a2f6018835b5ee8276d2
Docs/CONTROL_ROOM_BROKEN_PIPE_FIX.md,identical,100644,blob,e9257d231d2bba16e54aab76375f665a8409c1de,100644,blob,e9257d231d2bba16e54aab76375f665a8409c1de
Docs/CONTROL_ROOM_CORE_SNIPPET.md,identical,100644,blob,fc8fea3c79d011289d69731fe13dffc93515f119,100644,blob,fc8fea3c79d011289d69731fe13dffc93515f119
Docs/CONTROL_ROOM_DEPENDENCY_FIX_SNIPPET.md,identical,100644,blob,e4897e7ff0c6e5772620c8c9ea7d2923d2724647,100644,blob,e4897e7ff0c6e5772620c8c9ea7d2923d2724647
Docs/CONTROL_ROOM_DETAIL_API_SNIPPET.md,identical,100644,blob,aa5aaa19807eda0b6deee31e3f15f1add50bf712,100644,blob,aa5aaa19807eda0b6deee31e3f15f1add50bf712
Docs/CONTROL_ROOM_FINAL_CONNECTION_FIX.md,identical,100644,blob,724973e4e2f618df2c5796fe9d55b012cc639344,100644,blob,724973e4e2f618df2c5796fe9d55b012cc639344
Docs/CONTROL_ROOM_LOCATIONS_SNIPPET.md,identical,100644,blob,e9460d4efe0e12f073c436faaa6e80606efa4d72,100644,blob,e9460d4efe0e12f073c436faaa6e80606efa4d72
Docs/CONTROL_ROOM_NATIVE_UI_APPLY.md,identical,100644,blob,41b74ca59138fd54cbe9efd1db7932c80b1364f1,100644,blob,41b74ca59138fd54cbe9efd1db7932c80b1364f1
Docs/CONTROL_ROOM_NATIVE_UI_V2_APPLY.md,identical,100644,blob,c8a301feb95823f5dd01df76ff6b44c1b8095e58,100644,blob,c8a301feb95823f5dd01df76ff6b44c1b8095e58
Docs/CONTROL_ROOM_NATIVE_UI_V3_APPLY.md,identical,100644,blob,0bbcc1ba86932e49b1304c84e6dd9feb852402ec,100644,blob,0bbcc1ba86932e49b1304c84e6dd9feb852402ec
Docs/CONTROL_ROOM_NATIVE_UI_V4_1_APPLY.md,identical,100644,blob,6857ce76dc6e17c2fe427fc046eaa9ca9ffbef8c,100644,blob,6857ce76dc6e17c2fe427fc046eaa9ca9ffbef8c
Docs/CONTROL_ROOM_NATIVE_UI_V4_2_APPLY.md,identical,100644,blob,3af73403fba9bd36b6eed6f1929004e8343485c1,100644,blob,3af73403fba9bd36b6eed6f1929004e8343485c1
Docs/CONTROL_ROOM_NATIVE_UI_V4_3_APPLY.md,identical,100644,blob,05ca613d2968d2f0fcfbc78a775f6e07a2274e9d,100644,blob,05ca613d2968d2f0fcfbc78a775f6e07a2274e9d
Docs/CONTROL_ROOM_NATIVE_UI_V4_4_APPLY.md,identical,100644,blob,8305d5fefd60376d3b108d0e1aadd309fe4106a8,100644,blob,8305d5fefd60376d3b108d0e1aadd309fe4106a8
Docs/CONTROL_ROOM_NATIVE_UI_V4_5_APPLY.md,identical,100644,blob,d112da1fc5dec5270539a976c97eb4a67c429322,100644,blob,d112da1fc5dec5270539a976c97eb4a67c429322
Docs/CONTROL_ROOM_NATIVE_UI_V4_6_APPLY.md,identical,100644,blob,4e93bb48f643596ba7703dc083a4c6e9ef2ad381,100644,blob,4e93bb48f643596ba7703dc083a4c6e9ef2ad381
Docs/CONTROL_ROOM_NATIVE_UI_V4_7_APPLY.md,identical,100644,blob,d607f38adcb176d403b27dd418dc69347457ca93,100644,blob,d607f38adcb176d403b27dd418dc69347457ca93
Docs/CONTROL_ROOM_NATIVE_UI_V4_APPLY.md,identical,100644,blob,3f0b410e70b4889ad254cc5fc7ac38368e845700,100644,blob,3f0b410e70b4889ad254cc5fc7ac38368e845700
Docs/CONTROL_ROOM_OPERATOR_PROFILES_APPLY.md,identical,100644,blob,5066501db938720130ad4352c6db79d055ad501e,100644,blob,5066501db938720130ad4352c6db79d055ad501e
Docs/CONTROL_ROOM_RBAC_APPLY.md,identical,100644,blob,6b7a1fea3c4cd6236ff1d9cfa83378421181a704,100644,blob,6b7a1fea3c4cd6236ff1d9cfa83378421181a704
Docs/CONTROL_ROOM_UI_V5_10_1_MAP_TABLE_REMOVE_APPLY.md,identical,100644,blob,14c5c0ce63012dfe84e8cf1c2f25ac7316bdf68e,100644,blob,14c5c0ce63012dfe84e8cf1c2f25ac7316bdf68e
Docs/CONTROL_ROOM_UI_V5_10_MAP_CLUSTER_APPLY.md,identical,100644,blob,9f3397100c9fd1d2400b0816c0889597f9f0e789,100644,blob,9f3397100c9fd1d2400b0816c0889597f9f0e789
Docs/CONTROL_ROOM_UI_V5_11_1_STATUS_TABLEAU_BUILD_FIX_APPLY.md,identical,100644,blob,2c97cc86adfbbcc85404e61fc8a71be1e85cda6f,100644,blob,2c97cc86adfbbcc85404e61fc8a71be1e85cda6f
Docs/CONTROL_ROOM_UI_V5_11_2_STATUS_TABLEAU_BUILD_FIX_APPLY.md,identical,100644,blob,6d2b4f72a5454f34781aaac32d6a70becc7fa6bd,100644,blob,6d2b4f72a5454f34781aaac32d6a70becc7fa6bd
Docs/CONTROL_ROOM_UI_V5_11_3_STATUS_TABLEAU_SDS_FIX_APPLY.md,identical,100644,blob,38145c30c240b7416fb62af9df4faf197a924025,100644,blob,38145c30c240b7416fb62af9df4faf197a924025
Docs/CONTROL_ROOM_UI_V5_11_4_STATUS_TABLEAU_BUILDFIX_APPLY.md,identical,100644,blob,9b757573efddd047e9ecbb0417e7f9fbcef11dc5,100644,blob,9b757573efddd047e9ecbb0417e7f9fbcef11dc5
Docs/CONTROL_ROOM_UI_V5_11_5_STATUS_TABLEAU_SDS_ROBUST_APPLY.md,identical,100644,blob,67a3e7d3b4b84e9f5ae6cfdb33831ba5cc48694a,100644,blob,67a3e7d3b4b84e9f5ae6cfdb33831ba5cc48694a
Docs/CONTROL_ROOM_UI_V5_11_6_STATUS_TABLEAU_SDS_EXAKT_APPLY.md,identical,100644,blob,1f40fbbbfa98c8e68979bfce1465fbdf92ee7264,100644,blob,1f40fbbbfa98c8e68979bfce1465fbdf92ee7264
Docs/CONTROL_ROOM_UI_V5_11_7_DIRECTORY_FIRST_STATUS_LAYOUT_APPLY.md,identical,100644,blob,dcd13f0d71e5cc113536f59154ae063b06bcc323,100644,blob,dcd13f0d71e5cc113536f59154ae063b06bcc323
Docs/CONTROL_ROOM_UI_V5_11_8_STATUS_TABLEAU_FINAL_FIX_APPLY.md,identical,100644,blob,0efbc661cacf70f52f07339a4ea907b8c1e25cec,100644,blob,0efbc661cacf70f52f07339a4ea907b8c1e25cec
Docs/CONTROL_ROOM_UI_V5_11_9_BUILD_FIX_APPLY.md,identical,100644,blob,e87e155326aaaf13139d197739ceb6f14e4ff473,100644,blob,e87e155326aaaf13139d197739ceb6f14e4ff473
Docs/CONTROL_ROOM_UI_V5_11_STATUS_TABLEAU_APPLY.md,identical,100644,blob,2ad1d2a1e09c16b74a913d1db48103a09b808f4a,100644,blob,2ad1d2a1e09c16b74a913d1db48103a09b808f4a
Docs/CONTROL_ROOM_UI_V5_12_0_STATUS_TABLEAU_DRAG_DIRECTORY_APPLY.md,identical,100644,blob,43f027d1ce1cb242d201a9fc44d492100ff35433,100644,blob,43f027d1ce1cb242d201a9fc44d492100ff35433
Docs/CONTROL_ROOM_UI_V5_12_1_DIRECTORY_NAMES_FIX_APPLY.md,identical,100644,blob,cedce8938864322299f69527284aaa9b6cd773f2,100644,blob,cedce8938864322299f69527284aaa9b6cd773f2
Docs/CONTROL_ROOM_UI_V5_12_2_DIRECTORY_DEEP_INDEX_APPLY.md,identical,100644,blob,a3f8854e23be82260348aa0fa4b1fde73ec3f33e,100644,blob,a3f8854e23be82260348aa0fa4b1fde73ec3f33e
Docs/CONTROL_ROOM_UI_V5_4_RESPONSIVE_APPLY.md,identical,100644,blob,a8a68a28e7ec903fdcd85bbfd6c85222b06ee7d6,100644,blob,a8a68a28e7ec903fdcd85bbfd6c85222b06ee7d6
Docs/CONTROL_ROOM_UI_V5_5_RBAC_APPLY.md,identical,100644,blob,a79bc158b1e23be72b24ebc152a1065f5ed3c942,100644,blob,a79bc158b1e23be72b24ebc152a1065f5ed3c942
Docs/CONTROL_ROOM_UI_V5_6_ELP_LAYOUT_APPLY.md,identical,100644,blob,55e80e28208589e25e630336e5f43a31252ee87d,100644,blob,55e80e28208589e25e630336e5f43a31252ee87d
Docs/CONTROL_ROOM_UI_V5_7_RESPONSIVE_FIX_APPLY.md,identical,100644,blob,f7fe386efff8c3c2ca0f592ac065aa57ed150a92,100644,blob,f7fe386efff8c3c2ca0f592ac065aa57ed150a92
Docs/CONTROL_ROOM_UI_V5_8_COMPACT_HEADER_APPLY.md,identical,100644,blob,a862b7947b3ec35e0a8e17becee85c523aa379a8,100644,blob,a862b7947b3ec35e0a8e17becee85c523aa379a8
Docs/CONTROL_ROOM_UI_V5_9_1_BUILD_FIX_APPLY.md,identical,100644,blob,936efcea556c3e2d75e2bec34e8b809b41825b06,100644,blob,936efcea556c3e2d75e2bec34e8b809b41825b06
Docs/CONTROL_ROOM_UI_V5_9_2_BUILD_FIX_APPLY.md,identical,100644,blob,7ef88ccd6ca426cff99e0b1e817d39416222b49a,100644,blob,7ef88ccd6ca426cff99e0b1e817d39416222b49a
Docs/CONTROL_ROOM_UI_V5_9_3_NAV_FIX_APPLY.md,identical,100644,blob,ee8d4d2dac3e324d0bb6d87c3f859141ec406678,100644,blob,ee8d4d2dac3e324d0bb6d87c3f859141ec406678
Docs/CONTROL_ROOM_UI_V5_9_CLEAN_WORKPLACE_APPLY.md,identical,100644,blob,f0c7a77e3a712aa0061f27e4548b266e3ff5a57a,100644,blob,f0c7a77e3a712aa0061f27e4548b266e3ff5a57a
Docs/CONTROL_ROOM_USER_LOGIN_RBAC_APPLY.md,identical,100644,blob,29577b515892e5e74ba07b25cb58fafef68cd0a7,100644,blob,29577b515892e5e74ba07b25cb58fafef68cd0a7
Docs/CONTROL_ROOM_V5_13_API_DIRECTORY_SYNC_APPLY.md,identical,100644,blob,001023de0c9f17aab83e0915abc7df28af526127,100644,blob,001023de0c9f17aab83e0915abc7df28af526127
Docs/CONTROL_ROOM_V5_14_1_DIRECTORY_API_PULL_BUILDFIX_APPLY.md,identical,100644,blob,3be016417a3bfc54d8ff1fea386a436700bcfc92,100644,blob,3be016417a3bfc54d8ff1fea386a436700bcfc92
Docs/CONTROL_ROOM_V5_14_2_DIRECTORY_PULL_VERIFIED_APPLY.md,identical,100644,blob,a968ab5f5eb9de75e52c34639f00d0783cce6002,100644,blob,a968ab5f5eb9de75e52c34639f00d0783cce6002
Docs/CONTROL_ROOM_V5_14_DIRECTORY_API_PULL_APPLY.md,identical,100644,blob,2ecb16958c81c03ab9ffd50fdc22d199e3f4dc8f,100644,blob,2ecb16958c81c03ab9ffd50fdc22d199e3f4dc8f
Docs/Control_Room/Readme.md,main_only,100644,blob,8b137891791fe96927ad78e64b0aad7bded08bdc,,,
Docs/DASHBOARD_DE_HIDDEN_INTEGRATIONS_APPLY.md,identical,100644,blob,c2ee4007933361940e084161810f480c65a90117,100644,blob,c2ee4007933361940e084161810f480c65a90117
Docs/DIENST-WEBUI-DESIGN-UPDATE.md,main_only,100644,blob,215a78096ec8014b8afe88db43fc9bba0ba44eaf,,,
Docs/EDGE_FALLBACK.md,identical,100644,blob,e6e59baec977e08b94c21e0ec0c9edbd5cad0aba,100644,blob,e6e59baec977e08b94c21e0ec0c9edbd5cad0aba
Docs/ETSI_CONFORMANCE_MATRIX.md,identical,100644,blob,0c58729c9b56132406f43d239fb8fce2d628f8dd,100644,blob,0c58729c9b56132406f43d239fb8fce2d628f8dd
Docs/ETSI_SOURCE_REGISTER.md,identical,100644,blob,a8868ba3c548f30cf7df3c1985d32f7c820a86e6,100644,blob,a8868ba3c548f30cf7df3c1985d32f7c820a86e6
Docs/FACCH Connect Fix.md,identical,100644,blob,40a0f5116bb755841ed3f5366aee4541bbf81caf,100644,blob,40a0f5116bb755841ed3f5366aee4541bbf81caf
Docs/FIX-TX-CARRIER-CONTINUITY.md,identical,100644,blob,93f4c6a34dced19adcc9e888bf5e6946ff230b71,100644,blob,93f4c6a34dced19adcc9e888bf5e6946ff230b71
Docs/IMPLEMENTATION_GAPS.md,identical,100644,blob,b3b41177de9b51959fc2efdbb02b1a0259751570,100644,blob,b3b41177de9b51959fc2efdbb02b1a0259751570
Docs/KATWARN_NINA_INSTALL_UPDATE.md,identical,100644,blob,fb0bac04ec9951a4296b73247a2e01d43d6d0548,100644,blob,fb0bac04ec9951a4296b73247a2e01d43d6d0548
Docs/LXC_DHCP_STATIC_LEASES.md,identical,100644,blob,9f4eb43a16bdbe2e206c1029b5c0cea6597e4ae2,100644,blob,9f4eb43a16bdbe2e206c1029b5c0cea6597e4ae2
Docs/MAIN_AIR_INTERFACE_COMPAT_V23.md,identical,100644,blob,46449d32738970431c3af8b3715295c3f16525a5,100644,blob,46449d32738970431c3af8b3715295c3f16525a5
Docs/MAIN_AIR_INTERFACE_COMPILE_FIX_V24.md,identical,100644,blob,af29c1717771e5c7c78ec3c33defc93e0518bada,100644,blob,af29c1717771e5c7c78ec3c33defc93e0518bada
Docs/MAIN_RADIO_CALL_COMPATIBILITY_V21.md,identical,100644,blob,73cd6353a42bbee7b17435aab464cfb6933afc7d,100644,blob,73cd6353a42bbee7b17435aab464cfb6933afc7d
Docs/MEDIA_LIBRARY_ARCHIVE_UI_FIX.md,identical,100644,blob,07dfad85a9684cd1682fac8452d04f5071eb14cf,100644,blob,07dfad85a9684cd1682fac8452d04f5071eb14cf
Docs/MEDIA_LIBRARY_BASISSTATION_INTEGRATION.md,identical,100644,blob,6c1e32818486c71fe568b69984e43ce92f67c282,100644,blob,6c1e32818486c71fe568b69984e43ce92f67c282
Docs/MEDIA_LIBRARY_BASISSTATION_PLAYOUT.md,identical,100644,blob,f7ca2dced1c0281a42c3f950307e02f8eeaf5ac8,100644,blob,f7ca2dced1c0281a42c3f950307e02f8eeaf5ac8
Docs/MEDIA_LIBRARY_CENTRAL_TTS.md,identical,100644,blob,c31b496837ddeb3b98687cd5184b901e0ea684c4,100644,blob,c31b496837ddeb3b98687cd5184b901e0ea684c4
Docs/MEDIA_LIBRARY_PARSER_FIX.md,identical,100644,blob,a1eaa509ee236111c8954292dc86082c63dadc6c,100644,blob,a1eaa509ee236111c8954292dc86082c63dadc6c
Docs/MEDIA_LIBRARY_TTS_ARCHIVE_ROUTING_FIX.md,identical,100644,blob,3cb2256b722a351ac9fe85c9f66b87b56b1a451b,100644,blob,3cb2256b722a351ac9fe85c9f66b87b56b1a451b
Docs/MM_5102_STABILITY_HYBRID_FIX.md,identical,100644,blob,bf9bddc9ab6b0adf9de7c54e5af784ddaf464bd5,100644,blob,bf9bddc9ab6b0adf9de7c54e5af784ddaf464bd5
Docs/MM_RESTORE_KNOWN_GOOD_8B.md,identical,100644,blob,ec73a43ada755d1de77acc1c6b24200fdd1ad6e2,100644,blob,ec73a43ada755d1de77acc1c6b24200fdd1ad6e2
Docs/MQTT_PHASE2_COMMON_EVENT_MODEL.md,identical,100644,blob,89fa911bb7005469e13d4c97494da7c3442296ff,100644,blob,89fa911bb7005469e13d4c97494da7c3442296ff
Docs/MQTT_PHASE3_IOT_GATEWAY_OPENLAB.md,identical,100644,blob,e5f1b0589e750127f92bb9d4b30cc178c8344ef8,100644,blob,e5f1b0589e750127f92bb9d4b30cc178c8344ef8
Docs/MQTT_PHASE4_COMMAND_ACK_POLICY_OPENLAB.md,identical,100644,blob,885a14c0d677e3ab12de89ffbac4dd4d3c7ee857,100644,blob,885a14c0d677e3ab12de89ffbac4dd4d3c7ee857
Docs/MQTT_PHASE5_HOME_ASSISTANT_HOMEMATIC_OPENLAB.md,identical,100644,blob,dfa201ed0e2ecdc0dead7517682d2baeafbf6598,100644,blob,dfa201ed0e2ecdc0dead7517682d2baeafbf6598
Docs/MQTT_REGISTRATION_ACCEPT_V2.md,identical,100644,blob,2626c7c4524ec1fbe0f46c4b4e055ac967c8d0ef,100644,blob,2626c7c4524ec1fbe0f46c4b4e055ac967c8d0ef
Docs/MQTT_REREG_PTT_AIR_INTERFACE_FIX.md,identical,100644,blob,0ce5604a7888b38529b257639fc3747bd8d2a3bd,100644,blob,0ce5604a7888b38529b257639fc3747bd8d2a3bd
Docs/MQTT_RESTORE_V17_RADIO_REGISTRATION.md,identical,100644,blob,daab7d788a0d37ac78e39c8c7b547a53dc4ad210,100644,blob,daab7d788a0d37ac78e39c8c7b547a53dc4ad210
Docs/MULTI_PDCH_PACKET_DATA_LEGACY_WAP_2026-07-21.md,identical,100644,blob,43446ff196dc2b1892ee50a6b203378fae071b6c,100644,blob,43446ff196dc2b1892ee50a6b203378fae071b6c
Docs/MULTI_PDCH_PACKET_DATA_LEGACY_WAP_VALIDATION_2026-07-21.md,identical,100644,blob,11de0ca42799fb0e77a8e1c25bffc5f0f5d29226,100644,blob,11de0ca42799fb0e77a8e1c25bffc5f0f5d29226
Docs/Mappe1.xlsx,identical,100644,blob,5f146ba20a8cdd6b06cf7003202f1656c587e6c3,100644,blob,5f146ba20a8cdd6b06cf7003202f1656c587e6c3
Docs/NETCORE_DRIVE_ROADMAP.md,main_only,100644,blob,590a5ddf11a9346688bd8e08164a11f0b4c335a4,,,
Docs/NetCore-TETRA_Git-Deployment_Runbook_Phase1-11c_mit_LXC-Neuaufbau.md,identical,100644,blob,9f787eb08ff6fa85b480370855539751e3a17bed,100644,blob,9f787eb08ff6fa85b480370855539751e3a17bed
Docs/NetCore-Tetra-Komplettguide-2026-09-27.docx,identical,100644,blob,74ce24d15397555fa105310298fdc37721f1e37e,100644,blob,74ce24d15397555fa105310298fdc37721f1e37e
Docs/NetCore-Tetra-Komplettguide-2026-09-27.md,identical,100644,blob,28bebcfe1af87c949db870499d9e258318e31628,100644,blob,28bebcfe1af87c949db870499d9e258318e31628
Docs/NetCore-Tetra-Komplettguide-2026-09-27.pdf,identical,100644,blob,632e5933a494efe8ba8a76808603eb84d6cbe9b4,100644,blob,632e5933a494efe8ba8a76808603eb84d6cbe9b4
Docs/NetCore-Tetra-Komplettguide-2026-09-28.docx,main_only,100644,blob,2fee0440150b234b1cd82beb1e0ad72163298319,,,
Docs/NetCore-Tetra-Komplettguide-2026-09-28.md,main_only,100644,blob,fe644850a006804f3c025859a8b55e0fde82df9b,,,
Docs/NetCore-Tetra-Komplettguide-2026-09-28.pdf,main_only,100644,blob,f73d2e21207c70ddb7db59eca22af1a840ed0845,,,
Docs/NetCore-Tetra-Komplettguide-2026-10-07.docx,main_only,100644,blob,119a871a46a0b666983ae02d705009b8ba6e1359,,,
Docs/NetCore-Tetra-Komplettguide-2026-10-07.md,main_only,100644,blob,93bd2a598493b8057e1dfb3da37296c9b39853b8,,,
Docs/NetCore-Tetra-Komplettguide-2026-10-07.pdf,main_only,100644,blob,914617fd890b53b7f7370b9af42a0cc0d0bd2442,,,
Docs/NetCore-Tetra-Komplettguide.docx,identical,100644,blob,8f096df350e53a53d2cbb4523094fb552727c276,100644,blob,8f096df350e53a53d2cbb4523094fb552727c276
Docs/NetCore-Tetra-Komplettguide.md,identical,100644,blob,de9d630f25a9e4b2e597372fcb35fdd49ad955c2,100644,blob,de9d630f25a9e4b2e597372fcb35fdd49ad955c2
Docs/NetCore-Tetra-Komplettguide.pdf,identical,100644,blob,f506cab5b89d728f408d657e1f81fc7dcd50d6cb,100644,blob,f506cab5b89d728f408d657e1f81fc7dcd50d6cb
Docs/NetCore-Tetra-Systemhandbuch-2026-09-27.docx,identical,100644,blob,9fa4698ee42657f7d160657ee625bf24fab2d853,100644,blob,9fa4698ee42657f7d160657ee625bf24fab2d853
Docs/NetCore-Tetra-Systemhandbuch-2026-09-27.md,identical,100644,blob,8f605a659f9b0e412df076ef71b1d4be95568889,100644,blob,8f605a659f9b0e412df076ef71b1d4be95568889
Docs/NetCore-Tetra-Systemhandbuch-2026-09-27.pdf,identical,100644,blob,4552b80bcb20ffb72ecce63162886fcb1d90b6f0,100644,blob,4552b80bcb20ffb72ecce63162886fcb1d90b6f0
Docs/NetCore-Tetra-Systemhandbuch-2026-09-28.docx,main_only,100644,blob,f870b9acc2d86f1f9286cff16aa052de2f8954c6,,,
Docs/NetCore-Tetra-Systemhandbuch-2026-09-28.md,main_only,100644,blob,0b8d381181e73136d7ed95a81a4a07b590f0ef85,,,
Docs/NetCore-Tetra-Systemhandbuch-2026-09-28.pdf,main_only,100644,blob,5a287bbfa79109240a7be6dc38a97264f741a5eb,,,
Docs/NetCore-Tetra-Systemhandbuch-2026-10-07.docx,main_only,100644,blob,506c6c0cd24910c87f167179b4c78df52be77a98,,,
Docs/NetCore-Tetra-Systemhandbuch-2026-10-07.md,main_only,100644,blob,749c9c613e6ec994a2979c1e1e0e6eb264f6251a,,,
Docs/NetCore-Tetra-Systemhandbuch-2026-10-07.pdf,main_only,100644,blob,5bd5213f75ce916267bb70a7a1d8d41e9edc9a51,,,
Docs/NetCore-Tetra-Systemhandbuch.docx,identical,100644,blob,9dbddfce0c77d36ffa0c160558c1f229724d7114,100644,blob,9dbddfce0c77d36ffa0c160558c1f229724d7114
Docs/NetCore-Tetra-Systemhandbuch.md,identical,100644,blob,4441a6765461c61285196cddf1af6e7e45ef5246,100644,blob,4441a6765461c61285196cddf1af6e7e45ef5246
Docs/NetCore-Tetra-Systemhandbuch.pdf,identical,100644,blob,a0eb78fd758e4fa730cfb2d345174b3813b69dcc,100644,blob,a0eb78fd758e4fa730cfb2d345174b3813b69dcc
Docs/OPEN_LAB_E2E_RUNBOOK.md,identical,100644,blob,5fc700a351e5d875598b0244c751d6a5ddaec6a0,100644,blob,5fc700a351e5d875598b0244c751d6a5ddaec6a0
Docs/OPEN_LAB_LXC_DEPLOYMENT.md,identical,100644,blob,311b50cc2584ab2b7777c97eab19886b6fa4a3c4,100644,blob,311b50cc2584ab2b7777c97eab19886b6fa4a3c4
Docs/PACKET_DATA_COMPILE_FIX_R1_2026-07-21.md,identical,100644,blob,802de3c956a8fcb144247c0be8221b6d6ec3b539,100644,blob,802de3c956a8fcb144247c0be8221b6d6ec3b539
Docs/PACKET_DATA_COMPLETE_INTEGRATION_2026-07-21.md,identical,100644,blob,c7636a7acc54b8c0e503cbd371193e435f4e3d65,100644,blob,c7636a7acc54b8c0e503cbd371193e435f4e3d65
Docs/PACKET_DATA_COVERAGE_2026-07-21.md,identical,100644,blob,72ea42f7d17e387ea727b20ff2b21cd4237fe6a9,100644,blob,72ea42f7d17e387ea727b20ff2b21cd4237fe6a9
Docs/PACKET_DATA_GATEWAY_2026-07-21.md,identical,100644,blob,0e0bab0fc4f708a47da194e5f22458ce085c5934,100644,blob,0e0bab0fc4f708a47da194e5f22458ce085c5934
Docs/PACKET_DATA_SECURITY_2026-07-21.md,identical,100644,blob,fab5f896966ef895eac98fac7ee730366653477a,100644,blob,fab5f896966ef895eac98fac7ee730366653477a
Docs/PACKET_DATA_VALIDATION_2026-07-21.md,identical,100644,blob,d6c6c8fced63358b3f10ff9afa6c07871ec03b06,100644,blob,d6c6c8fced63358b3f10ff9afa6c07871ec03b06
Docs/PHASE1_LOCAL_RECORDING.md,identical,100644,blob,e6c82c9477ec971b4aef4c5a3273c1cb9dc9f899,100644,blob,e6c82c9477ec971b4aef4c5a3273c1cb9dc9f899
Docs/PHASE2_AUDIO_CENTER_UI.md,identical,100644,blob,a9f0ae48ae2dd9529f92ef44ba3b40ac3a4d943e,100644,blob,a9f0ae48ae2dd9529f92ef44ba3b40ac3a4d943e
Docs/PHASE2_LOCAL_AUDIO_DISPATCH.md,identical,100644,blob,2c31c8468221b250ec348a9aefe22568e3f4c65c,100644,blob,2c31c8468221b250ec348a9aefe22568e3f4c65c
Docs/PHASE3_AUDIO_FILE_PREVIEW.md,identical,100644,blob,5cd13ef1a47cf9bf6ebc1d0759ab25b861cc77c4,100644,blob,5cd13ef1a47cf9bf6ebc1d0759ab25b861cc77c4
Docs/PHASE3_AUDIO_PLAYER_CACHE_FALLBACK_FIX.md,identical,100644,blob,560275c8996bc2b0464bac26c1e242fc330b3297,100644,blob,560275c8996bc2b0464bac26c1e242fc330b3297
Docs/PHASE3_CONTEXT_MENU_MOBILE_FIX.md,identical,100644,blob,36868bfbe0edafe717cffd4b4640694584599745,100644,blob,36868bfbe0edafe717cffd4b4640694584599745
Docs/PHASE3_NFS_SERVER_BROWSER.md,identical,100644,blob,0c3751d5ce2574bcebf60d8e328bec65fa4ae496,100644,blob,0c3751d5ce2574bcebf60d8e328bec65fa4ae496
Docs/PHASE3_RECORDING_NFS_ARCHIVE.md,identical,100644,blob,2f8ae791dcecaacd90ada73572bbeb4b9ddbeb57,100644,blob,2f8ae791dcecaacd90ada73572bbeb4b9ddbeb57
Docs/PHASE4_AUDIO_COMMON_LAUNCH_GATE_FIX.md,identical,100644,blob,233a5a07829c9f1c3320be96103a704845b0abbf,100644,blob,233a5a07829c9f1c3320be96103a704845b0abbf
Docs/PHASE4_TTS_COMMON_SCCH_FRAME18_FIX.md,identical,100644,blob,dcd42feba3ad0eed7e016e76e71f169c53126ba4,100644,blob,dcd42feba3ad0eed7e016e76e71f169c53126ba4
Docs/PHASE4_TTS_COMMON_SCCH_PINNED_FIX.md,identical,100644,blob,78c43530bae430082f6f6d74f3a706890e044d28,100644,blob,78c43530bae430082f6f6d74f3a706890e044d28
Docs/PHASE4_TTS_EXACT_RECORDING_PATH_FIX.md,identical,100644,blob,0508956258019343481d5614e9340e6edd1eff49,100644,blob,0508956258019343481d5614e9340e6edd1eff49
Docs/PHASE4_TTS_FRAME18_QUEUE_HYGIENE_FIX.md,identical,100644,blob,9e55eec09a90f60c478b5abcc59d9cd0046ecc91,100644,blob,9e55eec09a90f60c478b5abcc59d9cd0046ecc91
Docs/PHASE4_TTS_MATERIALIZED_RECORDING_PATH_FIX.md,identical,100644,blob,a1ba1d1ac1230c533636813d4d6f3bd1d0d40d6b,100644,blob,a1ba1d1ac1230c533636813d4d6f3bd1d0d40d6b
Docs/PHASE4_TTS_NETWORK_GROUP_CALL_FIX.md,identical,100644,blob,e2061718d664c22114ffc7c7938aba758b7d9666,100644,blob,e2061718d664c22114ffc7c7938aba758b7d9666
Docs/PHASE4_TTS_PHASE1.md,identical,100644,blob,1e91edbe0333287ea39c48786ce667dce8e0af9f,100644,blob,1e91edbe0333287ea39c48786ce667dce8e0af9f
Docs/PHASE4_TTS_PIPER_ROUTE_FIX.md,identical,100644,blob,e639c13c41eedbaa2b49a3df3613ec4e5c3567a7,100644,blob,e639c13c41eedbaa2b49a3df3613ec4e5c3567a7
Docs/PHASE4_TTS_PREVIEW_ONLY_WORKFLOW.md,identical,100644,blob,e0d3c4ef22af5fa8c664068f64d888c5229ce782,100644,blob,e0d3c4ef22af5fa8c664068f64d888c5229ce782
Docs/PHASE4_TTS_RECORDING_LIBRARY_WORKFLOW.md,identical,100644,blob,b168c3de89e8564c99acda5242f43e73beee9780,100644,blob,b168c3de89e8564c99acda5242f43e73beee9780
Docs/PHASE4_TTS_RF_RELIABILITY_FIX.md,identical,100644,blob,2d770364241079c3a9eff4f7317359929d50af15,100644,blob,2d770364241079c3a9eff4f7317359929d50af15
Docs/PHASE4_TTS_SEPARATE_NFS_ARCHIVE.md,identical,100644,blob,9ff8ec3399f5cc69040dd4b5ff6a238f99048dbd,100644,blob,9ff8ec3399f5cc69040dd4b5ff6a238f99048dbd
Docs/PHASE4_TTS_STAYALIVE_MCCH_FIX.md,identical,100644,blob,3c847c8c4032111a15425388aec8cd1039da2346,100644,blob,3c847c8c4032111a15425388aec8cd1039da2346
Docs/PHASE4_TTS_TEMPLATES_LOCAL.md,identical,100644,blob,f98ae02dacb5735e24c35ede6dab0a52b3963d82,100644,blob,f98ae02dacb5735e24c35ede6dab0a52b3963d82
Docs/PHASE_10_ASSET_DEVICE_USER_MANAGEMENT.md,identical,100644,blob,a9f6369c83f6cff099505972e383c3e282ee6718,100644,blob,a9f6369c83f6cff099505972e383c3e282ee6718
Docs/PHASE_11B_LOCAL_TBS_SIP_FALLBACK.md,identical,100644,blob,d98de0b50d9957fb60db815586b31336d75adc94,100644,blob,d98de0b50d9957fb60db815586b31336d75adc94
Docs/PHASE_11C_EXCLUSIVE_SIP_REGISTRATION_FAILOVER.md,identical,100644,blob,966a9e079d879003440d1075682b68853490f521,100644,blob,966a9e079d879003440d1075682b68853490f521
Docs/PHASE_11_CENTRAL_SIP_SWITCH.md,identical,100644,blob,41c619518e95d7240e0974d5aee2d053aa46b3b9,100644,blob,41c619518e95d7240e0974d5aee2d053aa46b3b9
Docs/PHASE_6_HARDWARE_IO_RACK_MONITORING.md,identical,100644,blob,ffcafa0fb7e3a45e8457c3fc6946c1598e1c84b5,100644,blob,ffcafa0fb7e3a45e8457c3fc6946c1598e1c84b5
Docs/PHASE_7_RF_MONITORING.md,identical,100644,blob,6faeeaa229217be69ed0182f1a3b76e26eb9870a,100644,blob,6faeeaa229217be69ed0182f1a3b76e26eb9870a
Docs/PHASE_8_SDS_STATUS_ALARM_WORKFLOWS.md,identical,100644,blob,5e2a81c009d6113c1fc7ceadd6f4fca750ca4120,100644,blob,5e2a81c009d6113c1fc7ceadd6f4fca750ca4120
Docs/PHASE_9_WAP_FORMS_STRUCTURED_TASKS.md,identical,100644,blob,fdd4673b29a86ec3f8c79e099093d5cda0201623,100644,blob,fdd4673b29a86ec3f8c79e099093d5cda0201623
Docs/PROVISIONING_CORE_COMPLETE_INSTALL.md,identical,100644,blob,83242dae2ad53d526067f05c0a3f38e34296101e,100644,blob,83242dae2ad53d526067f05c0a3f38e34296101e
Docs/PROVISIONING_CORE_UI_V2.md,identical,100644,blob,80a99db736cc085e714bc4f649178128e75b3673,100644,blob,80a99db736cc085e714bc4f649178128e75b3673
Docs/REGISTRATION_LOOP_AND_GROUP_PTT_FIX_V18.md,identical,100644,blob,0f319b4ab9af9a8de692c8db293f4131f0088791,100644,blob,0f319b4ab9af9a8de692c8db293f4131f0088791
Docs/RELEASE_v1.9.0.md,identical,100644,blob,077b6ea385fd55e1447174422c4a048f95f90a26,100644,blob,077b6ea385fd55e1447174422c4a048f95f90a26
Docs/REPO_COMPARISON_2026-07-21.md,identical,100644,blob,f23a132bb4044a4c35cfa3245d024c9350384db5,100644,blob,f23a132bb4044a4c35cfa3245d024c9350384db5
Docs/SAP_PRIMITIVE_MATRIX.md,identical,100644,blob,8f189aa3b242bac9e13545db0155f8df3b3953c4,100644,blob,8f189aa3b242bac9e13545db0155f8df3b3953c4
Docs/SDS_CALL_CONTROL_FALLBACK_REPARATUR.md,identical,100644,blob,b0e027c2c3d7765542713896986165a04859a715,100644,blob,b0e027c2c3d7765542713896986165a04859a715
Docs/SDS_ROUTER_STATUS_ABSTURZ_REPARATUR.md,identical,100644,blob,8f1121ee13caa6f0655a4f6d2c000053a75fe3e0,100644,blob,8f1121ee13caa6f0655a4f6d2c000053a75fe3e0
Docs/SEPURA_GROUP_RELEASE_AND_REREG_FIX_V20.md,identical,100644,blob,8d45a0f2c54e50d36f6548027dbb5ee013809530,100644,blob,8d45a0f2c54e50d36f6548027dbb5ee013809530
Docs/SEPURA_INITIAL_REGISTRATION_FIX_V22.md,identical,100644,blob,7449cec3225c79a7e522efd3d4bec41b92597169,100644,blob,7449cec3225c79a7e522efd3d4bec41b92597169
Docs/SEPURA_REREG_FRAME18_BNCH.md,identical,100644,blob,57534a3b36ca5a4a34944eec8f7af38abc5cd9b5,100644,blob,57534a3b36ca5a4a34944eec8f7af38abc5cd9b5
Docs/SERVICE_CONTRACT_VERSIONING.md,identical,100644,blob,bf326d9428f894022f462aa23abb85ea9ab9c50f,100644,blob,bf326d9428f894022f462aa23abb85ea9ab9c50f
Docs/SNDCP_COMPLETE.md,identical,100644,blob,692cce7653ac0ac5368ea059c591cde23f8c944d,100644,blob,692cce7653ac0ac5368ea059c591cde23f8c944d
Docs/STATE_MACHINE_INVENTORY.md,identical,100644,blob,f97da42d92510f28171ede30327033a77f4468bc,100644,blob,f97da42d92510f28171ede30327033a77f4468bc
Docs/SWMI_CORE_1_PACKAGE_A_APPLY.md,identical,100644,blob,951b194dab892471b93d2e4b4562fea376e08ea3,100644,blob,951b194dab892471b93d2e4b4562fea376e08ea3
Docs/SWMI_CORE_1_PACKAGE_A_SUBSCRIBER_CORE.md,identical,100644,blob,685d9beb7f385f6ac53ee213d81d89f8640fed4c,100644,blob,685d9beb7f385f6ac53ee213d81d89f8640fed4c
Docs/SWMI_CORE_1_PACKAGE_B_APPLY.md,identical,100644,blob,8abf39597390becbb6b00aca9ef4947c19c19224,100644,blob,8abf39597390becbb6b00aca9ef4947c19c19224
Docs/SWMI_CORE_1_PACKAGE_B_GROUP_CORE.md,identical,100644,blob,2315291e3816424abc981cff906fc95f47f7eb0a,100644,blob,2315291e3816424abc981cff906fc95f47f7eb0a
Docs/SWMI_CORE_1_PACKAGE_C_APPLY.md,identical,100644,blob,c7f16c0c4be80ff379ec6821e6888e9cfa4fae64,100644,blob,c7f16c0c4be80ff379ec6821e6888e9cfa4fae64
Docs/SWMI_CORE_1_PACKAGE_C_CALL_CONTROL.md,identical,100644,blob,56bdbf0be109df2386e46cb8522ffe000a207a69,100644,blob,56bdbf0be109df2386e46cb8522ffe000a207a69
Docs/SWMI_CORE_1_PACKAGE_D_APPLY.md,identical,100644,blob,71a58c9aaa082456d697d0d0b49ed8d3eac1e8b3,100644,blob,71a58c9aaa082456d697d0d0b49ed8d3eac1e8b3
Docs/SWMI_CORE_1_PACKAGE_D_MEDIA_SWITCH.md,identical,100644,blob,d55629b5b6146d1829dbe88c55de8b3fea8a7746,100644,blob,d55629b5b6146d1829dbe88c55de8b3fea8a7746
Docs/SWMI_CORE_1_PACKAGE_E_APPLY.md,identical,100644,blob,965355672cd7622004d7edae70e5a1e70c027735,100644,blob,965355672cd7622004d7edae70e5a1e70c027735
Docs/SWMI_CORE_1_PACKAGE_E_RECORDER.md,identical,100644,blob,994bd31d5b879cc68e80f0e16ee48ce320c2e13b,100644,blob,994bd31d5b879cc68e80f0e16ee48ce320c2e13b
Docs/SWMI_CORE_1_PACKAGE_F_APPLY.md,identical,100644,blob,42d99e6a74949a09a3eaded8ea17f3a96a6a7fd8,100644,blob,42d99e6a74949a09a3eaded8ea17f3a96a6a7fd8
Docs/SWMI_CORE_1_PACKAGE_F_SDS_ROUTER.md,identical,100644,blob,24694a7537815a8efa1b58ed2c094f22d9683bf2,100644,blob,24694a7537815a8efa1b58ed2c094f22d9683bf2
Docs/SWMI_CORE_1_PACKAGE_G_APPLY.md,identical,100644,blob,933a7255000b2251470e80ed5f831de45809ae82,100644,blob,933a7255000b2251470e80ed5f831de45809ae82
Docs/SWMI_CORE_1_PACKAGE_G_PACKET_CORE.md,identical,100644,blob,01299a0d9b02f9574f5380d22640cf860c2780a5,100644,blob,01299a0d9b02f9574f5380d22640cf860c2780a5
Docs/SWMI_CORE_1_PACKAGE_H_APPLY.md,identical,100644,blob,44f2ade3c56f3cfbec98663dff9ac5515abc74a7,100644,blob,44f2ade3c56f3cfbec98663dff9ac5515abc74a7
Docs/SWMI_CORE_1_PACKAGE_H_IP_GATEWAY.md,identical,100644,blob,09508edca431690c49c7d7539c6e8e56be30b374,100644,blob,09508edca431690c49c7d7539c6e8e56be30b374
Docs/SWMI_CORE_1_PACKAGE_I_SECURITY_CORE.md,identical,100644,blob,7eec0a7361c77ba111f164bbc6e041e28bff271f,100644,blob,7eec0a7361c77ba111f164bbc6e041e28bff271f
Docs/SWMI_CORE_1_PACKAGE_J_KMF.md,identical,100644,blob,7e0a3b53eca85a0ec1f729251f2066f7a640af8a,100644,blob,7e0a3b53eca85a0ec1f729251f2066f7a640af8a
Docs/SWMI_CORE_1_PACKAGE_K_TRANSIT.md,identical,100644,blob,8e41a36632d2c34e30eb08673d7e22c510a885a3,100644,blob,8e41a36632d2c34e30eb08673d7e22c510a885a3
Docs/SWMI_CORE_1_PACKAGE_L_CONTROL_ROOM.md,identical,100644,blob,df6b1b589c60679d1be06f165beabf6681726930,100644,blob,df6b1b589c60679d1be06f165beabf6681726930
Docs/SWMI_CORE_1_PACKAGE_M_OBSERVABILITY.md,identical,100644,blob,00557e57225ad422cb86d0d9599f7a51f815a324,100644,blob,00557e57225ad422cb86d0d9599f7a51f815a324
Docs/SWMI_CORE_1_PACKAGE_N_APPLICATION_GATEWAY.md,identical,100644,blob,469c0db95d97c5a2dc632a60126b363a10efe931,100644,blob,469c0db95d97c5a2dc632a60126b363a10efe931
Docs/SWMI_CORE_1_PACKAGE_O_MEDIA_LIBRARY.md,identical,100644,blob,16810a0619ea40e87e78f3a09e4458475b63d757,100644,blob,16810a0619ea40e87e78f3a09e4458475b63d757
Docs/SWMI_CORE_1_PACKAGE_P_APPLY.md,identical,100644,blob,9f39231ae8a68895567a194e76f1a4ef0c16598a,100644,blob,9f39231ae8a68895567a194e76f1a4ef0c16598a
Docs/SWMI_CORE_1_PACKAGE_P_SHARED_PLATFORM.md,identical,100644,blob,37a21e4e730b80fa9f16eeeabf2f572952405115,100644,blob,37a21e4e730b80fa9f16eeeabf2f572952405115
Docs/SWMI_CORE_1_PACKAGE_Q_APPLY.md,identical,100644,blob,18fcc4752b8779ca96ab9da1b99d54451fb9902c,100644,blob,18fcc4752b8779ca96ab9da1b99d54451fb9902c
Docs/SWMI_CORE_1_PACKAGE_Q_E2E_INTEGRATION.md,identical,100644,blob,243672394163df75483401e7a8a3fa4de2a8909b,100644,blob,243672394163df75483401e7a8a3fa4de2a8909b
Docs/SWMI_FOUNDATION_1_INVENTORY.md,identical,100644,blob,65d71859070862c2adc603da3430d0c8a81faa84,100644,blob,65d71859070862c2adc603da3430d0c8a81faa84
Docs/SWMI_FOUNDATION_1_PACKAGE_A_APPLY.md,identical,100644,blob,9e18619b2ff635fd6496faf3597bd4c37c4b71ab,100644,blob,9e18619b2ff635fd6496faf3597bd4c37c4b71ab
Docs/SWMI_FOUNDATION_1_PACKAGE_B.md,identical,100644,blob,3944a18d79cb8e2167efa3ab4ed941f512f8f200,100644,blob,3944a18d79cb8e2167efa3ab4ed941f512f8f200
Docs/SWMI_FOUNDATION_1_PACKAGE_B_APPLY.md,identical,100644,blob,fd7824d18410a406b75e0d9e6dee20e7f423ef9a,100644,blob,fd7824d18410a406b75e0d9e6dee20e7f423ef9a
Docs/SWMI_FOUNDATION_1_PACKAGE_C.md,identical,100644,blob,000ed99662d5117146af6278df05d89d42c3ce54,100644,blob,000ed99662d5117146af6278df05d89d42c3ce54
Docs/SWMI_FOUNDATION_1_PACKAGE_C_APPLY.md,identical,100644,blob,18c45e08fd756aaac5e4d7586635021077b7f5d5,100644,blob,18c45e08fd756aaac5e4d7586635021077b7f5d5
Docs/SWMI_FOUNDATION_1_PACKAGE_D.md,identical,100644,blob,20c9f520af447a3d69a71d161b3d56c3a8c87cd0,100644,blob,20c9f520af447a3d69a71d161b3d56c3a8c87cd0
Docs/SWMI_FOUNDATION_1_PACKAGE_D_APPLY.md,identical,100644,blob,d1771e880059f8e5bc5485ba5c371c8fc30eb1a4,100644,blob,d1771e880059f8e5bc5485ba5c371c8fc30eb1a4
Docs/SWMI_FOUNDATION_1_PACKAGE_E.md,identical,100644,blob,55bd321c819fe814066d833128a0e6cb6865efc4,100644,blob,55bd321c819fe814066d833128a0e6cb6865efc4
Docs/SWMI_FOUNDATION_1_PACKAGE_E_APPLY.md,identical,100644,blob,f0843200d55a88cfd1248882f3b2286a33e55b9a,100644,blob,f0843200d55a88cfd1248882f3b2286a33e55b9a
Docs/SWMI_FOUNDATION_1_WEBUI_EXTENSION.md,identical,100644,blob,15dde22ec66ca07548443eb59959e9689b04ed86,100644,blob,15dde22ec66ca07548443eb59959e9689b04ed86
Docs/SWMI_MAIN_AIR_INTERFACE_COMPATIBILITY_FIX.md,identical,100644,blob,1a4b92b754f6cd0041a0b7d5e0d74f7ff2dd7c81,100644,blob,1a4b92b754f6cd0041a0b7d5e0d74f7ff2dd7c81
Docs/SWMI_MAIN_COMPATIBILITY_VALIDATION.md,identical,100644,blob,7196376ec2e61b77ac193db28b5f14e86cfc694a,100644,blob,7196376ec2e61b77ac193db28b5f14e86cfc694a
Docs/SWMI_MOBILITY_1_PACKAGE_A.md,identical,100644,blob,f0065cb9fbf412cd333410fcb7ebd62fd1a5f405,100644,blob,f0065cb9fbf412cd333410fcb7ebd62fd1a5f405
Docs/SWMI_MOBILITY_1_PACKAGE_A_APPLY.md,identical,100644,blob,d3c0976b7fb5a5838bc80c68905e0510c14efda2,100644,blob,d3c0976b7fb5a5838bc80c68905e0510c14efda2
Docs/SWMI_MOBILITY_1_PACKAGE_B.md,identical,100644,blob,f797af9fc90ac22afddb4b597ffd6bf9c09479e0,100644,blob,f797af9fc90ac22afddb4b597ffd6bf9c09479e0
Docs/SWMI_MOBILITY_1_PACKAGE_B_APPLY.md,identical,100644,blob,5c12bdde5941995c404335a9c3127dcdb7ee2658,100644,blob,5c12bdde5941995c404335a9c3127dcdb7ee2658
Docs/SWMI_MOBILITY_1_PACKAGE_C.md,identical,100644,blob,fd78dcc3b6399eaf8059c765407476f0a6d0c571,100644,blob,fd78dcc3b6399eaf8059c765407476f0a6d0c571
Docs/SWMI_MOBILITY_1_PACKAGE_C_APPLY.md,identical,100644,blob,3a99827444f4d9bd12206fd38ad0639f3533d9c4,100644,blob,3a99827444f4d9bd12206fd38ad0639f3533d9c4
Docs/SWMI_MOBILITY_1_PACKAGE_D.md,identical,100644,blob,e1a64a1eb008671470dad6aa30fd9268af2db58b,100644,blob,e1a64a1eb008671470dad6aa30fd9268af2db58b
Docs/SWMI_MOBILITY_1_PACKAGE_D_APPLY.md,identical,100644,blob,3efcf63b8716fa7bdfc95460a76141548a0aff71,100644,blob,3efcf63b8716fa7bdfc95460a76141548a0aff71
Docs/SWMI_MOBILITY_1_PACKAGE_D_NODE_GATEWAY.md,identical,100644,blob,bc2522f9c332c1dbe6cc90d137b1b0eb668ca4ad,100644,blob,bc2522f9c332c1dbe6cc90d137b1b0eb668ca4ad
Docs/SWMI_MOBILITY_1_PACKAGE_E_APPLY.md,identical,100644,blob,74d07d323653741555e79502ea4938a76866dd53,100644,blob,74d07d323653741555e79502ea4938a76866dd53
Docs/SWMI_MOBILITY_1_PACKAGE_E_MOBILITY_CORE.md,identical,100644,blob,45873f0f99062787d07c97841bcb55e15cf81275,100644,blob,45873f0f99062787d07c97841bcb55e15cf81275
Docs/TLMC_TLPD_WORKLIST.md,identical,100644,blob,c673bc8114ea385829a8a35aaeb13eacef0e7d55,100644,blob,c673bc8114ea385829a8a35aaeb13eacef0e7d55
Docs/V170_REGISTRATION_AIR_RESTORE.md,identical,100644,blob,53f697f90002cd35d98edfe4ffe8b2aad471433c,100644,blob,53f697f90002cd35d98edfe4ffe8b2aad471433c
Docs/VERSTECKTE_INTEGRATIONEN.md,identical,100644,blob,b96f670460760c86cb424dbb5565b24100e4a87a,100644,blob,b96f670460760c86cb424dbb5565b24100e4a87a
Docs/WAP_INTEGRATION.md,identical,100644,blob,0d8f47c22b646c29d9917602ef281964d61adf8e,100644,blob,0d8f47c22b646c29d9917602ef281964d61adf8e
Docs/WAP_PORTAL.md,identical,100644,blob,9e15fe13edd1bc4c22ff344063572dda7d29fab2,100644,blob,9e15fe13edd1bc4c22ff344063572dda7d29fab2
Docs/WAP_PORTAL_VALIDATION_2026-07-30.md,identical,100644,blob,716215164c5f0efb183931d641388c1016f51b93,100644,blob,716215164c5f0efb183931d641388c1016f51b93
Docs/WAP_VALIDATION_2026-07-21.md,identical,100644,blob,36e68265c91b45d8c3d6f261efb1ff2eed0e81ec,100644,blob,36e68265c91b45d8c3d6f261efb1ff2eed0e81ec
Docs/archive/2026-10-03_android-control-app-flask-api-und-hybrid-manager.md,main_only,100644,blob,7e2403ccd3d2ccc29a253c15c8ea56b793ed7c9b,,,
Docs/archive/2026-10-03_basisstation-dashboard-deutsch-integrationen-wiki-dgna-gruppennamen.md,main_only,100644,blob,e6556b0e5114325c53b7f2b4706a7d6eec2a437a,,,
Docs/archive/2026-10-03_basisstation-issi-eigentuemer-und-systemidentitaet.md,main_only,100644,blob,ca9c1d0b22ee5fe0dc879a1bc9bc593031ee34bd,,,
Docs/archive/2026-10-03_control-room-windows-ui-rbac-status-tableau-directory-api.md,main_only,100644,blob,06d7562fd2fcd47885029160c895921e3ffb3869,,,
Docs/archive/2026-10-03_flowstation-dualcarrier-bearer-ack-release-und-secondary-control.md,main_only,100644,blob,4c20ef25f56a50944043439914c41e8e114a398c,,,
Docs/archive/2026-10-03_flowstation-dualcarrier-portierung-sxceiver-hotfixes.md,main_only,100644,blob,d17a61c204569f865afc559c3a7ca1bc681a8795,,,
Docs/archive/2026-10-03_flowstation-sds-services-gateways-und-bot-architektur.md,main_only,100644,blob,48758351acdabe9be03d88024c729dceda55f42a,,,
Docs/archive/2026-10-03_flowstation-wetterdaten-sds-weatherbot.md,main_only,100644,blob,51538d5c9b3cbbb63b3a9f8af3e105116f7bc300,,,
Docs/archive/2026-10-03_gespraechssimulator-issi-und-lokale-mikrofon-ptt-sprechstelle.md,main_only,100644,blob,b253385201eb94632f6fe8328de799bb802f5410,,,
Docs/archive/2026-10-03_git-wiki-und-netcore-zusatzmodule.md,main_only,100644,blob,c02a52d02f6d3636f147472ce98bc5db8e6529fa,,,
Docs/archive/2026-10-03_motorola-rua-rui-sds-decodierung-und-webui-benutzerverwaltung.md,main_only,100644,blob,093dbb6c1f681c7b980b40ad7fea2870804b853c,,,
Docs/archive/2026-10-03_netcore-tetra-aktenordner-design-helle-v2-9x16.md,main_only,100644,blob,ea3021b86e9c31cf97b1116b0ae431216cfbb4f1,,,
Docs/archive/2026-10-03_netcore-wallpaper-und-branding.md,main_only,100644,blob,003b1d188c65f46c3bc32063248b97442ae7c125,,,
Docs/archive/2026-10-03_sirio-spo-380-2-rx-tx-antennenmast-und-entkopplung.md,main_only,100644,blob,7ac7252d4569a3cdc1ca64d6157c425f052ecb14,,,
Docs/archive/2026-10-03_startbanner-runtime-versionierung-arm64-release-rustfmt.md,main_only,100644,blob,eb932273b79f696852da22443e0d50f6b20e7b2a,,,
Docs/archive/2026-10-03_usb-signatur-hybrid-control-brew-backup-und-receipt-server.md,main_only,100644,blob,3b547f4c52190a895a40f4199a7475e66b5687c9,,,
Docs/archive/2026-10-03_wap-sndcp-ip-gateway-multi-pdch-und-control-room.md,main_only,100644,blob,048fed484e0513da9ac7ba3adb77eec4e6196a15,,,
Docs/archive/2026-10-03_werma-racksignalisierung-bpi-r4-pro-und-rack-architektur.md,main_only,100644,blob,0422fb894bcfab3976d5c00300e673bcdd0a34ca,,,
Docs/archive/2026-10-04_basisstation-erstinstallation-sxceiver-hamtetra-dmo-und-bluestation.md,main_only,100644,blob,5697c114c892b310e3aaea631535c712e2d14d14,,,
Docs/archive/2026-10-04_basisstation-funktionsroadmap-einzelzelle-bis-multisite.md,main_only,100644,blob,edc8613244bd18c18d044209ea42b1e6bbe57d41,,,
Docs/archive/2026-10-04_codex-wap-ip-mehrgeraetebetrieb-und-logdiagnose.md,main_only,100644,blob,e97a08c1eaa836f946f927c551c672aa34b7933e,,,
Docs/archive/2026-10-04_etsi-mcc-mnc-ssi-gssi-bitlaengen-und-telekom-netzkennung.md,main_only,100644,blob,05d13189f884dac8e3f9ec8b450053af28aca18f,,,
Docs/archive/2026-10-04_event-funkplan-formular-word-und-gruppenzuordnung.md,main_only,100644,blob,ea5add3120d2e7ae68ab7062a8d441752fc4adad,,,
Docs/archive/2026-10-04_frn-lokalserver-modulares-funkrack-und-audio-routing.md,main_only,100644,blob,acfd4885d67b4da8dc3656a1b0396e7ae0098d77,,,
Docs/archive/2026-10-04_funkgeraete-inventarliste-excel-stammdaten-ohne-zubehoerbindung.md,main_only,100644,blob,dacad355b8dfe909dfacd8416a66b8e12e65a03f,,,
Docs/archive/2026-10-04_gruppenuebersicht-zebra-test-und-historische-testgruppen.md,main_only,100644,blob,9cbfbcfaa2f6831fc996d8b2f875136424672f91,,,
Docs/archive/2026-10-04_issi-nummernplan-rbac-und-vergaberichtlinie.md,main_only,100644,blob,db9f01e6c0cba5b2fe37cf2e6624c1242529421a,,,
Docs/archive/2026-10-04_mobile-tbs-koax-antennen-und-3d-druck-rf-patchpanel.md,main_only,100644,blob,bc831bb4e6de6232e8b555548f95e1f1f6e97f11,,,
Docs/archive/2026-10-04_netcore-rebranding-startbanner-stack-version-und-projektbeschreibung.md,main_only,100644,blob,a2065cfcab27e00c855f3768eaca9326f35bac80,,,
Docs/archive/2026-10-04_netcore-tetra-zkn-webseitenstruktur-subdomain-und-portale.md,main_only,100644,blob,76c6d666ac4558ad039b38f1413c5c154c8b322b,,,
Docs/archive/2026-10-04_pocsag-versus-lora-alarmierung-argumente-und-faktenkorrektur.md,main_only,100644,blob,bf65a9cbdd70fb3aafbb0e169e4cf4f4a2a5ca9b,,,
Docs/archive/2026-10-04_recorder-lxc-edge-fallback-echtzeit-und-buildfehler.md,main_only,100644,blob,c6e1be683435cd21535f69a63c069711f9714462,,,
Docs/archive/2026-10-04_rtw-statussynchronisation-issi-opta-und-leitstellenrueckmeldung.md,main_only,100644,blob,037f3de8a4026bb357acb47e763a6e7b5b68ed70,,,
Docs/archive/2026-10-04_support-mailadressen-level-l0-l4-und-sla-abgrenzung.md,main_only,100644,blob,430363420b1c3b600b592e589ec7979310f01f2a,,,
Docs/archive/2026-10-04_swmi-foundation-mobility-core-lxc-open-lab.md,main_only,100644,blob,bfa13898174f6c90aa0c30fc4183a0a67ffd6f88,,,
Docs/archive/2026-10-04_sxceiver-soapysx-trixie-libgpiod-build-reparatur.md,main_only,100644,blob,21ebc22b5c6ef3cdbcf726f2d323f3f912de0c35,,,
Docs/archive/2026-10-04_tetra-basisstation-konfiguration-und-phy-grundlagen.md,main_only,100644,blob,28fde6b976dda761a003374d070eaa81bca24beb,,,
Docs/archive/2026-10-04_tetra-fachbuch-canvas-normen-und-korrekturbedarf.md,main_only,100644,blob,08eca4d4d58fb14aa3b82b72c697e5b306331b26,,,
Docs/archive/2026-10-04_werma-signalleuchte-api-relais-pi-und-bootanzeige.md,main_only,100644,blob,3dbc46f01d805f23cb28c62c622ccb86899120d7,,,
Docs/archive/2026-10-04_zebra-handheld-basisstation-und-inventar-webui.md,main_only,100644,blob,1d36c595cc1249b71c8bed9b85cc479ffb8a7b41,,,
Docs/archive/2026-10-05_android-tetra-modul-virtueller-airlink-und-realtime-core.md,main_only,100644,blob,2a952555ab8c296bb01218ecb9a81048c3398e43,,,
Docs/archive/2026-10-05_antennenposition-mastkopf-quertraeger-und-3d-druck-adapter.md,main_only,100644,blob,78d696a78f6acbc62c00f99725766139cfdb8905,,,
Docs/archive/2026-10-05_basisstation-clean-install-sxceiver-soapysx-sndcp-healthchecks.md,main_only,100644,blob,c32c4d3c8f68ad47c56a519a7ee005e3a26bf74c,,,
Docs/archive/2026-10-05_basisstation-gpio-breakout-jumper-steuerung-sxceiver.md,main_only,100644,blob,7b88a267c2dbdd7863dcbb55688ae5b81cf64638,,,
Docs/archive/2026-10-05_bpi-r4-netcore-tetra-router-5g-wifi7-sbc.md,main_only,100644,blob,4954ebf43554a3f6cad53f36ece20d0dff4589ad,,,
Docs/archive/2026-10-05_brew-server-integration-protokolladapter-und-core-zustaendigkeiten.md,main_only,100644,blob,5d143ea5ee64da3a97d3a2c0e0b517ff5347a626,,,
Docs/archive/2026-10-05_deployment-vm-tbs-imagebuilder-und-auto-discovery.md,main_only,100644,blob,f92982b5f487a0e61a906bef14aff8d6ea5c0a64,,,
Docs/archive/2026-10-05_ein-pi-ein-sxceiver-dritter-carrier-mit-eigenem-mcc-mnc.md,main_only,100644,blob,4f2ba7c3cfbdb990cc37d7b00dbe710066582fbb,,,
Docs/archive/2026-10-05_handbuch-schreiben-25-baende-einleitungen-und-ausleitungen.md,main_only,100644,blob,5a6f9f1fd69557c810a78663c237f89fd450984a,,,
Docs/archive/2026-10-05_home-assistant-proxmox-mqtt-sds-diagnose.md,main_only,100644,blob,3a3a79d1fdbccd172822c5c24683757846c0c93e,,,
Docs/archive/2026-10-05_installationsanleitung-ab-null-tbs02-build-sdr-systemd.md,main_only,100644,blob,09dd82c88871b89b65be012244b4da3500214d41,,,
Docs/archive/2026-10-05_main-kompatibler-rf-pfad-pi-neuinstallation-sxceiver-und-swmi-fallback.md,main_only,100644,blob,3d42385e76a81277e6145d9ee95604eacdafd78c,,,
Docs/archive/2026-10-05_media-library-tts-archivierung-basisstations-playout-und-ip-gateway-routing.md,main_only,100644,blob,7722166a88965b4885dd3ce714abca5a12ee60f2,,,
Docs/archive/2026-10-05_mobiles-4he-rack-sophos-proxmox-core-wlan-und-dect.md,main_only,100644,blob,e85eea1b36cf9fb3b488d9b491bed733a71207ff,,,
Docs/archive/2026-10-05_motorola-cps-wap-browser-konfiguration.md,main_only,100644,blob,f94fbad82f828747707e472502151076ec748764,,,
Docs/archive/2026-10-05_netcore-dispatch-idecs-arbeitsplatz-rbac-audio-und-adaptive-ui.md,main_only,100644,blob,6103bfbff8ebee4fb6ab88d3d510d87c788ed897,,,
Docs/archive/2026-10-05_sepura-scg2229-import-zoll-bnetza-iza.md,main_only,100644,blob,be723aa7338aafd5491d1348c520d027901be35b,,,
Docs/archive/2026-10-05_snipeit-nfc-assetops-android-geraeteausgabe.md,main_only,100644,blob,a23d576622a27496f88a157b2b4544ceb6ecd49b,,,
Docs/archive/2026-10-05_sxceiver-gpio-sensorik-tft-und-modularer-hardwareausbau.md,main_only,100644,blob,02a4421c1c6f94eff8ed3a9af4e3c3b48cde8cfa,,,
Docs/archive/2026-10-05_virtuelle-tbs-funkgeraete-simair-handover-testlabor.md,main_only,100644,blob,600944d997f0f48f93c683ad9f4fa244826042b5,,,
Docs/archive/2026-10-05_wap-portal-xhtml-wml-und-rust-testfehler.md,main_only,100644,blob,c3916d398bacfed0353e9f5178283a89106d5065,,,
Docs/archive/2026-10-06_bost-flowstation-seamless-handover-mehrzellen-restore-und-portierungsanalyse.md,main_only,100644,blob,e2e5ce75908186f19b5d2c239170c1a10009983c,,,
Docs/archive/2026-10-06_discovery-bat-rollout-proxmox-fortsetzung-und-freepbx-zugang.md,main_only,100644,blob,5e1c69dd7ae36be4103777550bb6158441446562,,,
Docs/archive/2026-10-06_flowstation-bluestation-erweiterungsideen-mqtt-cyd-mmi-sds-dgna-geoalarm.md,main_only,100644,blob,6585bca10ad58d8d7ccbc325ab8077c89f64aa06,,,
Docs/archive/2026-10-06_kicad-dual-baseboard-230v-schaltplan-pcb-und-footprints.md,main_only,100644,blob,f31cc855312c8d11a3176bb506f0d9560ae734a6,,,
Docs/archive/2026-10-06_netcore-academy-moodle-kurssystem-noob-bis-bitdecoder.md,main_only,100644,blob,86a2a276722bb2d7ea51261c0fe8f6f8744ec273,,,
Docs/archive/2026-10-06_netcore-drive-iam-browser-plugins-gesamtroadmap-und-gruppensteuerung.md,main_only,100644,blob,4ae30c59939d51585b9e4ff2f32a1d2ce7d6e15c,,,
Docs/archive/2026-10-06_netcore-tetra-systemhandbuch-400-seiten-abschluss.md,main_only,100644,blob,120a03d01ade0ef9f1833555b8addb5d462cc087,,,
Docs/archive/2026-10-06_netcore-ui-redesign-basisstation-dienste-rf-dark-mode-und-builddiagnose.md,main_only,100644,blob,3985af4083f83f1e31d7d994d52f7603a723e13c,,,
Docs/archive/2026-10-06_observability-syslog-discovery-nfs-logarchivierung.md,main_only,100644,blob,3cde208ac99c965dbd0b7c3d206b7b998b551543,,,
Docs/archive/2026-10-06_pi5-ai-hat-plus-2-sxceiver-optionale-ki-basisstation.md,main_only,100644,blob,53ae0d7b7396e4d94ce856c7d9b3ee1d079e2951,,,
Docs/archive/2026-10-06_raspberry-pi-openvpn-autoverbindung-vertrauenswuerdige-netze.md,main_only,100644,blob,e0ad3150aa92df679db7fabf5de32d35628b89e7,,,
Docs/archive/2026-10-06_raspberry-pi-os-openvpn-client-gui-und-autostart.md,main_only,100644,blob,a23ac5ecf91fdef9970228407d8e3e51f5fc0d60,,,
Docs/archive/2026-10-06_rereg-netzlast-zentraler-sip-switch-freepbx-cli-und-release.md,main_only,100644,blob,5a2477a422401b0956699422142a072b3a1d4718,,,
Docs/archive/2026-10-06_roadmap-ui-dark-mode-zentrale-rbac-und-cmce-restore.md,main_only,100644,blob,8efeffd45319f47b21279666a98e798660e85af2,,,
Docs/archive/2026-10-06_sxceiver-led-beobachtung-gpio-pinbelegung-und-live-diagnose.md,main_only,100644,blob,34d2216fd3a57d0227078a0f6f33e2def075566b,,,
Docs/archive/2026-10-06_tbs-container-updates-katwarn-reparaturen-release-und-brancharchiv.md,main_only,100644,blob,7cc9b222fb6f682f09dcf03a0b567723758eaea4,,,
Docs/archive/Futuristische Netzwerkpräsentation mit globaler Vernetzung.png,main_only,100644,blob,a7c6844dea5daf1efa12ab3c23cbb1603ee6b40d,,,
Docs/archive/Futuristischer NetCore-Tetra Operations-Ordner.png,main_only,100644,blob,c6f0866c4aa0c7c7def0510eb8b21a629fa74af0,,,
Docs/archive/Futuristisches digitales NetCore Wallpaper.png,main_only,100644,blob,82b0824f1adefb8d1a9e6981b0f00b2e16320534,,,
Docs/archive/NetCore-Tetra Unternehmenshandbuch Präsentation.png,main_only,100644,blob,1fa655a415863659ee65877dcf28f18318c6e4be,,,
Docs/archive/NetCore-Tetra operations binder Präsentation.png,main_only,100644,blob,832649389d87209d865a9f6a2f004e9c9dcad934,,,
Docs/archive/NetCore-Tetra_ digital. dezentral. skalierbar.png,main_only,100644,blob,49d7f40f127265fdc006f1fa71a78fc2dc21ab0d,,,
Docs/archive/NetCore-Tetra_ digitale Vernetzung der Zukunft.png,main_only,100644,blob,4200635f2c066287df9d13dd1c27f04a0d65a6aa,,,
Docs/archive/NetCore-Tetra_ vernetztes digitales Universum.png,main_only,100644,blob,c1abdd0c7bba9e30cd22133d4b7893cf8b697c36,,,
Docs/archive/README.md,main_only,100644,blob,ee23149b99fe26c23c5ccb6750a828f583fd29e7,,,
Docs/archive/Taktischer Operationshandbuch_ NETCORE TETRA.png,main_only,100644,blob,d1e7ea534c6ad3829bfe3ee715eb22c8149ce939,,,
Docs/archive/assets/2026-10-03_netcore-tetra-aktenordner-design/01_gold-generisch-verworfen-vorschau.webp,main_only,100644,blob,642623b6df27a470e6a842cafc7e16af6700f29f,,,
Docs/archive/assets/2026-10-03_netcore-tetra-aktenordner-design/06_logo-original-vorschau.webp,main_only,100644,blob,42f28f8505f9709390b73623281712d7d83b8168,,,
Docs/archive/assets/2026-10-03_netcore-tetra-aktenordner-design/07_motorola-referenz-zugeschnitten-vorschau.webp,main_only,100644,blob,98d6d5e7821dbc277a9dd880b5f704f9f1a63ec7,,,
Docs/archive/assets/2026-10-03_netcore-tetra-aktenordner-design/asset-manifest.json,main_only,100644,blob,ea4c6676f8917346065ee060ab9a344152728227,,,
Docs/archive/assets/2026-10-03_netcore-tetra-aktenordner-design/pdf-inventar.tsv,main_only,100644,blob,f5b65c10d36f469dc24835530bda5f44ca95dd65,,,
Docs/archive/assets/2026-10-04_mobile-tbs-koax-antennen-und-patchpanel/01_rf-patchpanel-konzept-alte-masse.png,main_only,100644,blob,bacf36f4af9263f204c8905f9f6cd25fe6e33045,,,
Docs/archive/assets/2026-10-04_mobile-tbs-koax-antennen-und-patchpanel/02_rf-patchpanel-alternative-konzeptzeichnung.png,main_only,100644,blob,239c7f6264a5ba234e621c78a65715f545baf89b,,,
Docs/archive/assets/2026-10-04_mobile-tbs-koax-antennen-und-patchpanel/03_rf-io-patchpanel-layoutkonzept.png,main_only,100644,blob,8388c8a64af9cbac1b9494a747d3446a0cbeca94,,,
Docs/archive/assets/2026-10-04_mobile-tbs-koax-antennen-und-patchpanel/3MF_Validierung.json,main_only,100644,blob,44df99d6b32333357ba9783c368740e8ce715c16,,,
Docs/archive/assets/2026-10-04_mobile-tbs-koax-antennen-und-patchpanel/Geometriepruefung.json,main_only,100644,blob,e5b2c81dcc79d8c85c73d43ae5fb2f51465bd8f8,,,
Docs/archive/assets/2026-10-04_mobile-tbs-koax-antennen-und-patchpanel/Lochkoordinaten_mm.csv,main_only,100644,blob,3c161d0c263045ef1100494a7bd05cfe63732f94,,,
Docs/archive/assets/2026-10-04_mobile-tbs-koax-antennen-und-patchpanel/NetCore_Tetra_Patchpanel_3MF_Paket.zip,main_only,100644,blob,f2cfe40821134a0f0d9f90674371e7bf1ffbfd2c,,,
Docs/archive/assets/2026-10-04_mobile-tbs-koax-antennen-und-patchpanel/NetCore_Tetra_Patchpanel_A1_Mehrfarbig.3mf,main_only,100644,blob,1dd42d4e6f62dff0e858bcb5c0301a95085a1eab,,,
Docs/archive/assets/2026-10-04_mobile-tbs-koax-antennen-und-patchpanel/README_Druck_und_Montage.md,main_only,100644,blob,cdfafbe15744cfa8ae5437d2eca9b064e30bf2d5,,,
Docs/archive/assets/2026-10-04_mobile-tbs-koax-antennen-und-patchpanel/ZUERST_DRUCKEN_Neutrik_Passformtest.3mf,main_only,100644,blob,ff005148223444d802d112229263a61e73475591,,,
Docs/archive/assets/2026-10-04_mobile-tbs-koax-antennen-und-patchpanel/asset-manifest.json,main_only,100644,blob,3bf91bcb2d3203f9aeb9d9deba2bff0b2fd6e55b,,,
Docs/archive/assets/2026-10-04_recorder-lxc/guide-architecture.png,main_only,100644,blob,c15816a1409ae7adc7c8cb2fc2e5679f7bb5b9d6,,,
Docs/archive/assets/2026-10-04_recorder-lxc/guide-deployment.png,main_only,100644,blob,09a70a2ddb421ab012809bb43ee4083d4e1d28a1,,,
Docs/archive/assets/2026-10-04_recorder-lxc/guide-fallback.png,main_only,100644,blob,e45965d91b8e816f77e40f0c55fb4db28c42037b,,,
Docs/archive/assets/2026-10-05_antennenposition-mastkopf-quertraeger/01_antennenposition_mast.jpg,main_only,100644,blob,bee8537665ba05b2484bb5ace8dae6ce42c3e37e,,,
Docs/archive/assets/2026-10-05_antennenposition-mastkopf-quertraeger/02_metalladapter_spigot.jpg,main_only,100644,blob,13677b6639cefde01c124a66cf2eb602992f1dc5,,,
Docs/archive/assets/2026-10-05_antennenposition-mastkopf-quertraeger/03_mastkopf_aufnahme.jpg,main_only,100644,blob,ee86f43e63cf1303b0738dec85444d49c8e02ff6,,,
Docs/archive/assets/2026-10-05_antennenposition-mastkopf-quertraeger/04_metalladapter_im_mastkopf.jpg,main_only,100644,blob,fc6c72b1a226fd970d624d54c21e09f9c6cdb879,,,
Docs/archive/assets/2026-10-05_basisstation-clean-install-sxceiver-soapysx-sndcp-healthchecks/eingefuegter-text-21.txt,main_only,100644,blob,65e36e8485a62aefde46a8f9adb42ca69a74b851,,,
Docs/archive/assets/2026-10-05_basisstation-clean-install-sxceiver-soapysx-sndcp-healthchecks/systemdienste-fallback-subscriber-media-library.jpg,main_only,100644,blob,7b9320be96e8d153e99d3accca9c60a67657583a,,,
Docs/archive/assets/2026-10-05_eigenes-idecs-6aa5e838/01-idecs-referenz-ansicht.png,main_only,100644,blob,3e9e2984c98e550184f532d8cd8c5956e72089a1,,,
Docs/archive/assets/2026-10-05_eigenes-idecs-6aa5e838/02-idecs-referenz-ansicht.png,main_only,100644,blob,a9afe1c93008c25fcc4a649995f9574e3d76872c,,,
Docs/archive/assets/2026-10-05_eigenes-idecs-6aa5e838/03-idecs-referenz-ansicht.png,main_only,100644,blob,f85318ac3f162996f51ec8e234cb4cf474ade84d,,,
Docs/archive/assets/2026-10-05_eigenes-idecs-6aa5e838/04-idecs-referenz-ansicht.png,main_only,100644,blob,8f1f900a2350207a37ce0f1967305a4e2cb0715d,,,
Docs/archive/assets/2026-10-05_eigenes-idecs-6aa5e838/05-idecs-referenz-ansicht.png,main_only,100644,blob,f42cb80d7927a6afbeded66f5600e3af50d9f011,,,
Docs/archive/assets/2026-10-05_eigenes-idecs-6aa5e838/06-idecs-referenz-ansicht.png,main_only,100644,blob,74effce51b6e13eb2eb8acf4a4a7706a4b6b9688,,,
Docs/archive/assets/2026-10-05_eigenes-idecs-6aa5e838/07-idecs-referenz-ansicht.png,main_only,100644,blob,7391208fec1dcc40cd36ece59be40958eb2f1041,,,
Docs/archive/assets/2026-10-05_eigenes-idecs-6aa5e838/08-idecs-referenz-ansicht.png,main_only,100644,blob,28b28d592b02fc73a2b9f6497382a47cb3227ea1,,,
Docs/archive/assets/2026-10-05_eigenes-idecs-6aa5e838/09-idecs-referenz-ansicht.png,main_only,100644,blob,1c14a5d585038c9d33c5c2013ffe57f9903d15f5,,,
Docs/archive/assets/2026-10-05_eigenes-idecs-6aa5e838/10-idecs-referenz-ansicht.png,main_only,100644,blob,736d1c798b066b8b33181af1adf9024defcbf195,,,
Docs/archive/assets/2026-10-05_eigenes-idecs-6aa5e838/11-idecs-referenz-ansicht.png,main_only,100644,blob,88d93ade03659244ef92f09199a78c43751782d1,,,
Docs/archive/assets/2026-10-05_eigenes-idecs-6aa5e838/12-idecs-referenz-ansicht.png,main_only,100644,blob,56c4131926e6a36e7b7626fabe47235b344d177a,,,
Docs/archive/assets/2026-10-05_eigenes-idecs-6aa5e838/13-idecs-referenz-ansicht.png,main_only,100644,blob,18bacc5abb072e17492cd66bfed2a67eccc50370,,,
Docs/archive/assets/2026-10-05_eigenes-idecs-6aa5e838/14-idecs-referenz-ansicht.png,main_only,100644,blob,d8ec50312919051ab636a820e0ea2d5bb8b2f011,,,
Docs/archive/assets/2026-10-05_eigenes-idecs-6aa5e838/15-idecs-referenz-ansicht.png,main_only,100644,blob,f9d7879ad30cacfff29642f495e6ebef8b49fc3a,,,
Docs/archive/assets/2026-10-05_eigenes-idecs-6aa5e838/16-idecs-referenz-ansicht.png,main_only,100644,blob,1996aca87d49717ef68add2ef892c93b791af25c,,,
Docs/archive/assets/2026-10-05_eigenes-idecs-6aa5e838/17-idecs-referenz-ansicht.png,main_only,100644,blob,b24378ca0b9959de47d060ed6d5cd62516e5fb35,,,
Docs/archive/assets/2026-10-05_eigenes-idecs-6aa5e838/18-idecs-referenz-ansicht.png,main_only,100644,blob,bf0851e35ddb629f7d314efe839a1deaf9bc0c55,,,
Docs/archive/assets/2026-10-05_eigenes-idecs-6aa5e838/19-idecs-referenz-ansicht.png,main_only,100644,blob,2eadfd02a39abe85879cb93997690a0a150b9719,,,
Docs/archive/assets/2026-10-05_eigenes-idecs-6aa5e838/20-idecs-referenz-ansicht.png,main_only,100644,blob,5276559d3d88029140289c72545c6af595ff219a,,,
Docs/archive/assets/2026-10-05_eigenes-idecs-6aa5e838/21-idecs-referenz-ansicht.png,main_only,100644,blob,bb3bc894b9f7a8c22885a144bd0ef456ba9278c1,,,
Docs/archive/assets/2026-10-05_eigenes-idecs-6aa5e838/22-idecs-referenz-ansicht.png,main_only,100644,blob,ed62787b29c5cd4949edd7646739646d16f70c40,,,
Docs/archive/assets/2026-10-05_eigenes-idecs-6aa5e838/23-idecs-referenz-ansicht.png,main_only,100644,blob,fda45897d6cef15e99c67b140d2ee5805ed5da31,,,
Docs/archive/assets/2026-10-05_eigenes-idecs-6aa5e838/24-idecs-referenz-ansicht.png,main_only,100644,blob,e26f3c21b0ec57a43e406e6d6549540b9df0d76f,,,
Docs/archive/assets/2026-10-05_eigenes-idecs-6aa5e838/25-idecs-referenz-ansicht.png,main_only,100644,blob,147cd1250763c0c1ffb541487645c194f94ea366,,,
Docs/archive/assets/2026-10-05_eigenes-idecs-6aa5e838/26-idecs-referenz-ansicht.png,main_only,100644,blob,51ff57c268e05dbf636c38595a0b2d05664c1975,,,
Docs/archive/assets/2026-10-05_eigenes-idecs-6aa5e838/27-idecs-referenz-ansicht.png,main_only,100644,blob,6c1f8c0b4dfdfe7c489520005620c18ef7bfa678,,,
Docs/archive/assets/2026-10-05_eigenes-idecs-6aa5e838/28-idecs-referenz-ansicht.png,main_only,100644,blob,1ae8999f1166111a5f4abd33c7025db7a127daa4,,,
Docs/archive/assets/2026-10-05_eigenes-idecs-6aa5e838/29-idecs-referenz-ansicht.png,main_only,100644,blob,d3e3dac83aaed60178dd8c57937fdf74b4828598,,,
Docs/archive/assets/2026-10-05_eigenes-idecs-6aa5e838/30-idecs-referenz-ansicht.png,main_only,100644,blob,5fe2b58b7ff06aa6bc9a43ecb5833641a3d10710,,,
Docs/archive/assets/2026-10-05_eigenes-idecs-6aa5e838/31-netcore-dashboard-entwurf-ansicht.png,main_only,100644,blob,2278f3ed1c218400b5f6963da4fd623a5471e3f4,,,
Docs/archive/assets/2026-10-05_eigenes-idecs-6aa5e838/32-netcore-funk-entwurf-ansicht.png,main_only,100644,blob,0bf441d52443c43b06643f1f9a808bd06862a80a,,,
Docs/archive/assets/2026-10-05_eigenes-idecs-6aa5e838/manifest.json,main_only,100644,blob,8b884649c3e425b84e11dcd2d3944f8afbf83019,,,
Docs/archive/assets/2026-10-05_gpio-breakout-jumper/01_osoyoo-breakout-board.svg,main_only,100644,blob,6130c54e9ded457ef6bd62269da7baff3ed4b863,,,
Docs/archive/assets/2026-10-05_gpio-breakout-jumper/02_freenove-breakout-board.svg,main_only,100644,blob,4c195ed8feedf11741352b8d6cc4c41158109db7,,,
Docs/archive/assets/2026-10-05_gpio-breakout-jumper/03_freenove-stacked-on-pi.svg,main_only,100644,blob,c3f466f8cb5858b11dbff2674bd2a80bf99016e3,,,
Docs/archive/assets/2026-10-05_homeassistant-mqtt-sds/01-vm-bootfehler-ansicht.jpg,main_only,100644,blob,5ef36a07c69aacba6d93c4463972274a3f3e6942,,,
Docs/archive/assets/2026-10-05_homeassistant-mqtt-sds/02-proxmox-vm148-hardware-ansicht.jpg,main_only,100644,blob,03c895e01ccb3743b800ddb756430e0858ae8dcb,,,
Docs/archive/assets/2026-10-05_homeassistant-mqtt-sds/03-homeassistant-laeuft-ansicht.jpg,main_only,100644,blob,8360be278c477cc2489070c7c2affe4a82a3f9a9,,,
Docs/archive/assets/2026-10-05_homeassistant-mqtt-sds/04-mqtt-vier-geraete-acht-entitaeten-ansicht.jpg,main_only,100644,blob,96bd4619ca406b3f604140a5f1b86da66d6cee3b,,,
Docs/archive/assets/2026-10-05_homeassistant-mqtt-sds/05-ha-sds-topic-leer.png,main_only,100644,blob,8bfb21f9f53e042968fa57131c19b01c3a2e55ad,,,
Docs/archive/assets/2026-10-05_homeassistant-mqtt-sds/06-tbs-sds-empfang.png,main_only,100644,blob,3e63017c56a375ed3d5fa9049d00ba1ccf9418ea,,,
Docs/archive/assets/2026-10-05_homeassistant-mqtt-sds/07-iot-gateway-outbox.png,main_only,100644,blob,53f6d5d65135ae856f44a0037e905e2da10fee2f,,,
Docs/archive/assets/2026-10-05_homeassistant-mqtt-sds/README.md,main_only,100644,blob,dd8f8b7dcb04a79ffdff4c348a22971b4ba7d345,,,
Docs/archive/assets/2026-10-05_installation-ab-null-tbs02/laufzeit-20260912-bereinigt.txt,main_only,100644,blob,fe847ffd5c6e12b220297d7a77ca8053f323b4a2,,,
Docs/archive/assets/2026-10-05_installation-ab-null-tbs02/provenienz.json,main_only,100644,blob,ad177b2db0a5d37f7083e22644509eec0cfe8ff2,,,
Docs/archive/assets/2026-10-05_ip-gateway-fallback-timeout.png,main_only,100644,blob,d9b0cd2c17d6e5b78657886f4f45b3262b82ab67,,,
Docs/archive/assets/2026-10-05_media-library-aussendung-shadow-ui.png,main_only,100644,blob,271898a669495e5ef7409a8629da4bc1ff143e4a,,,
Docs/archive/assets/2026-10-05_motorola-cps-wap-browser/motorola-cps-wap-screenshots.svg,main_only,100644,blob,45959dfec98b3a15fb47cc60d252ba3cc91375df,,,
Docs/archive/assets/2026-10-05_scg2229-import/01_chatbilder_01-03.webp,main_only,100644,blob,7be0a6731c8ab06f9b80391d141cac4243a1de39,,,
Docs/archive/assets/2026-10-05_scg2229-import/02_chatbilder_04-06.webp,main_only,100644,blob,7e084768eb0d5748dd886213edd925c7dbe74778,,,
Docs/archive/assets/2026-10-05_scg2229-import/03_chatbilder_07-09.webp,main_only,100644,blob,2ed64a13fa513f1be0b6189a1bed408d50da446a,,,
Docs/archive/assets/2026-10-05_scg2229-import/04_chatbilder_10-12.webp,main_only,100644,blob,0716071c7ffc3877d52d8bd4cc3b0a1ed90c2beb,,,
Docs/archive/assets/2026-10-05_scg2229-import/05_chatbilder_13-15.webp,main_only,100644,blob,9d39817029def0b0e8149d3ed82c94cbd0c2a325,,,
Docs/archive/assets/2026-10-06_kicad-dual-baseboard-230v/.gitattributes,main_only,100644,blob,fa1385d99a319b43c06f5309d1aae9fdd3adea46,,,
Docs/archive/assets/2026-10-06_kicad-dual-baseboard-230v/NetCore-Tetra-Dual-Baseboard-KiCad-v0.1.1.zip,main_only,100644,blob,48e7ba692b3dd3cc19f31ae80f2a6a0068cb837a,,,
Docs/archive/assets/2026-10-06_kicad-dual-baseboard-230v/NetCore-Tetra-Dual-Baseboard-KiCad-v0.2.zip,main_only,100644,blob,b773030a29a84bcf2720ab71f633b6da5d86475d,,,
Docs/archive/assets/2026-10-06_kicad-dual-baseboard-230v/NetCore-Tetra-v0.3.3-230V.kicad_pcb,main_only,100644,blob,96982d942c9c5611279c4da8776d2d7c3a5cc994,,,
Docs/archive/assets/2026-10-06_kicad-dual-baseboard-230v/NetCore-Tetra-v0.3.3-230V.kicad_sch,main_only,100644,blob,f369dd8cb599693b38f03d03c701ceea8be0480a,,,
Docs/archive/assets/2026-10-06_kicad-dual-baseboard-230v/Pi_SXceiver_Wiring.png,main_only,100644,blob,a4e080fdade513642299c01a33affb976a6207c0,,,
Docs/archive/assets/2026-10-06_kicad-dual-baseboard-230v/SHA256SUMS,main_only,100644,blob,5a59d714772a19ff8bdfa598526f5383ee654055,,,
Docs/archive/assets/2026-10-06_kicad-dual-baseboard-230v/architecture.png,main_only,100644,blob,4bf460d5afc072f7ce576cb2f47038982780a6bb,,,
Docs/archive/assets/2026-10-06_kicad-dual-baseboard-230v/board_floorplan.png,main_only,100644,blob,8551a89cdafdd927bd9b6caf7a6f3a44d2404215,,,
Docs/archive/assets/2026-10-06_kicad-dual-baseboard-230v/chat-image-01.png,main_only,100644,blob,7414aa7814b04480be8d6a5b9aaea47d0c8fd827,,,
Docs/archive/assets/2026-10-06_kicad-dual-baseboard-230v/chat-image-02.png,main_only,100644,blob,576014e51f585392cc91837c21330b6961ea82e3,,,
Docs/archive/assets/2026-10-06_kicad-dual-baseboard-230v/chat-image-03.png,main_only,100644,blob,f96bd10524f3f992f0592fa9b192d1cef19d6b26,,,
Docs/archive/assets/2026-10-06_kicad-dual-baseboard-230v/chat-image-04.png,main_only,100644,blob,ff60884a55bf6334a17a07ffab271daea54dee5d,,,
Docs/archive/assets/2026-10-06_kicad-dual-baseboard-230v/chat-image-05.png,main_only,100644,blob,139613620b8c29863b7efe67cdda0a250e0ac33a,,,
Docs/archive/assets/2026-10-06_kicad-dual-baseboard-230v/chat-image-06.png,main_only,100644,blob,992efbf26de3aed002435d2feb2703a94efb98cf,,,
Docs/archive/assets/2026-10-06_kicad-dual-baseboard-230v/chat-image-07.png,main_only,100644,blob,c1f7e931fd8640d9a3369e1da5d817e5d4dc6751,,,
Docs/archive/assets/2026-10-06_kicad-dual-baseboard-230v/manifest.json,main_only,100644,blob,e8fc5ce900517fb61a868e968fa203f79ec280b4,,,
Docs/archive/assets/2026-10-06_kicad-dual-baseboard-230v/native-drc-20261006.json,main_only,100644,blob,b7f9185179522168ab95a0f18af7f30385868327,,,
Docs/archive/assets/2026-10-06_kicad-dual-baseboard-230v/native-erc-20261006.json,main_only,100644,blob,ca2b5c2ee965c26e2a42e8c8b13e342f02f2968c,,,
Docs/archive/assets/2026-10-06_kicad-dual-baseboard-230v/native-netlist-comparison-20261006.json,main_only,100644,blob,c1f23af7ebaab588e634a91114696a8f198f9eb2,,,
Docs/archive/assets/2026-10-06_netcore-academy/NetCore_Academy_Kursinhalte.zip,main_only,100644,blob,cc6ee27d308b2c22b37f0346af627665b2ce0b19,,,
Docs/archive/assets/2026-10-06_netcore-academy/NetCore_Academy_Kurssystem.html,main_only,100644,blob,ae7614a49b8b96240d1551f8f288bdfb98d132fd,,,
Docs/archive/assets/2026-10-06_netcore-academy/NetCore_Academy_Kurssystem.pdf,main_only,100644,blob,846ef8b30ddc7490f743e7bb1b035adfffa3c178,,,
Docs/archive/assets/2026-10-06_netcore-academy/README.md,main_only,100644,blob,4ffd3a37b3b96590e22b3bcc65dd01f1220b4a80,,,
Docs/archive/assets/2026-10-06_netcore-academy/SHA256SUMS,main_only,100644,blob,f5c8f2833e37830dda78170b768fa53edd4cf1fe,,,
Docs/archive/assets/2026-10-06_netcore-academy/bilder/detail-117.png,main_only,100644,blob,c01427b79b654f966118546458fc7885e2eb19b8,,,
Docs/archive/assets/2026-10-06_netcore-academy/bilder/detail-128.png,main_only,100644,blob,278d2caf9c25488f61a0fc5bce3ce49c6c3f340e,,,
Docs/archive/assets/2026-10-06_netcore-academy/bilder/detail-129.png,main_only,100644,blob,4bb8a768255fe633c8d1c129573d4e66f1314fb3,,,
Docs/archive/assets/2026-10-06_netcore-academy/bilder/kontakt-01.png,main_only,100644,blob,018df5fc92912b7bad4314c29aa868f01ab697f6,,,
Docs/archive/assets/2026-10-06_netcore-academy/bilder/kontakt-02.png,main_only,100644,blob,681c9578968722ce8d76b75f1f91eb2b2916d2ea,,,
Docs/archive/assets/2026-10-06_netcore-academy/bilder/kontakt-03.png,main_only,100644,blob,0bc34db708ce4d40c2029c56cdff5ca68ac7b402,,,
Docs/archive/assets/2026-10-06_netcore-academy/bilder/kontakt-04.png,main_only,100644,blob,fc637146a5f4ffa8dfbcbdf4356dab5c1366cce6,,,
Docs/archive/assets/2026-10-06_netcore-academy/bilder/kontakt-05.png,main_only,100644,blob,c9054c54961e1d6731f5d312507d7b5a7058b135,,,
Docs/archive/assets/2026-10-06_netcore-academy/bilder/kontakt-06.png,main_only,100644,blob,d8f0354efe01be4e23ebbbb5992779631e942b0d,,,
Docs/archive/assets/2026-10-06_netcore-academy/bilder/kontakt-07.png,main_only,100644,blob,79036ef677d1867a89ff73695868b88f6daf60d9,,,
Docs/archive/assets/2026-10-06_netcore-academy/bilder/kontakt-08.png,main_only,100644,blob,dc4a153057382c3086df51ac8c17b744d9d1db34,,,
Docs/archive/assets/2026-10-06_netcore-academy/bilder/kontakt-09.png,main_only,100644,blob,f5c398bcafc2bdb59f6f92f5524b6b5a1e59eafc,,,
Docs/archive/assets/2026-10-06_netcore-academy/bilder/kontakt-10.png,main_only,100644,blob,b2b7730d561778687b907efa994bd22ff2e4b6bb,,,
Docs/archive/assets/2026-10-06_netcore-academy/bilder/kontakt-11.png,main_only,100644,blob,e22e0edd6d2ef135f5df04fd3364aedc425b4ef9,,,
Docs/archive/assets/2026-10-06_netcore-academy/bilder/kontakt-12.png,main_only,100644,blob,91b9f83cd08a6591a5edd2e7f9a4ea86cb22dfcc,,,
Docs/archive/assets/2026-10-06_netcore-academy/bildmanifest.json,main_only,100644,blob,ab5306642aaa9386dd1db66f6f76d0ce825ae329,,,
Docs/archive/assets/2026-10-06_netcore-academy/laborergebnisse-2026-10-06.json,main_only,100644,blob,9b82f62858fb743884304d71a038ed894856ca42,,,
Docs/archive/assets/2026-10-06_netcore-academy/pruefbericht-2026-10-06.json,main_only,100644,blob,c796fa00a54ba5d2096a3b4d825034dc5de0835e,,,
Docs/archive/assets/2026-10-06_netcore-academy/quelleninventar.json,main_only,100644,blob,303e8de1c3b6a6551dc98a78776366d4d34fb76d,,,
Docs/archive/assets/2026-10-06_netcore-ui-redesign/001-tetra-basisstation-im-uberblick.png,main_only,100644,blob,facb86a7cc7225409e5f5a1c0c775320f148c95a,,,
Docs/archive/assets/2026-10-06_netcore-ui-redesign/002-netzkarte-mit-basisstationen-und-funkgeraten.png,main_only,100644,blob,83aaf53da02185eb12fa4c50811276237aa8922f,,,
Docs/archive/assets/2026-10-06_netcore-ui-redesign/003-anmeldung-an-der-tetra-basisstation.png,main_only,100644,blob,0afbf1469479be52bdcae05103add9b437902318,,,
Docs/archive/assets/2026-10-06_netcore-ui-redesign/004-funkgerateverwaltung-im-tetra-leitstand.png,main_only,100644,blob,4d363fa2f63656fee70d41cf111cdd455329af5e,,,
Docs/archive/assets/2026-10-06_netcore-ui-redesign/005-systemzustand-der-tetra-basisstation.png,main_only,100644,blob,efc28e59a9ca69bfdf18f10006d0a93e2a38c967,,,
Docs/archive/assets/2026-10-06_netcore-ui-redesign/006-live-log-der-tetra-basisstation.png,main_only,100644,blob,ed8dcb24d4c7d7cc203d293fa45afe73a65cfd77,,,
Docs/archive/assets/2026-10-06_netcore-ui-redesign/007-systemverwaltung-ressourcen-und-wartung.png,main_only,100644,blob,e9d0419962bb8dfa721920076b0c311eb3475b58,,,
Docs/archive/assets/2026-10-06_netcore-ui-redesign/008-diensteubersicht-mit-lokalem-ersatzbetrieb.png,main_only,100644,blob,e003b60e80ed910a134ab93cb794039eed217cae,,,
Docs/archive/assets/2026-10-06_netcore-ui-redesign/009-rf-diagnose-spektrum-und-zeitschlitze.png,main_only,100644,blob,6de2de49afbed36241395872184bcc238b409d1a,,,
Docs/archive/assets/2026-10-06_netcore-ui-redesign/010-tetra-netz-der-basisstation-konfigurieren.png,main_only,100644,blob,535b0a43f161d93dc5f4396247deec16529fe643,,,
Docs/archive/assets/2026-10-06_netcore-ui-redesign/011-hilfe-dokumentation-in-vorbereitung.png,main_only,100644,blob,0be3c12b2b6ebfaa8002efd9e562871eb1a5ced4,,,
Docs/archive/assets/2026-10-06_netcore-ui-redesign/012-nachbarzellen-verwalten-im-tetra-dashboard.png,main_only,100644,blob,f668e277cf89b0f0bf0941c0b2994fc570662646,,,
Docs/archive/assets/2026-10-06_netcore-ui-redesign/013-netcore-tetra-konfiguration-mit-stationsdaten.png,main_only,100644,blob,c2e0eae9426c1d2ce6227ac5c1c670229c4bf506,,,
Docs/archive/assets/2026-10-06_netcore-ui-redesign/014-tetra-gesprache-im-live-uberblick.png,main_only,100644,blob,221faba6863b0516880db3587cf632a895268bbe,,,
Docs/archive/assets/2026-10-06_netcore-ui-redesign/015-logo-text-helles-design.png,main_only,100644,blob,9554379d4ede8da7c80cbd76b1b607bf33c6f8ad,,,
Docs/archive/assets/2026-10-06_netcore-ui-redesign/016-willkommen-bei-netcore-tetra.png,main_only,100644,blob,4d2449f82c613755656674b08fa258866762c29e,,,
Docs/archive/assets/2026-10-06_netcore-ui-redesign/017-netcore-tetra-basisstation-im-funkbetrieb.png,main_only,100644,blob,11807b92d0862f75a9a4eb4ede9bfbfbe9cef8f5,,,
Docs/archive/assets/2026-10-06_netcore-ui-redesign/018-netz-im-blick-kompakte-stationsvorschau.png,main_only,100644,blob,0dc0c94df6f5172167d5d647ccd4395a2e4f77ad,,,
Docs/archive/assets/2026-10-06_netcore-ui-redesign/019-unbenannt.png,main_only,100644,blob,fe116eb8bf57735e308099b148b64160c51a5aa0,,,
Docs/archive/assets/2026-10-06_netcore-ui-redesign/020-offentliche-netzubersicht.png,main_only,100644,blob,1018d6be38619dc4adbec98761b0a689da163867,,,
Docs/archive/assets/2026-10-06_netcore-ui-redesign/021-netcore-tetra-funkgerate-verwalten.png,main_only,100644,blob,fff425ad4a01f74c10508da003d9a6a89f71468c,,,
Docs/archive/assets/2026-10-06_netcore-ui-redesign/022-netcore-tetra-anmeldung-mit-stationsvorschau.png,main_only,100644,blob,cdc75be3f596b04e11387021e4c37ad3d81d4e09,,,
Docs/archive/assets/2026-10-06_netcore-ui-redesign/023-aktive-rufe-im-funkbetrieb.png,main_only,100644,blob,cb3655e6617f912cf66e7685921f00fb5703eb81,,,
Docs/archive/assets/2026-10-06_netcore-ui-redesign/024-rf-signal-tx-spektrum-konstellation-und-wasserfall.png,main_only,100644,blob,55b8d58bba444530bbc90d92dc2d0be5f33fcf8d,,,
Docs/archive/assets/2026-10-06_netcore-ui-redesign/025-funklage-im-netcore-tetra-dashboard.png,main_only,100644,blob,2760ac729c4d0f68c78a810b84219e651a5c59c9,,,
Docs/archive/assets/2026-10-06_netcore-ui-redesign/026-systemzustand-im-lokalen-funkbetrieb.png,main_only,100644,blob,22d3a1a536fb6dfe6f7768492fb2e47908f42f2e,,,
Docs/archive/assets/2026-10-06_netcore-ui-redesign/027-zuletzt-gehort-funkaktivitaten-im-uberblick.png,main_only,100644,blob,664e8c06a0193212a81a0f5ce567bdd4ac266731,,,
Docs/archive/assets/2026-10-06_netcore-ui-redesign/028-ereignisse-zentrale-verbindung-getrennt.png,main_only,100644,blob,a6320e9aa15c94d4cd9437beef68b21f3d14e47c,,,
Docs/archive/assets/2026-10-06_netcore-ui-redesign/029-sds-protokoll-im-tetra-funknetz.png,main_only,100644,blob,c427d6cd4c268d70d257c89010b9be081c08420e,,,
Docs/archive/assets/2026-10-06_netcore-ui-redesign/030-sndcp-paketdaten-und-legacy-wap.png,main_only,100644,blob,9a3ecfa76a28ba8449a793563d130a4c2d671770,,,
Docs/archive/assets/2026-10-06_netcore-ui-redesign/031-rf-analyse-mit-spektrum-und-wasserfall.png,main_only,100644,blob,9b2a6c955463884475770e5955bada8033cb4547,,,
Docs/archive/assets/2026-10-06_netcore-ui-redesign/032-netzkarte-mit-ausgewahlten-geratepositionen.png,main_only,100644,blob,8d1cf4bae22e5175c8f97b30c18ae4f3410523d7,,,
Docs/archive/assets/2026-10-06_netcore-ui-redesign/033-aufzeichnungen-in-der-audio-zentrale.png,main_only,100644,blob,f933333c6337d65fed729d2cd474d181648156f3,,,
Docs/archive/assets/2026-10-06_netcore-ui-redesign/034-audio-zentrale-medienbibliothek-und-aussendung.png,main_only,100644,blob,6c3ffac0502c6ec5c4ac670c6e7f57ce6837d315,,,
Docs/archive/assets/2026-10-06_netcore-ui-redesign/035-netcore-tetra-konfiguration-mit-toml-editor.png,main_only,100644,blob,6fc8c52f2969d202a54b192b487eeaebf4990e24,,,
Docs/archive/assets/2026-10-06_netcore-ui-redesign/036-telegram-bot-fur-netcore-tetra-konfigurieren.png,main_only,100644,blob,1eb3692b899f2bdb22107335103b4a6403f9d697,,,
Docs/archive/assets/2026-10-06_netcore-ui-redesign/037-asterisk-sip-anbindung-fur-netcore-tetra.png,main_only,100644,blob,e0324005eb61564cf46db0037fbb84b009472780,,,
Docs/archive/assets/2026-10-06_netcore-ui-redesign/038-wlan-netzwerke-verwalten.png,main_only,100644,blob,0d2d4dd8ffbd868614aaa48bb801514465caa1b3,,,
Docs/archive/assets/2026-10-06_netcore-ui-redesign/039-basisstation-im-systemuberblick.png,main_only,100644,blob,7bec272442789312004a2b024161eaad7860b516,,,
Docs/archive/assets/2026-10-06_netcore-ui-redesign/040-nachbarzellen-ubersicht-im-netcore-tetra-design.png,main_only,100644,blob,2d5f0b6bcfab2ba62682b2ab70198849707812e1,,,
Docs/archive/assets/2026-10-06_netcore-ui-redesign/041-netcore-hilfe-in-vorbereitung.png,main_only,100644,blob,5dcec6f5bf5d3de1aa0e56f7ab6b44f6c68106e8,,,
Docs/archive/assets/2026-10-06_netcore-ui-redesign/042-zentrale-dienste-mit-lokalem-fallback.png,main_only,100644,blob,0696492378b0717c4d0c8c8fa839bebfe4268e46,,,
Docs/archive/assets/2026-10-06_netcore-ui-redesign/043-echolink-integration-fur-netcore-tetra.png,main_only,100644,blob,52d94cf1ff1b173f25ab7a96959e036688e41821,,,
Docs/archive/assets/2026-10-06_netcore-ui-redesign/044-dapnet-pager-nachrichten-und-integrationen.png,main_only,100644,blob,7d419280b318af477dadd016b58fc8b197a457cc,,,
Docs/archive/assets/2026-10-06_netcore-ui-redesign/045-korrigierte-lokale-ersatzangaben-im-netcore-uberblick.png,main_only,100644,blob,6a91215279a856c94de4d79498e43ad8c9c09bf1,,,
Docs/archive/assets/2026-10-06_netcore-ui-redesign/046-meshcom-nachrichten-und-knoten.png,main_only,100644,blob,8a384fa49e7c80e9404e17172b20cc6fe288116a,,,
Docs/archive/assets/2026-10-06_netcore-ui-redesign/047-korrigierte-offentliche-netzwerkubersicht.png,main_only,100644,blob,2588b18779d40da6096cb4bab78b15edab4a93c6,,,
Docs/archive/assets/2026-10-06_netcore-ui-redesign/048-audio-zentrale-mit-korrigierter-dateiansicht.png,main_only,100644,blob,67f3d66cdfe262e775f2d701d61bc87678023518,,,
Docs/archive/assets/2026-10-06_netcore-ui-redesign/049-geoalarm-positionsalarme-verwalten.png,main_only,100644,blob,5dbe568b49628efcdd9b1cccc24045c0b6f11d07,,,
Docs/archive/assets/2026-10-06_netcore-ui-redesign/050-meshcom-vorschau-mit-rf-snom-und-telegram-einstellungen.png,main_only,100644,blob,5c70374db3ac913f589de932485c68d8b0053fd2,,,
Docs/archive/assets/2026-10-06_netcore-ui-redesign/051-korrigiertes-detailpanel-mit-gruppenliste.png,main_only,100644,blob,1fe0a77adbb36352c30eb93004857454aaa89411,,,
Docs/archive/assets/2026-10-06_netcore-ui-redesign/052-rufseite-mit-korrigierter-navigation.png,main_only,100644,blob,72516a1a4babf72a5678545fcbb2f8dac595c16c,,,
Docs/archive/assets/2026-10-06_netcore-ui-redesign/053-aufgeraumte-netcore-anmeldeseite.png,main_only,100644,blob,a2d4aa5faa571065d8aaf97773d3933103f2cbb1,,,
Docs/archive/assets/2026-10-06_netcore-ui-redesign/054-aktivitatsseite-mit-ausgewahltem-zuletzt-gehort.png,main_only,100644,blob,58c4077abfa0e30c983e4fff3582cfcf6ea64dfd,,,
Docs/archive/assets/2026-10-06_netcore-ui-redesign/055-systemubersicht-mit-hervorgehobenem-log-menu.png,main_only,100644,blob,0dd49cb84fddbdf90a8ced3aa7f8e0bc5893cf57,,,
Docs/archive/assets/2026-10-06_netcore-ui-redesign/056-aufzeichnungstabelle-mit-archivubersicht.png,main_only,100644,blob,2e8d8f710a5340f90ab2f3b0d2632e90505602ab,,,
Docs/archive/assets/2026-10-06_netcore-ui-redesign/057-node-gateway-basisstationen-verbinden.png,main_only,100644,blob,5e1b2aa59c0f094e61d5865207aae1eb0a49fd53,,,
Docs/archive/assets/2026-10-06_netcore-ui-redesign/058-subscriber-core-teilnehmer-verwalten.png,main_only,100644,blob,bb3bca4c421dfb7afdedf3bfc6cebdacb7189527,,,
Docs/archive/assets/2026-10-06_netcore-ui-redesign/059-gruppenverwaltung-im-netcore-tetra.png,main_only,100644,blob,f5127ac6b15588872375310caa932744b86a9da7,,,
Docs/archive/assets/2026-10-06_netcore-ui-redesign/060-mobility-core-teilnehmer-und-transfers.png,main_only,100644,blob,61d2c7eddd113947f50d99575c9d11332c51808d,,,
Docs/archive/assets/2026-10-06_netcore-ui-redesign/061-netcore-tetra-rufsteuerung-im-testmodus.png,main_only,100644,blob,c564530855fc78920338b784c060fd714c884c44,,,
Docs/archive/assets/2026-10-06_netcore-ui-redesign/062-medienvermittlung-media-switch.png,main_only,100644,blob,1ed30a5b4089e3634583cd87b4da4a5caf5f3ce1,,,
Docs/archive/assets/2026-10-06_netcore-ui-redesign/063-sds-router-nachrichten-und-routingzentrale.png,main_only,100644,blob,5a196b4c911f795dad1b9b5dc312e6a3ac0d8f29,,,
Docs/archive/assets/2026-10-06_netcore-ui-redesign/064-ip-gateway-im-shadow-modus.png,main_only,100644,blob,c1a080fc08f46fcc5049e61442555039d700a574,,,
Docs/archive/assets/2026-10-06_netcore-ui-redesign/065-paketdatenkern-im-shadow-testmodus.png,main_only,100644,blob,5039cf7ccd9228ece3e13aad40757ee6a64d562b,,,
Docs/archive/assets/2026-10-06_netcore-ui-redesign/066-security-core-profile-und-authentisierung.png,main_only,100644,blob,83d584d0c562c75c847b7b073a7e65be0c7763a7,,,
Docs/archive/assets/2026-10-06_netcore-ui-redesign/067-application-gateway-mit-connectoren.png,main_only,100644,blob,4bf808ff9a85a6a52c80dfddb52db48ca5d65fcb,,,
Docs/archive/assets/2026-10-06_netcore-ui-redesign/068-netcore-transit-regionen-peers.png,main_only,100644,blob,13e66433e2c9d7904b34c7ac2d8fda18bf881b48,,,
Docs/archive/assets/2026-10-06_netcore-ui-redesign/069-schlusselverwaltung-im-netcore-tetra-open-lab.png,main_only,100644,blob,8d406a2d312db5a8b61904589b0026bdc7835783,,,
Docs/archive/assets/2026-10-06_netcore-ui-redesign/070-netcore-tetra-medienbibliothek.png,main_only,100644,blob,0f1f2c5e866622e15d5d8407245bf64b5ac8f46a,,,
Docs/archive/assets/2026-10-06_netcore-ui-redesign/071-netcore-tetra-observability-ubersicht.png,main_only,100644,blob,7a81193b62e9e583d81d240b082ae4cd5cd56764,,,
Docs/archive/assets/2026-10-06_netcore-ui-redesign/072-provisioning-core-mitgliedschaftsmatrix.png,main_only,100644,blob,8658a14bc91bd959cf94314f8aca7078d40440e2,,,
Docs/archive/assets/2026-10-06_netcore-ui-redesign/073-recorder-archiv-fur-netcore-tetra.png,main_only,100644,blob,a9dd4bd9880b9cd127396438d1e6c00e56770ffd,,,
Docs/archive/assets/2026-10-06_netcore-ui-redesign/074-iot-gateway-mit-open-lab-dashboard.png,main_only,100644,blob,55704bc02294f154ea76856422bb32b432257de6,,,
Docs/archive/assets/2026-10-06_netcore-ui-redesign/075-media-library-tts-piper.png,main_only,100644,blob,688f3bfb6264ae71518a96287acf4a183cea2468,,,
Docs/archive/assets/2026-10-06_netcore-ui-redesign/076-netcore-tetra-leitstelle-mit-lagebild.png,main_only,100644,blob,7e78585c4c1d71fdd7731831baf1676132364956,,,
Docs/archive/assets/2026-10-06_netcore-ui-redesign/077-warnzentrale-warngebiete-im-blick.png,main_only,100644,blob,14ab78b1e940f40bc40e274373425d2f57027069,,,
Docs/archive/assets/2026-10-06_netcore-ui-redesign/078-alarmboard-mit-ausgewahltem-kritischem-alarm.png,main_only,100644,blob,8e5232e6c546d43475d3180418c1d9408f222f3c,,,
Docs/archive/assets/2026-10-06_netcore-ui-redesign/079-netcore-tetra-task-workflow-mit-auftragsdetails.png,main_only,100644,blob,f10166676ae4d4456fa82a1d613617a95c7e7ff7,,,
Docs/archive/assets/2026-10-06_netcore-ui-redesign/080-warnzentrale-zugriffsschlussel-eingeben.png,main_only,100644,blob,a9830ee6fb0a0464f73f1b67ef75dfd98d7ed3af,,,
Docs/archive/assets/2026-10-06_netcore-ui-redesign/081-eigene-gebiets-warnung-erstellen.png,main_only,100644,blob,5ecdae5fd176009204488e577ace244405d6bc46,,,
Docs/archive/assets/2026-10-06_netcore-ui-redesign/082-netcore-tetra-asset-bestand-im-uberblick.png,main_only,100644,blob,3c93ffad7d12030016ac752afcaa73aa59ce7d9a,,,
Docs/archive/assets/2026-10-06_netcore-ui-redesign/083-netcore-tetra-gerateverzeichnis.png,main_only,100644,blob,b2c830756084d744afe48cbf9f04d2df9567f667,,,
Docs/archive/assets/2026-10-06_netcore-ui-redesign/084-sip-vermittlung-im-open-lab.png,main_only,100644,blob,85e20c819e41b419da776288cc66171c1db71a75,,,
Docs/archive/assets/2026-10-06_netcore-ui-redesign/085-tbs-verbindungen-live-im-uberblick.png,main_only,100644,blob,8a5d6fe5dd577e9725e138f554276b97bdbaba95,,,
Docs/archive/assets/2026-10-06_netcore-ui-redesign/086-brew-netzuberblick-mit-live-rufen.png,main_only,100644,blob,faedc1163c134ba99dafd863309ecf3d58858fd1,,,
Docs/archive/assets/2026-10-06_netcore-ui-redesign/087-hardware-gateway-rack-und-umgebungsuberwachung.png,main_only,100644,blob,3492c5d93d86a830b45148a16c011b67a9174391,,,
Docs/archive/assets/2026-10-06_netcore-ui-redesign/088-tbs-connect-anmeldung-fur-brew-verbindungen.png,main_only,100644,blob,e1d98fe1816851d245d8ee5bc1a17fb906f8d98a,,,
Docs/archive/assets/2026-10-06_netcore-ui-redesign/089-zentrale-hf-uberwachung-mit-spektrum-und-telemetrie.png,main_only,100644,blob,a2d16c02c4a104869d3d0a3f970eb39d108bb618,,,
Docs/archive/assets/2026-10-06_netcore-ui-redesign/090-zentrale-teilnehmerverwaltung-und-tbs-synchronisierung.png,main_only,100644,blob,94b54b41bd79ee74017470ba0788564c5598fc71,,,
Docs/archive/assets/2026-10-06_netcore-ui-redesign/091-netcore-dashboard-mit-mediaframes.png,main_only,100644,blob,e6bdc3a845b6bccdcf5ed5ac775356d7eb5359d5,,,
Docs/archive/assets/2026-10-06_netcore-ui-redesign/092-netcore-leitstellenansicht-mit-korrigierter-warteschlange.png,main_only,100644,blob,cdbdd4de071a95184afe98ae0b5ec84d43fd5088,,,
Docs/archive/assets/2026-10-06_netcore-ui-redesign/093-netcore-dashboard-mit-teilnehmern-und-ereignisprotokoll.png,main_only,100644,blob,6a05742600e115cb075d75eb30e9a0514e4d5686,,,
Docs/archive/assets/2026-10-06_netcore-ui-redesign/094-netcore-streamubersicht-mit-aktivieren-schaltflache.png,main_only,100644,blob,9b5ca94e455695a99d060fb0f86068377e049690,,,
Docs/archive/assets/2026-10-06_netcore-ui-redesign/095-netcore-gruppeneditor-mit-korrigierten-mitgliedschaften.png,main_only,100644,blob,92e9b864e4550a13a59a9e4e4b46fb7437c88f34,,,
Docs/archive/assets/2026-10-06_netcore-ui-redesign/096-netcore-statusdialog-mit-korrigierten-eingabefeldern.png,main_only,100644,blob,e812695304e249840a3b883bce6d5e67259c53c7,,,
Docs/archive/assets/2026-10-06_netcore-ui-redesign/097-netcore-shadow-modus-mit-ausstehenden-aktionen.png,main_only,100644,blob,c79f5b06c2818cbb39d7adad8f028da3840b6854,,,
Docs/archive/assets/2026-10-06_netcore-ui-redesign/098-kmf-designvorschau-mit-32-bytes.png,main_only,100644,blob,71c1dac7b04696df92db0c758fcb346c004763ec,,,
Docs/archive/assets/2026-10-06_netcore-ui-redesign/099-security-core-authentisierung-und-sicherheitsprofile.png,main_only,100644,blob,3dac62ed8d9b4e995c6c80e0204b811b5bf746ad,,,
Docs/archive/assets/2026-10-06_netcore-ui-redesign/100-application-gateway-endpunkte-und-routing-korrigiert.png,main_only,100644,blob,7955f5e66a6326c19968c407f038911d63c2f939,,,
Docs/archive/assets/2026-10-06_netcore-ui-redesign/101-provisioning-core-designvorschau-mit-rssi-dbfs-und-mitgliedsmatrix.png,main_only,100644,blob,f6e6171935e0afbdc37a2198ea45ef8dace5a423,,,
Docs/archive/assets/2026-10-06_netcore-ui-redesign/102-medienbibliothek-mit-basisstation-playout.png,main_only,100644,blob,e9f139218c3890faf9ea116aa019c35ff0a7da0f,,,
Docs/archive/assets/2026-10-06_netcore-ui-redesign/103-tetra-recorder-archiv-mit-legal-hold.png,main_only,100644,blob,69cb5074bb7c31961ba22e035872730585ab294f,,,
Docs/archive/assets/2026-10-06_netcore-ui-redesign/104-netcore-observability-dashboard-mit-monitoring-status.png,main_only,100644,blob,2ac8095f34e67310d3f7d48da64e8e014b46dfa0,,,
Docs/archive/assets/2026-10-06_netcore-ui-redesign/105-netcore-iot-gateway-dashboard-mit-richtlinien.png,main_only,100644,blob,87e01c2bddf93542d5f04c7868b921819c639712,,,
Docs/archive/assets/2026-10-06_netcore-ui-redesign/106-tts-medienvorschau-in-der-media-library.png,main_only,100644,blob,e0218d88eb7e24b676d9e208ed2b00d18eaf2202,,,
Docs/archive/assets/2026-10-06_netcore-ui-redesign/107-netcore-warnzentrale-mit-gerate-und-kartenstatus.png,main_only,100644,blob,d04b92b9bf0271f7d8234fc6a545751a7e6aa2b3,,,
Docs/archive/assets/2026-10-06_netcore-ui-redesign/108-netcore-betriebsubersicht-mit-dienst-und-storungsstatus.png,main_only,100644,blob,7853199ea66fc4a2996d08a10f11ff93bdb960b3,,,
Docs/archive/assets/2026-10-06_netcore-ui-redesign/109-iot-gateway-mit-befehlen-und-richtlinien.png,main_only,100644,blob,4935c4e87dd8eb159b365ee6bd2f3a340b8e3620,,,
Docs/archive/assets/2026-10-06_netcore-ui-redesign/110-media-library-zentrale-tts-erzeugung.png,main_only,100644,blob,75ff8924cc24c4e1a11c311e1465a2fd6d38698d,,,
Docs/archive/assets/2026-10-06_netcore-ui-redesign/111-netcore-tetra-status-und-einsatzubersicht.png,main_only,100644,blob,02d5fb18c9a13489a9e362e544ae091e2d75362a,,,
Docs/archive/assets/2026-10-06_netcore-ui-redesign/112-netcore-warnzentrale-mit-gerate-und-warnstatus.png,main_only,100644,blob,24ed5b68ae8a524524240c5d67c92e7328959eba,,,
Docs/archive/assets/2026-10-06_netcore-ui-redesign/113-netcore-taskboard-mit-eingereihten-sds-auftragen.png,main_only,100644,blob,c41cbdfad197616938e3956a4b6eb0a9bb68c4ee,,,
Docs/archive/assets/2026-10-06_netcore-ui-redesign/114-netcore-alarmdashboard-mit-countdowns.png,main_only,100644,blob,732d7d520ec32780b302cd30525bf0a4880b7482,,,
Docs/archive/assets/2026-10-06_netcore-ui-redesign/115-netcore-warnzentrale-ohne-open-lab-hinweis.png,main_only,100644,blob,cc908e75282950e1d1e0b7c4e2a9415086856ac5,,,
Docs/archive/assets/2026-10-06_netcore-ui-redesign/116-netcore-warnzentrale-mit-schematischer-kartenvorschau.png,main_only,100644,blob,14b81a515c17408465e4113a1420d3453d5b2b8c,,,
Docs/archive/assets/2026-10-06_netcore-ui-redesign/117-asset-management-dashboard-mit-systemstatus.png,main_only,100644,blob,a7b3474158ccb2f55cf28424ad10704ecd8e0fb6,,,
Docs/archive/assets/2026-10-06_netcore-ui-redesign/118-netcore-directory-mit-uberarbeiteten-infotexten.png,main_only,100644,blob,40b47556406772400af3e153d0bb6d91c3969e67,,,
Docs/archive/assets/2026-10-06_netcore-ui-redesign/README.md,main_only,100644,blob,5e0b34c80107093de9d740067167b5be1572320c,,,
Docs/archive/assets/2026-10-06_netcore-ui-redesign/image-manifest.json,main_only,100644,blob,1eab6adb63cc6751da2979a0c06fc22bf49325e2,,,
Docs/archive/assets/2026-10-06_rereg-sip-freepbx-cli/01-sip-switch-dashboard.png,main_only,100644,blob,faeb397a2fdfe9d35a86378010dc1ae3e63ae889,,,
Docs/archive/assets/2026-10-06_rereg-sip-freepbx-cli/02-tbs-sip-integration.png,main_only,100644,blob,7dda7b6f78e1b88942c2ab940fac66777fd999b5,,,
Docs/archive/assets/2026-10-06_rereg-sip-freepbx-cli/03-tbs-node-gateway-fallback.png,main_only,100644,blob,1cd289b6e31bb62d34129a04b5661de088eaab62,,,
Docs/archive/assets/2026-10-06_rereg-sip-freepbx-cli/04-sepura-pabx-crop.png,main_only,100644,blob,0505b0dff045aa1e0e3424edae9000125692b753,,,
Docs/archive/assets/2026-10-06_rereg-sip-freepbx-cli/05-sepura-pabx-readable.png,main_only,100644,blob,f9112a98d5c8e9779665eb6ff41c6a5e83a12aa3,,,
Docs/archive/assets/2026-10-06_rereg-sip-freepbx-cli/06-sepura-dial-modes.png,main_only,100644,blob,b05918f15807a73d6014a659ac16946c49f80714,,,
Docs/archive/assets/2026-10-06_rereg-sip-freepbx-cli/image-manifest.json,main_only,100644,blob,07e9c252586fd7ffa8bc7ad220aee45653c591fd,,,
Docs/archive/assets/2026-10-06_rereg-sip-freepbx-cli/pdf-inventory.json,main_only,100644,blob,3489dc5a8a1fbc51563a5dfffacce80028f87b93,,,
Docs/archive/assets/2026-10-06_rereg-sip-freepbx-cli/protocol-audit.md,main_only,100644,blob,826de154e4a167e7dc1816534c15b8cde81bd565,,,
Docs/archive/assets/2026-10-06_roadmap-ui-rbac-cmce-restore/netcore-restore-roadmap-1790992809677.jpg,main_only,100644,blob,5a0c55903ebdb425f9deb4c8e081e09f2f577ff6,,,
Docs/archive/assets/2026-10-06_roadmap-ui-rbac-cmce-restore/netcore-roadmap-published-1790992401156.jpg,main_only,100644,blob,70131ecac4b50e45fdf01be938a7baf98c03f835,,,
Docs/archive/assets/2026-10-06_tbs-container-updates-katwarn-release/home-assistant-bookmark-favicon.png,main_only,100644,blob,b7257716b01b3a6b7968d248a38eea59bc66227e,,,
Docs/archive/assets/2026-10-06_tbs-container-updates-katwarn-release/warn-ui-lokaler-loeschtest-2026-09-27.jpg,main_only,100644,blob,c7bf2bb759bb55107c57cedc3c05cd15a269047b,,,
Docs/basisstation.config.sanitized.example.toml,identical,100644,blob,9413cec0fd42324383bb321d9ba2f0863f7850f0,100644,blob,9413cec0fd42324383bb321d9ba2f0863f7850f0
Docs/en_30039201v010601p.pdf,identical,100644,blob,b031dfc1fdf21183874e7012b53237594f20e72e,100644,blob,b031dfc1fdf21183874e7012b53237594f20e72e
Docs/en_30039202v030801p.pdf,identical,100644,blob,e1037f41ff4ec59dec8e3c8103fbfa5e2782656e,100644,blob,e1037f41ff4ec59dec8e3c8103fbfa5e2782656e
Docs/en_3003920303v010301p.pdf,identical,100644,blob,096b8075e1fa999264fae2cb15a151eb40f12a3d,100644,blob,096b8075e1fa999264fae2cb15a151eb40f12a3d
Docs/en_3003920304v010301p.pdf,identical,100644,blob,d398ce8c65dc1f7510e7bed6d41a4bd9f974a8e8,100644,blob,d398ce8c65dc1f7510e7bed6d41a4bd9f974a8e8
Docs/en_3003920308v010401p.pdf,identical,100644,blob,e341ff106fd6596e025025f5743a1c54622f947a,100644,blob,e341ff106fd6596e025025f5743a1c54622f947a
Docs/en_3003920313v010201p.pdf,identical,100644,blob,e65765f58cc97d65526cfc4f4505486df375cd4a,100644,blob,e65765f58cc97d65526cfc4f4505486df375cd4a
Docs/en_3003920315v010500a.pdf,identical,100644,blob,3dd66738dc11c072a7ae48753f3d5e32e47020bf,100644,blob,3dd66738dc11c072a7ae48753f3d5e32e47020bf
Docs/en_30039205v020701p.pdf,identical,100644,blob,fcd5f2be41d4bb09e84d1453e007e4f09ef657b9,100644,blob,fcd5f2be41d4bb09e84d1453e007e4f09ef657b9
Docs/en_30039207v030501p.pdf,identical,100644,blob,4d70a015e91de8a1a47f718b4d59b866dc8e24c4,100644,blob,4d70a015e91de8a1a47f718b4d59b866dc8e24c4
Docs/en_30039209v010701p.pdf,identical,100644,blob,5040c94a3908b147f8351beeeca0a7c06ab19307,100644,blob,5040c94a3908b147f8351beeeca0a7c06ab19307
Docs/en_3003921006v010401p.pdf,identical,100644,blob,b10b9a3981a735c0e92dfb6241c7232138a0ad9e,100644,blob,b10b9a3981a735c0e92dfb6241c7232138a0ad9e
Docs/en_3003921018v010301p.pdf,identical,100644,blob,5ec25b17aa670769999fd1e191343840c9acb23c,100644,blob,5ec25b17aa670769999fd1e191343840c9acb23c
Docs/en_3003921101v010201p.pdf,identical,100644,blob,c2077a355ec8378a2485ba17ded2aab547df797d,100644,blob,c2077a355ec8378a2485ba17ded2aab547df797d
Docs/en_3003921114v010101p.pdf,identical,100644,blob,4d812f6a6e5f11f5996562f29edebcc694d26731,100644,blob,4d812f6a6e5f11f5996562f29edebcc694d26731
Docs/en_3003921117v010102p.pdf,identical,100644,blob,d7f2d4dc34ec0696ed1e1ab0bc95911431d45bd3,100644,blob,d7f2d4dc34ec0696ed1e1ab0bc95911431d45bd3
Docs/en_3003921201v010202p.pdf,identical,100644,blob,c215ad58153217c1a1f788b51d119893021171ed,100644,blob,c215ad58153217c1a1f788b51d119893021171ed
Docs/en_3003921216v010400a.pdf,identical,100644,blob,b993f23657c2d18c9cad65d5cdb9f84c307ff071,100644,blob,b993f23657c2d18c9cad65d5cdb9f84c307ff071
Docs/en_30039401v030301p.pdf,identical,100644,blob,165201dfd62e0a21eddcfb4f83dd68bc723b6b24,100644,blob,165201dfd62e0a21eddcfb4f83dd68bc723b6b24
Docs/en_30039502v010303p.pdf,identical,100644,blob,58b65cd07a9ebeed77e5215790260ef20314da36,100644,blob,58b65cd07a9ebeed77e5215790260ef20314da36
Docs/en_300812v020101p.pdf,identical,100644,blob,8d6d0a401387826f0650783fe93f753e84b6d552,100644,blob,8d6d0a401387826f0650783fe93f753e84b6d552
Docs/es_20081201v020205p.pdf,identical,100644,blob,44abea7df61ba49d19873a5d31f2a1ed4ae5ae9f,100644,blob,44abea7df61ba49d19873a5d31f2a1ed4ae5ae9f
Docs/es_20081202v020401m.pdf,identical,100644,blob,00161eb00cdcaf8ccdf43bfa5206efcdaee3e2bd,100644,blob,00161eb00cdcaf8ccdf43bfa5206efcdaee3e2bd
Docs/ets_30039214e01v.pdf,identical,100644,blob,41e2746bd24947abdbe24f5aa23660256cc66f9f,100644,blob,41e2746bd24947abdbe24f5aa23660256cc66f9f
Docs/generated/README.md,identical,100644,blob,d5a9fae72fc74ada7bdbdcf89933db116de20576,100644,blob,d5a9fae72fc74ada7bdbdcf89933db116de20576
Docs/generated/full-system-integration-audit.md,identical,100644,blob,ea1fb256fbcec9f132f9635c387ecc5da40ced94,100644,blob,ea1fb256fbcec9f132f9635c387ecc5da40ced94
Docs/generated/gap_inventory.csv,identical,100644,blob,e2ca2a1010c17cddc2f2fca41490674d4db1bd31,100644,blob,e2ca2a1010c17cddc2f2fca41490674d4db1bd31
Docs/generated/pdu_inventory.csv,identical,100644,blob,05ddf82de3c50f58dde0b2e854ce4ef848f2e52e,100644,blob,05ddf82de3c50f58dde0b2e854ce4ef848f2e52e
Docs/generated/protocol_inventory.json,identical,100644,blob,08ef891365c95cd4c6e6408d232ac1ea765f504e,100644,blob,08ef891365c95cd4c6e6408d232ac1ea765f504e
Docs/generated/sap_inventory.csv,identical,100644,blob,10edb1a950148171454c45de5bb49296fcb12323,100644,blob,10edb1a950148171454c45de5bb49296fcb12323
Docs/generated/state_inventory.csv,identical,100644,blob,6d503dcb81acb9259fe6b2cd0085ce9a68c5a36e,100644,blob,6d503dcb81acb9259fe6b2cd0085ce9a68c5a36e
Docs/inventory.open-lab.corrected.example.toml,identical,100644,blob,5cb9aebdd6e1795aa80f97e87eca217a8380cac5,100644,blob,5cb9aebdd6e1795aa80f97e87eca217a8380cac5
Docs/ts_10081201v020205p.pdf,identical,100644,blob,722864e4ae70e876db5c4664b956218d94e235aa,100644,blob,722864e4ae70e876db5c4664b956218d94e235aa
Docs/ts_10081202v020401p.pdf,identical,100644,blob,f512c8959c05361ac43017622e508f59877ba2cc,100644,blob,f512c8959c05361ac43017622e508f59877ba2cc
Docs/wap-port-spec.md,identical,100644,blob,9790afceb5d85e9a905ca0cdbc2764abcce81685,100644,blob,9790afceb5d85e9a905ca0cdbc2764abcce81685
FAST_REALTIME_MEDIA.md,identical,100644,blob,a3de8e1805769742a1f15872e476e3340df038ba,100644,blob,a3de8e1805769742a1f15872e476e3340df038ba
INSTALLATION-MEDIA-LIBRARY-BASISSTATION-PLAYOUT.md,identical,100644,blob,3e41f10242d567ca5cf2635ad8273e7fa040797d,100644,blob,3e41f10242d567ca5cf2635ad8273e7fa040797d
INSTALLATION-MQTT-PHASE2-EVENT-MODEL.md,identical,100644,blob,e5eff54f3e7c00f978e788fcfb71d35de8782a5e,100644,blob,e5eff54f3e7c00f978e788fcfb71d35de8782a5e
INSTALLATION-MQTT-PHASE4-COMMAND-ACK-POLICY.md,identical,100644,blob,a043c4e0dfec6d2b85977c7f96228dea2b6e41d3,100644,blob,a043c4e0dfec6d2b85977c7f96228dea2b6e41d3
INSTALLATION-MQTT-PHASE5-HOME-ASSISTANT-HOMEMATIC.md,identical,100644,blob,94682e76ff417aa6e5959be0feca7fd1cf67b1bb,100644,blob,94682e76ff417aa6e5959be0feca7fd1cf67b1bb
PA/Gerber and BOM/Little PA V2.kicad_pcb_bom.csv,identical,100644,blob,e944b5f101d52b543ba127e844091a4c4639493e,100644,blob,e944b5f101d52b543ba127e844091a4c4639493e
PA/Gerber and BOM/Little PA V2.kicad_pcb_gerber.zip,identical,100644,blob,38c3514d603baa078e45057c6216fd32dfb7dae5,100644,blob,38c3514d603baa078e45057c6216fd32dfb7dae5
PA/Gerber and BOM/Little PA V2.kicad_pcb_netlist.ipc,identical,100644,blob,2d0e7711fa216d8caa1224dd9c956b821fc0fa02,100644,blob,2d0e7711fa216d8caa1224dd9c956b821fc0fa02
PA/Gerber and BOM/Little PA V2.kicad_pcb_positions.csv,identical,100644,blob,d8e10d93130f24171af296ca16a611695a4da7e2,100644,blob,d8e10d93130f24171af296ca16a611695a4da7e2
PA/Little PA V2.kicad_pcb,identical,100644,blob,73522a93fd29f93c346da6316e77b6d260316854,100644,blob,73522a93fd29f93c346da6316e77b6d260316854
PA/Little PA V2.kicad_prl,identical,100644,blob,6fde953cc3681ef3ed9b67a739b306bf6c65baea,100644,blob,6fde953cc3681ef3ed9b67a739b306bf6c65baea
PA/Little PA V2.kicad_pro,identical,100644,blob,c166d87aa42abd815ac9472d00e0f24db8e1fa21,100644,blob,c166d87aa42abd815ac9472d00e0f24db8e1fa21
PA/Little PA V2.kicad_sch,identical,100644,blob,ce7f1a5a35fc726e41c8e08cddf012bbefd722ab,100644,blob,ce7f1a5a35fc726e41c8e08cddf012bbefd722ab
PA/Little PA V2.pdf,identical,100644,blob,b6f6498221e9fa10063dcad0d8210cb2c85f1dae,100644,blob,b6f6498221e9fa10063dcad0d8210cb2c85f1dae
PA/Little PA V2.png,identical,100644,blob,ce3400eb0780489fe8a3c9ea3275472fbb4da170,100644,blob,ce3400eb0780489fe8a3c9ea3275472fbb4da170
PA/README.md,identical,100644,blob,70934e518abffcd1c938a2b5cf05fd4646e0a6e5,100644,blob,70934e518abffcd1c938a2b5cf05fd4646e0a6e5
PA/TA0655A _Rev.1.0_.pdf,identical,100644,blob,19b76b019beb1a03a11acedab3184bff9f24bd75,100644,blob,19b76b019beb1a03a11acedab3184bff9f24bd75
PA/TA2490A _Rev.1.0_.pdf,identical,100644,blob,7a0a59788b46ffbaa7c2d42dbf0506a4dc0700f3,100644,blob,7a0a59788b46ffbaa7c2d42dbf0506a4dc0700f3
PA/TQP3M9036 Data Sheet.pdf,identical,100644,blob,d8bacc806f276efd7cb4436d5210323d6067b3f9,100644,blob,d8bacc806f276efd7cb4436d5210323d6067b3f9
PHASE1-MOBILITY-ROUTING.md,identical,100644,blob,51005ae4191d318773aaabdc0e526b178e2012f2,100644,blob,51005ae4191d318773aaabdc0e526b178e2012f2
PHASE3_INSTALLATION_OPENLAB.md,identical,100644,blob,8c1008c308e49ac72f4cada12d11c9179bca74e0,100644,blob,8c1008c308e49ac72f4cada12d11c9179bca74e0
README.md,different,100644,blob,8e2b552ed4ad6bca0656569296aa1c148b9c54da,100644,blob,d0fdfaf5d34c1e90b7e69d6e9c57439844efaa91
ROADMAP.md,main_only,100644,blob,457ff1796cf94584e3f373495b11aed8aa54c897,,,
bins/bluestation-bs/Cargo.toml,identical,100644,blob,db65cf2714bcfda02987b3e5e0fea81837afb073,100644,blob,db65cf2714bcfda02987b3e5e0fea81837afb073
bins/bluestation-bs/src/main.rs,identical,100644,blob,2e37254ce396a99765f499b211454436456693fa,100644,blob,2e37254ce396a99765f499b211454436456693fa
bins/bluestation-control/Cargo.toml,identical,100644,blob,200ada0e5c3fa28c867d87c9b9433d8374ecbdc5,100644,blob,200ada0e5c3fa28c867d87c9b9433d8374ecbdc5
bins/bluestation-control/src/main.rs,identical,100644,blob,6b8f768bd8bf3f368db2c127ed656f4f00daae5f,100644,blob,6b8f768bd8bf3f368db2c127ed656f4f00daae5f
bins/bluestation-telemetry/Cargo.toml,identical,100644,blob,46320b4fcb4d9666a6bc6dab562a44098188ced3,100644,blob,46320b4fcb4d9666a6bc6dab562a44098188ced3
bins/bluestation-telemetry/src/main.rs,identical,100644,blob,2e5a6f47638cb774ddcc0477e56002192b6424ab,100644,blob,2e5a6f47638cb774ddcc0477e56002192b6424ab
bins/netcore-control-room/Cargo.toml,identical,100644,blob,5bff5b718b3dc84713aa05c66fa8baf5777584a6,100644,blob,5bff5b718b3dc84713aa05c66fa8baf5777584a6
bins/netcore-control-room/README.md,identical,100644,blob,f384f214f51f8b9156489105aca96b813cb9b43a,100644,blob,f384f214f51f8b9156489105aca96b813cb9b43a
bins/netcore-control-room/src/auth.rs,identical,100644,blob,80fee6d001297ec36128a6a447ac1ce76a96fdfb,100644,blob,80fee6d001297ec36128a6a447ac1ce76a96fdfb
bins/netcore-control-room/src/config.rs,identical,100644,blob,e85bb5de2fee1210ce6a3f24d800c9ec545b4394,100644,blob,e85bb5de2fee1210ce6a3f24d800c9ec545b4394
bins/netcore-control-room/src/gateway.rs,identical,100644,blob,f2608c695e8e08246e18b5187cb3ac7ffef3b3d5,100644,blob,f2608c695e8e08246e18b5187cb3ac7ffef3b3d5
bins/netcore-control-room/src/http.rs,different,100644,blob,d05ea89c6c176a156bd55211d42a36ef010b5182,100644,blob,daf43c7e34440099bb9a55608f1756e05dad92da
bins/netcore-control-room/src/main.rs,identical,100644,blob,b00cfffa60a8fc63dd7581e0a0a2d200c0293811,100644,blob,b00cfffa60a8fc63dd7581e0a0a2d200c0293811
bins/netcore-control-room/src/operations.rs,identical,100644,blob,ed8c6350daba30f2d038849d6ebe2ee4467850e0,100644,blob,ed8c6350daba30f2d038849d6ebe2ee4467850e0
bins/netcore-control-room/src/persistence.rs,identical,100644,blob,310475221862de11b2e57386af21014e43663658,100644,blob,310475221862de11b2e57386af21014e43663658
bins/netcore-control-room/src/server.rs,identical,100644,blob,3fa5d766f433089cf31e01eb010fd31baa967b6f,100644,blob,3fa5d766f433089cf31e01eb010fd31baa967b6f
bins/netcore-control-room/src/state.rs,identical,100644,blob,a953823e7ba06876b57dfa77837c52efcde7f6e1,100644,blob,a953823e7ba06876b57dfa77837c52efcde7f6e1
bins/netcore-control-room/src/webui.rs,different,100644,blob,8420398c826c91663d64b7a9b34130ff49326449,100644,blob,c7567e780204e7b8b9d161e3fcef5bb4ef474bff
bins/netcore-control-room/src/ws.rs,identical,100644,blob,098fbdfdba7471ef8fa19a317a303082ed374ac7,100644,blob,098fbdfdba7471ef8fa19a317a303082ed374ac7
bins/pdu-tool/Cargo.toml,identical,100644,blob,d970b2f45c8ac34c91a2039104a77b526a1c74f3,100644,blob,d970b2f45c8ac34c91a2039104a77b526a1c74f3
bins/pdu-tool/src/entities/mod.rs,identical,100644,blob,73cf02b25037c9ef3d14ffe1bb39354d763a669d,100644,blob,73cf02b25037c9ef3d14ffe1bb39354d763a669d
bins/pdu-tool/src/entities/umac.rs,identical,100644,blob,2d5a5ebf8cece25ce3a2a1a457baafd4f46f9299,100644,blob,2d5a5ebf8cece25ce3a2a1a457baafd4f46f9299
bins/pdu-tool/src/main.rs,identical,100644,blob,94c814089f2e720d07f6c46248a97974a38d00aa,100644,blob,94c814089f2e720d07f6c46248a97974a38d00aa
config.toml,identical,100644,blob,3f54ad275b956699dd7b38de1b7d2c0711133c00,100644,blob,3f54ad275b956699dd7b38de1b7d2c0711133c00
config.toml.fallback,identical,100644,blob,92f501078008bf58dd7a9b0bf34ee69861ec0ae4,100644,blob,92f501078008bf58dd7a9b0bf34ee69861ec0ae4
contrib/packet-data/netcore-tetra-packet-gateway-cleanup,identical,100644,blob,2dfdf92bb01eec8c0c2f69fdd422d817106c6666,100644,blob,2dfdf92bb01eec8c0c2f69fdd422d817106c6666
contrib/packet-data/netcore-tetra-packet-gateway-install,identical,100644,blob,a9fec3ab1b48ccb5f4f6b7ee648e33f3a4fe2357,100644,blob,a9fec3ab1b48ccb5f4f6b7ee648e33f3a4fe2357
contrib/packet-data/netcore-tetra-packet-gateway-status,identical,100644,blob,8365588a33e8a3f4d36cf49a784b4fe2c12dc8b4,100644,blob,8365588a33e8a3f4d36cf49a784b4fe2c12dc8b4
contrib/packet-data/netcore-tetra-packet-gateway-uninstall,identical,100644,blob,acab02fa1f3e9dc9aa8a421cd9d82b22d4312f47,100644,blob,acab02fa1f3e9dc9aa8a421cd9d82b22d4312f47
contrib/systemd/tetra.service.d/20-packet-data-gateway.conf,identical,100644,blob,4d9d5d852d1557120b0cc782fc5f70c9627aec0d,100644,blob,4d9d5d852d1557120b0cc782fc5f70c9627aec0d
contrib/wap-portal/README.md,identical,100644,blob,3eb266fefcfded268306996bbe36d3b689e49137,100644,blob,3eb266fefcfded268306996bbe36d3b689e49137
contrib/wap-portal/validate.py,identical,100644,blob,c61147cf7b70885e77a3d332807053e65fa24957,100644,blob,c61147cf7b70885e77a3d332807053e65fa24957
contrib/wap-portal/wml/about.wml,identical,100644,blob,59a66916e47d0bb5ef4337af1692796643f23c95,100644,blob,59a66916e47d0bb5ef4337af1692796643f23c95
contrib/wap-portal/wml/calls.wml,identical,100644,blob,35aa65db30451a0a3264a757144f7bee9e5bee44,100644,blob,35aa65db30451a0a3264a757144f7bee9e5bee44
contrib/wap-portal/wml/control-room.wml,identical,100644,blob,5d6a73de899e7ebfe3bb1da8ca60acdf1c116bb3,100644,blob,5d6a73de899e7ebfe3bb1da8ca60acdf1c116bb3
contrib/wap-portal/wml/diagnostics.wml,identical,100644,blob,09c282233d8b57aac87a8bd99705ec19bb6d76ea,100644,blob,09c282233d8b57aac87a8bd99705ec19bb6d76ea
contrib/wap-portal/wml/gateway.wml,identical,100644,blob,034495aea5398f56054565eb2ec7059be5a86e7b,100644,blob,034495aea5398f56054565eb2ec7059be5a86e7b
contrib/wap-portal/wml/groups.wml,identical,100644,blob,5deabbf765f5e7b4c7bea3fe5dbe2efac02b1856,100644,blob,5deabbf765f5e7b4c7bea3fe5dbe2efac02b1856
contrib/wap-portal/wml/health.wml,identical,100644,blob,29a6d6342f4e42e3a3fcf3b41e33b4b5835c8f41,100644,blob,29a6d6342f4e42e3a3fcf3b41e33b4b5835c8f41
contrib/wap-portal/wml/help.wml,identical,100644,blob,c6eb7626bd820ad448988061c43f1da1a9f73af3,100644,blob,c6eb7626bd820ad448988061c43f1da1a9f73af3
contrib/wap-portal/wml/index.wml,identical,100644,blob,986aa57ff6f2a05a63e45eb8a008161614df38ff,100644,blob,986aa57ff6f2a05a63e45eb8a008161614df38ff
contrib/wap-portal/wml/media-library.wml,identical,100644,blob,d15502fc8846139510e10062b64208e5665697b9,100644,blob,d15502fc8846139510e10062b64208e5665697b9
contrib/wap-portal/wml/packet-data.wml,identical,100644,blob,01760ac0b69602a1ced0205ac0683380e4312696,100644,blob,01760ac0b69602a1ced0205ac0683380e4312696
contrib/wap-portal/wml/radio.wml,identical,100644,blob,869e54e8a2d5e52e30d79ba5ab0d8330363d4f5f,100644,blob,869e54e8a2d5e52e30d79ba5ab0d8330363d4f5f
contrib/wap-portal/wml/recorder.wml,identical,100644,blob,599a1510e980dcbbd24b44eef1603d9799608547,100644,blob,599a1510e980dcbbd24b44eef1603d9799608547
contrib/wap-portal/wml/sds.wml,identical,100644,blob,f762d1756b5c55d6d8338870b47956005593e942,100644,blob,f762d1756b5c55d6d8338870b47956005593e942
contrib/wap-portal/wml/services.wml,identical,100644,blob,dde13b2cc422c3b060ddea3406d9aeeb64b3fa42,100644,blob,dde13b2cc422c3b060ddea3406d9aeeb64b3fa42
contrib/wap-portal/wml/status.wml,identical,100644,blob,0078ec76e322ead3c78d1cea878ea5f2cf84bb9c,100644,blob,0078ec76e322ead3c78d1cea878ea5f2cf84bb9c
contrib/wap-portal/wml/subscribers.wml,identical,100644,blob,f91ee4f89ae765f0f0f9037c74a24b1316af9335,100644,blob,f91ee4f89ae765f0f0f9037c74a24b1316af9335
contrib/wap-portal/wml/task-form.wml,identical,100644,blob,b1df95edfb7b813972532c6c4c0c9c8d2fa4da76,100644,blob,b1df95edfb7b813972532c6c4c0c9c8d2fa4da76
contrib/wap-portal/wml/tasks.wml,identical,100644,blob,d360c69f9bf3e004bda1ece0c90bc391aec5e75f,100644,blob,d360c69f9bf3e004bda1ece0c90bc391aec5e75f
contrib/wap-portal/wml/tests.wml,identical,100644,blob,b5c2ba7610c27817ed56fa861db9f4fafba5f456,100644,blob,b5c2ba7610c27817ed56fa861db9f4fafba5f456
contrib/wap-portal/wml/tts.wml,identical,100644,blob,004f3a52b231d42062d6259b26d82cf65d5e1fd9,100644,blob,004f3a52b231d42062d6259b26d82cf65d5e1fd9
contrib/wap-portal/xhtml/about.xhtml,identical,100644,blob,3495f9278fef9364d0c04d042cba83963f9bd6ad,100644,blob,3495f9278fef9364d0c04d042cba83963f9bd6ad
contrib/wap-portal/xhtml/calls.xhtml,identical,100644,blob,c191c7a1014224dd1a9fc6cb941f8b8ca3d21fff,100644,blob,c191c7a1014224dd1a9fc6cb941f8b8ca3d21fff
contrib/wap-portal/xhtml/control-room.xhtml,identical,100644,blob,6ecf6cd4a4538bb861ffd3f210231c1494ef1d3a,100644,blob,6ecf6cd4a4538bb861ffd3f210231c1494ef1d3a
contrib/wap-portal/xhtml/diagnostics.xhtml,identical,100644,blob,97f8a616df6316bdf03fe47397c8fdb33fc926df,100644,blob,97f8a616df6316bdf03fe47397c8fdb33fc926df
contrib/wap-portal/xhtml/gateway.xhtml,identical,100644,blob,129f7c6cb746e19c9f9518bab70a0f047383e862,100644,blob,129f7c6cb746e19c9f9518bab70a0f047383e862
contrib/wap-portal/xhtml/groups.xhtml,identical,100644,blob,9b90fe9df781f260189434f7f3420a3ba17af6d1,100644,blob,9b90fe9df781f260189434f7f3420a3ba17af6d1
contrib/wap-portal/xhtml/health.xhtml,identical,100644,blob,3fc3a1283ccc9244385cc2b3ec5cce273816b29e,100644,blob,3fc3a1283ccc9244385cc2b3ec5cce273816b29e
contrib/wap-portal/xhtml/help.xhtml,identical,100644,blob,2dddfe5382bb2ec0f6b1a019b59960df8faf66fa,100644,blob,2dddfe5382bb2ec0f6b1a019b59960df8faf66fa
contrib/wap-portal/xhtml/index.xhtml,identical,100644,blob,df2106910d5424c03e1f88b90084cd6c4675f906,100644,blob,df2106910d5424c03e1f88b90084cd6c4675f906
contrib/wap-portal/xhtml/media-library.xhtml,identical,100644,blob,db2193c410e9d75e69c403b2c1dd811f5106a9f4,100644,blob,db2193c410e9d75e69c403b2c1dd811f5106a9f4
contrib/wap-portal/xhtml/packet-data.xhtml,identical,100644,blob,20d07a1078ff830738e33657be96ac6d88d0bd02,100644,blob,20d07a1078ff830738e33657be96ac6d88d0bd02
contrib/wap-portal/xhtml/radio.xhtml,identical,100644,blob,70d2e7edc20b805a5609411123013915f59fdcf4,100644,blob,70d2e7edc20b805a5609411123013915f59fdcf4
contrib/wap-portal/xhtml/recorder.xhtml,identical,100644,blob,e33d13e86cd787cdcd943a43b9dc07a6fd5ce223,100644,blob,e33d13e86cd787cdcd943a43b9dc07a6fd5ce223
contrib/wap-portal/xhtml/sds.xhtml,identical,100644,blob,17f7794d012fd8d94a28117b573d69bc8b26d48e,100644,blob,17f7794d012fd8d94a28117b573d69bc8b26d48e
contrib/wap-portal/xhtml/services.xhtml,identical,100644,blob,4c1e56676700653310132feaa3c66bf4f885bfc7,100644,blob,4c1e56676700653310132feaa3c66bf4f885bfc7
contrib/wap-portal/xhtml/status.xhtml,identical,100644,blob,ffb8508dc768e82e7d36e1c3ebdd3e04c2620bdc,100644,blob,ffb8508dc768e82e7d36e1c3ebdd3e04c2620bdc
contrib/wap-portal/xhtml/subscribers.xhtml,identical,100644,blob,8f1f7932af5155970e67b66b71356228cb6707ec,100644,blob,8f1f7932af5155970e67b66b71356228cb6707ec
contrib/wap-portal/xhtml/task-form.xhtml,identical,100644,blob,ad1fa67fc69645041378d5557ae93b02ff5b6856,100644,blob,ad1fa67fc69645041378d5557ae93b02ff5b6856
contrib/wap-portal/xhtml/tasks.xhtml,identical,100644,blob,6dc8c73bfb29e8e1f18a2eb52fab800b94206bf8,100644,blob,6dc8c73bfb29e8e1f18a2eb52fab800b94206bf8
contrib/wap-portal/xhtml/tests.xhtml,identical,100644,blob,5c882d0dd42d85480968f4396c0f94c193e68eb7,100644,blob,5c882d0dd42d85480968f4396c0f94c193e68eb7
contrib/wap-portal/xhtml/tts.xhtml,identical,100644,blob,f0ffb1e26c387b223ded8ee12ab3951c5e1e238b,100644,blob,f0ffb1e26c387b223ded8ee12ab3951c5e1e238b
crates/tetra-config/Cargo.toml,identical,100644,blob,2591d47e3011285f3994b997898228d2d3c471a9,100644,blob,2591d47e3011285f3994b997898228d2d3c471a9
crates/tetra-config/src/bluestation/config.rs,identical,100644,blob,2a490a10f082a01710d9d3c46d50831c7787d122,100644,blob,2a490a10f082a01710d9d3c46d50831c7787d122
crates/tetra-config/src/bluestation/mod.rs,identical,100644,blob,bc31cb294d7dba8b6ec4b0a03c7cc6e0a7255181,100644,blob,bc31cb294d7dba8b6ec4b0a03c7cc6e0a7255181
crates/tetra-config/src/bluestation/parsing.rs,identical,100644,blob,4cca837825b7479cef097d33da2055c10337d935,100644,blob,4cca837825b7479cef097d33da2055c10337d935
crates/tetra-config/src/bluestation/sec_asterisk.rs,identical,100644,blob,d6a75419cd77175c35f26c13e794b580bd9af1bf,100644,blob,d6a75419cd77175c35f26c13e794b580bd9af1bf
crates/tetra-config/src/bluestation/sec_audio_player.rs,identical,100644,blob,4b6167a517b3d6d43876e9b6601a288e986e5b45,100644,blob,4b6167a517b3d6d43876e9b6601a288e986e5b45
crates/tetra-config/src/bluestation/sec_brew.rs,identical,100644,blob,40e52ecb8de26766909b87f3c5a8281c19c47b2c,100644,blob,40e52ecb8de26766909b87f3c5a8281c19c47b2c
crates/tetra-config/src/bluestation/sec_cell.rs,identical,100644,blob,dfaf4bbaa609da79506f5b4adf73b061698cd65e,100644,blob,dfaf4bbaa609da79506f5b4adf73b061698cd65e
crates/tetra-config/src/bluestation/sec_control.rs,identical,100644,blob,d12c2a59c719d933f9f3da35a39a13919b7aa84f,100644,blob,d12c2a59c719d933f9f3da35a39a13919b7aa84f
crates/tetra-config/src/bluestation/sec_control_room.rs,identical,100644,blob,a251c2a1c64c6d91e38a162958ee942d28df6076,100644,blob,a251c2a1c64c6d91e38a162958ee942d28df6076
crates/tetra-config/src/bluestation/sec_dapnet.rs,identical,100644,blob,bc6d6b9624cdb2c9a8094dcbd9d833bebc7492b5,100644,blob,bc6d6b9624cdb2c9a8094dcbd9d833bebc7492b5
crates/tetra-config/src/bluestation/sec_dashboard.rs,identical,100644,blob,b0ace018ab8c3fdf9eba6c2f0001176237846de3,100644,blob,b0ace018ab8c3fdf9eba6c2f0001176237846de3
crates/tetra-config/src/bluestation/sec_directory.rs,identical,100644,blob,0468e11ecc847eb3c09ca83bc25ede3f819738e4,100644,blob,0468e11ecc847eb3c09ca83bc25ede3f819738e4
crates/tetra-config/src/bluestation/sec_echolink.rs,identical,100644,blob,0fb6de2665335e1726b7da1c0465633434359ef3,100644,blob,0fb6de2665335e1726b7da1c0465633434359ef3
crates/tetra-config/src/bluestation/sec_edge_fallback.rs,identical,100644,blob,8ca2dc53a58750e37117f8c3b88201b3a72e0b01,100644,blob,8ca2dc53a58750e37117f8c3b88201b3a72e0b01
crates/tetra-config/src/bluestation/sec_emergency.rs,identical,100644,blob,9b1a6147c561945349f3d6fe32b938916c37c02d,100644,blob,9b1a6147c561945349f3d6fe32b938916c37c02d
crates/tetra-config/src/bluestation/sec_geoalarm.rs,identical,100644,blob,a707551fdfdd4e0e2977aa2f9645d3b9c8575df9,100644,blob,a707551fdfdd4e0e2977aa2f9645d3b9c8575df9
crates/tetra-config/src/bluestation/sec_health.rs,identical,100644,blob,d628bf0eb236ee5a48096fde4ea2a12be8ad07ff,100644,blob,d628bf0eb236ee5a48096fde4ea2a12be8ad07ff
crates/tetra-config/src/bluestation/sec_media_library.rs,identical,100644,blob,f9f5df8ac48741acfb59561336828d96b0c2b38b,100644,blob,f9f5df8ac48741acfb59561336828d96b0c2b38b
crates/tetra-config/src/bluestation/sec_meshcom.rs,identical,100644,blob,4901c3cd1398d045afd0b67d5fe493be4380ebfc,100644,blob,4901c3cd1398d045afd0b67d5fe493be4380ebfc
crates/tetra-config/src/bluestation/sec_net.rs,identical,100644,blob,cf9062b069cad9b36dd8efe058cc1cd81cb1e146,100644,blob,cf9062b069cad9b36dd8efe058cc1cd81cb1e146
crates/tetra-config/src/bluestation/sec_phy.rs,identical,100644,blob,99ad35b8f147df958f9b68bc35adbeb3a9a604d8,100644,blob,99ad35b8f147df958f9b68bc35adbeb3a9a604d8
crates/tetra-config/src/bluestation/sec_phy_soapy.rs,identical,100644,blob,4f3b9598f4033601da8eca7de207834d7d6c5f16,100644,blob,4f3b9598f4033601da8eca7de207834d7d6c5f16
crates/tetra-config/src/bluestation/sec_recording.rs,identical,100644,blob,09a56348aa766f7d36e567d6f06a5354d96547d6,100644,blob,09a56348aa766f7d36e567d6f06a5354d96547d6
crates/tetra-config/src/bluestation/sec_recovery.rs,identical,100644,blob,7aac95338687b2d6b54eb621563ac4a3170f7f34,100644,blob,7aac95338687b2d6b54eb621563ac4a3170f7f34
crates/tetra-config/src/bluestation/sec_security.rs,identical,100644,blob,a87ee2bcaa548868b51b8eadafa1dc57bcd1bc0a,100644,blob,a87ee2bcaa548868b51b8eadafa1dc57bcd1bc0a
crates/tetra-config/src/bluestation/sec_snom_notify.rs,identical,100644,blob,e168d84bb9c29e99ef724e7aae1025ec20254cd4,100644,blob,e168d84bb9c29e99ef724e7aae1025ec20254cd4
crates/tetra-config/src/bluestation/sec_telegram.rs,identical,100644,blob,3cc87e9d473fade050014277e736d3c605db5a9f,100644,blob,3cc87e9d473fade050014277e736d3c605db5a9f
crates/tetra-config/src/bluestation/sec_telemetry.rs,identical,100644,blob,90a4fbe0a6e0b68a1e452c6baba9cee4c06923a5,100644,blob,90a4fbe0a6e0b68a1e452c6baba9cee4c06923a5
crates/tetra-config/src/bluestation/sec_tpg2200_action.rs,identical,100644,blob,bc14404a8d20205aca8dc09855f02651cf653f58,100644,blob,bc14404a8d20205aca8dc09855f02651cf653f58
crates/tetra-config/src/bluestation/sec_tts.rs,identical,100644,blob,e1ef76d9d4750fd93c8cca946e4506b184de1a07,100644,blob,e1ef76d9d4750fd93c8cca946e4506b184de1a07
crates/tetra-config/src/bluestation/sec_wx.rs,identical,100644,blob,cb33c8d745d43653e4588903327cc93c03ec0894,100644,blob,cb33c8d745d43653e4588903327cc93c03ec0894
crates/tetra-config/src/bluestation/state.rs,identical,100644,blob,da9fd0257fe09077f95d05d214fcf3a21159e5b9,100644,blob,da9fd0257fe09077f95d05d214fcf3a21159e5b9
crates/tetra-config/src/lib.rs,identical,100644,blob,6aaeefe4f33c458219e8edeadc40c45e5d5287be,100644,blob,6aaeefe4f33c458219e8edeadc40c45e5d5287be
crates/tetra-core/Cargo.toml,identical,100644,blob,e31970bff244a0e07631fec6c7c3095e582da14c,100644,blob,e31970bff244a0e07631fec6c7c3095e582da14c
crates/tetra-core/src/address.rs,identical,100644,blob,25309c0d55c052ff4e3101cfc813886820db16ad,100644,blob,25309c0d55c052ff4e3101cfc813886820db16ad
crates/tetra-core/src/bitbuffer.rs,identical,100644,blob,b54dfe657217f5ce1c18d229f1cb3a4996bac873,100644,blob,b54dfe657217f5ce1c18d229f1cb3a4996bac873
crates/tetra-core/src/control.rs,identical,100644,blob,ea6a04ddd7b7929029479b597f8aa00b01ed1aa9,100644,blob,ea6a04ddd7b7929029479b597f8aa00b01ed1aa9
crates/tetra-core/src/debug.rs,identical,100644,blob,e2b0bb8275416e61ecf583635df8c4f4a44d04df,100644,blob,e2b0bb8275416e61ecf583635df8c4f4a44d04df
crates/tetra-core/src/direction.rs,identical,100644,blob,dcefc7f464b5de3746d6b91b05b5264a088e95fe,100644,blob,dcefc7f464b5de3746d6b91b05b5264a088e95fe
crates/tetra-core/src/freqs.rs,identical,100644,blob,aa8469b09ef10f28929d2771f1796277c4ca4006,100644,blob,aa8469b09ef10f28929d2771f1796277c4ca4006
crates/tetra-core/src/lib.rs,identical,100644,blob,7062c759096d94213edb308fde9f1a47ba04269a,100644,blob,7062c759096d94213edb308fde9f1a47ba04269a
crates/tetra-core/src/pdu_parse_error.rs,identical,100644,blob,df60d6d49918a7c995c4a03db14f4ab5ab308e77,100644,blob,df60d6d49918a7c995c4a03db14f4ab5ab308e77
crates/tetra-core/src/phy_types.rs,identical,100644,blob,443affa839361739b09205746699c8d764bfd2c6,100644,blob,443affa839361739b09205746699c8d764bfd2c6
crates/tetra-core/src/ranges.rs,identical,100644,blob,d7c1e1381223f330eefc7b6283885d659d2d21e0,100644,blob,d7c1e1381223f330eefc7b6283885d659d2d21e0
crates/tetra-core/src/sap_fields.rs,identical,100644,blob,9af2c565a10c4ba936256a213a48a35cceb5d375,100644,blob,9af2c565a10c4ba936256a213a48a35cceb5d375
crates/tetra-core/src/tdma_time.rs,identical,100644,blob,52a2d2b3824904241525ee73832b5aab38515be2,100644,blob,52a2d2b3824904241525ee73832b5aab38515be2
crates/tetra-core/src/tetra_common.rs,identical,100644,blob,7e2a4da04c870b1fd2acc9039d02e65131542e2c,100644,blob,7e2a4da04c870b1fd2acc9039d02e65131542e2c
crates/tetra-core/src/tetra_entities.rs,identical,100644,blob,220010fbc516feaad47c46aa1d33240124a58b9c,100644,blob,220010fbc516feaad47c46aa1d33240124a58b9c
crates/tetra-core/src/timeslot_alloc.rs,identical,100644,blob,21994bb67733df5c68922a026ae793c09d5a0e0c,100644,blob,21994bb67733df5c68922a026ae793c09d5a0e0c
crates/tetra-core/src/tx_receipt.rs,identical,100644,blob,d401849cf81d8c86add3580f51d41ca3cb048e1e,100644,blob,d401849cf81d8c86add3580f51d41ca3cb048e1e
crates/tetra-core/src/typed_pdu_fields.rs,identical,100644,blob,3241a9d94e869df02052abd8882c66daa72c1274,100644,blob,3241a9d94e869df02052abd8882c66daa72c1274
crates/tetra-entities/Cargo.toml,identical,100644,blob,f9415558dc0e3d2f57f297f3ba249643ce4111e1,100644,blob,f9415558dc0e3d2f57f297f3ba249643ce4111e1
crates/tetra-entities/build.rs,identical,100644,blob,02c9e61ed23491b3f690f96497ab2af3fffe2782,100644,blob,02c9e61ed23491b3f690f96497ab2af3fffe2782
crates/tetra-entities/src/backlight.rs,identical,100644,blob,7e4ae8e7bdb5327ad4c7b6872a4df88e01662f27,100644,blob,7e4ae8e7bdb5327ad4c7b6872a4df88e01662f27
crates/tetra-entities/src/cmce/call_restore_runtime.rs,identical,100644,blob,3af565f728b25c74fe2ffd2eb4429ca6cccab26b,100644,blob,3af565f728b25c74fe2ffd2eb4429ca6cccab26b
crates/tetra-entities/src/cmce/cmce_bs.rs,identical,100644,blob,9220a9e49be5d4b40af91660659bff84a608ba3e,100644,blob,9220a9e49be5d4b40af91660659bff84a608ba3e
crates/tetra-entities/src/cmce/cmce_ms.rs,identical,100644,blob,8ff03f971fc09f57f33f61307e417a1ef075f611,100644,blob,8ff03f971fc09f57f33f61307e417a1ef075f611
crates/tetra-entities/src/cmce/components/circuit_mgr.rs,identical,100644,blob,747356ce0b6a8800f6f24d64aa51dfa124d60d7e,100644,blob,747356ce0b6a8800f6f24d64aa51dfa124d60d7e
crates/tetra-entities/src/cmce/components/mod.rs,identical,100644,blob,5ac2af0b2b317637c485c522657a4e734d4d8bb1,100644,blob,5ac2af0b2b317637c485c522657a4e734d4d8bb1
crates/tetra-entities/src/cmce/components/pc_bs.rs,identical,100644,blob,5516cb63f545095dca2f7451eb7ed353ebe77e7d,100644,blob,5516cb63f545095dca2f7451eb7ed353ebe77e7d
crates/tetra-entities/src/cmce/mod.rs,identical,100644,blob,07819392d43a7e081bc1958095033e364d61aea7,100644,blob,07819392d43a7e081bc1958095033e364d61aea7
crates/tetra-entities/src/cmce/subentities/cc_bs/central_control.rs,identical,100644,blob,f5cf89a2e7c2a571c804467b211769f30f80c233,100644,blob,f5cf89a2e7c2a571c804467b211769f30f80c233
crates/tetra-entities/src/cmce/subentities/cc_bs/control_plane.rs,identical,100644,blob,b71d2a1bf496679ac3efd38840a2636bd97cbeb7,100644,blob,b71d2a1bf496679ac3efd38840a2636bd97cbeb7
crates/tetra-entities/src/cmce/subentities/cc_bs/dtmf.rs,identical,100644,blob,1e0d2c396f01ea043b678bd76d5cf43574e3f113,100644,blob,1e0d2c396f01ea043b678bd76d5cf43574e3f113
crates/tetra-entities/src/cmce/subentities/cc_bs/lifecycle.rs,identical,100644,blob,fc70228b3a9fc30dea782dc8c425e7f5ac07756f,100644,blob,fc70228b3a9fc30dea782dc8c425e7f5ac07756f
crates/tetra-entities/src/cmce/subentities/cc_bs/mod.rs,identical,100644,blob,2f85f3d64fa25d284dbce6edd7adc0787211cdc1,100644,blob,2f85f3d64fa25d284dbce6edd7adc0787211cdc1
crates/tetra-entities/src/cmce/subentities/cc_bs/pdu.rs,identical,100644,blob,4f13c6d9368af9824fb6c4923306bbc5ea2cfc39,100644,blob,4f13c6d9368af9824fb6c4923306bbc5ea2cfc39
crates/tetra-entities/src/cmce/subentities/cc_bs/procedures/group.rs,identical,100644,blob,6b458c796edca00f302188936c28ccbaa5e01fd6,100644,blob,6b458c796edca00f302188936c28ccbaa5e01fd6
crates/tetra-entities/src/cmce/subentities/cc_bs/procedures/individual.rs,identical,100644,blob,02f1bf7ba61fd3dc302191a2531318858aa2440c,100644,blob,02f1bf7ba61fd3dc302191a2531318858aa2440c
crates/tetra-entities/src/cmce/subentities/cc_bs/procedures/isi.rs,identical,100644,blob,f125a7d9fa42910c4ca7b2a81ba7472436f57d83,100644,blob,f125a7d9fa42910c4ca7b2a81ba7472436f57d83
crates/tetra-entities/src/cmce/subentities/cc_bs/procedures/mod.rs,identical,100644,blob,ba4fd9864f04b2de5e3e9ed8cad5b643a22d27c0,100644,blob,ba4fd9864f04b2de5e3e9ed8cad5b643a22d27c0
crates/tetra-entities/src/cmce/subentities/cc_bs/procedures/restoration.rs,identical,100644,blob,c206b22750794be7c08633f1d67c22c4965d891b,100644,blob,c206b22750794be7c08633f1d67c22c4965d891b
crates/tetra-entities/src/cmce/subentities/cc_bs/procedures/setup.rs,identical,100644,blob,3c6bdcd1c410ed90312e7f5907765f01dd0d3f65,100644,blob,3c6bdcd1c410ed90312e7f5907765f01dd0d3f65
crates/tetra-entities/src/cmce/subentities/cc_bs/procedures/uplink.rs,identical,100644,blob,c04906c3bed8170c9810eaada6d70db0c27cedad,100644,blob,c04906c3bed8170c9810eaada6d70db0c27cedad
crates/tetra-entities/src/cmce/subentities/cc_bs/routes/isi.rs,identical,100644,blob,010ada276ba1b07b22e7defa7da40e684c55392a,100644,blob,010ada276ba1b07b22e7defa7da40e684c55392a
crates/tetra-entities/src/cmce/subentities/cc_bs/routes/mod.rs,identical,100644,blob,c8d64030d72130be9f23dab034b8c340c026210d,100644,blob,c8d64030d72130be9f23dab034b8c340c026210d
crates/tetra-entities/src/cmce/subentities/cc_bs/routes/ra.rs,identical,100644,blob,16032087171655fd39ae7f5717fd9c72d7aa1e4f,100644,blob,16032087171655fd39ae7f5717fd9c72d7aa1e4f
crates/tetra-entities/src/cmce/subentities/cc_bs/routes/rd.rs,identical,100644,blob,0d505cd630505c0c1a1d750478bca6731addaec8,100644,blob,0d505cd630505c0c1a1d750478bca6731addaec8
crates/tetra-entities/src/cmce/subentities/cc_bs/state/mod.rs,identical,100644,blob,1630fc2f445b756e956881468593f24764aa3824,100644,blob,1630fc2f445b756e956881468593f24764aa3824
crates/tetra-entities/src/cmce/subentities/cc_bs/timers.rs,identical,100644,blob,a40993770df13c763136d6c6c5309cbfcf4db68e,100644,blob,a40993770df13c763136d6c6c5309cbfcf4db68e
crates/tetra-entities/src/cmce/subentities/cc_ms.rs,identical,100644,blob,99868016d36d9424e10f6e552ed1f500aac8d675,100644,blob,99868016d36d9424e10f6e552ed1f500aac8d675
crates/tetra-entities/src/cmce/subentities/home_mode_display.rs,identical,100644,blob,4821da1a35e25e7c3696049ec2677c0b0745b253,100644,blob,4821da1a35e25e7c3696049ec2677c0b0745b253
crates/tetra-entities/src/cmce/subentities/mod.rs,identical,100644,blob,43ce54fc37a5a3b6fb83ec20111e53478a0bdb3f,100644,blob,43ce54fc37a5a3b6fb83ec20111e53478a0bdb3f
crates/tetra-entities/src/cmce/subentities/sds_bs.rs,identical,100644,blob,09533926ec7272a46813c295c0f3f67628dd750c,100644,blob,09533926ec7272a46813c295c0f3f67628dd750c
crates/tetra-entities/src/cmce/subentities/sds_ms.rs,identical,100644,blob,e3a7e11f958dc1faea4b751c3920e3e365ecc312,100644,blob,e3a7e11f958dc1faea4b751c3920e3e365ecc312
crates/tetra-entities/src/cmce/subentities/ss_bs.rs,identical,100644,blob,217db597a405d50a5fef2bf3b3d778ba76db14b2,100644,blob,217db597a405d50a5fef2bf3b3d778ba76db14b2
crates/tetra-entities/src/cmce/subentities/ss_ms.rs,identical,100644,blob,c30e2b0317d65941da3497a2b9c82171819f0946,100644,blob,c30e2b0317d65941da3497a2b9c82171819f0946
crates/tetra-entities/src/entity_trait.rs,identical,100644,blob,ebe6834d28885a5dfb33d6842eabb7c70db8de68,100644,blob,ebe6834d28885a5dfb33d6842eabb7c70db8de68
crates/tetra-entities/src/health/mod.rs,identical,100644,blob,0000bfdd3c11cb5a291b2a5ca07a9e95f065997e,100644,blob,0000bfdd3c11cb5a291b2a5ca07a9e95f065997e
crates/tetra-entities/src/health/registry.rs,identical,100644,blob,b02f4eeddeac625bc28019ffc1aadd54e582e39c,100644,blob,b02f4eeddeac625bc28019ffc1aadd54e582e39c
crates/tetra-entities/src/health/supervisor.rs,identical,100644,blob,c4e163909bcff2e3db2892b6e04c18825b44e296,100644,blob,c4e163909bcff2e3db2892b6e04c18825b44e296
crates/tetra-entities/src/health/types.rs,identical,100644,blob,775b26f63ccbd7c5bc5f7ac9b8b188b2d391fb13,100644,blob,775b26f63ccbd7c5bc5f7ac9b8b188b2d391fb13
crates/tetra-entities/src/legacy_wap.rs,identical,100644,blob,46531a085bcae36080b66fda745aa0f1d2d928fa,100644,blob,46531a085bcae36080b66fda745aa0f1d2d928fa
crates/tetra-entities/src/lib.rs,identical,100644,blob,650897b2a14d5406c54230dabd84f777038c1e08,100644,blob,650897b2a14d5406c54230dabd84f777038c1e08
crates/tetra-entities/src/llc/components/fcs.rs,identical,100644,blob,b72e4a770ed08c3047b7d0c9e8a68c6a48e2f766,100644,blob,b72e4a770ed08c3047b7d0c9e8a68c6a48e2f766
crates/tetra-entities/src/llc/components/mod.rs,identical,100644,blob,498783d211208456dc735e18946c106cb12601f6,100644,blob,498783d211208456dc735e18946c106cb12601f6
crates/tetra-entities/src/llc/llc_bs_ms.rs,identical,100644,blob,90f6bbfda3499308857f76ff11efe0db37a457cb,100644,blob,90f6bbfda3499308857f76ff11efe0db37a457cb
crates/tetra-entities/src/llc/mod.rs,identical,100644,blob,c215d6dc242a6982bb596b28d610b509dea18bda,100644,blob,c215d6dc242a6982bb596b28d610b509dea18bda
crates/tetra-entities/src/lmac/components/convenc.rs,identical,100644,blob,a623a9f4d17054194c71beddf8591806479123ea,100644,blob,a623a9f4d17054194c71beddf8591806479123ea
crates/tetra-entities/src/lmac/components/crc16.rs,identical,100644,blob,e35708a947216f9a251f01e91dd00cc159222946,100644,blob,e35708a947216f9a251f01e91dd00cc159222946
crates/tetra-entities/src/lmac/components/errorcontrol.rs,identical,100644,blob,b68b131d225fa53c7deadb5216cf7084aa9a24a5,100644,blob,b68b131d225fa53c7deadb5216cf7084aa9a24a5
crates/tetra-entities/src/lmac/components/errorcontrol_params.rs,identical,100644,blob,4d98a9028924c9d9fc2be23093418f7b4b26eb78,100644,blob,4d98a9028924c9d9fc2be23093418f7b4b26eb78
crates/tetra-entities/src/lmac/components/interleaver.rs,identical,100644,blob,a2ced13e1373e9c4b8fcd601a3162383f09eb798,100644,blob,a2ced13e1373e9c4b8fcd601a3162383f09eb798
crates/tetra-entities/src/lmac/components/mod.rs,identical,100644,blob,628bef13c0dc8974b01c01e243a608fd453a6ea0,100644,blob,628bef13c0dc8974b01c01e243a608fd453a6ea0
crates/tetra-entities/src/lmac/components/rm3014.rs,identical,100644,blob,58119c6f528335a874112b05fc451d09cacd13af,100644,blob,58119c6f528335a874112b05fc451d09cacd13af
crates/tetra-entities/src/lmac/components/scrambler.rs,identical,100644,blob,621f7e4a5a1a9d1fafaec69447358768734e9d8e,100644,blob,621f7e4a5a1a9d1fafaec69447358768734e9d8e
crates/tetra-entities/src/lmac/components/tch_reorder.rs,identical,100644,blob,f08b0efedd1f6c953bfac379f08aac2ea9cc19b1,100644,blob,f08b0efedd1f6c953bfac379f08aac2ea9cc19b1
crates/tetra-entities/src/lmac/components/viterbi.rs,identical,100644,blob,ae80814d32dac08ffac856c5247e48598434e765,100644,blob,ae80814d32dac08ffac856c5247e48598434e765
crates/tetra-entities/src/lmac/lmac_bs.rs,identical,100644,blob,5e90162c5c6ea4896784b8690d2977b1247e0e13,100644,blob,5e90162c5c6ea4896784b8690d2977b1247e0e13
crates/tetra-entities/src/lmac/lmac_ms.rs,identical,100644,blob,410d2df8da416e296f18568c3a1c055e80fb02a9,100644,blob,410d2df8da416e296f18568c3a1c055e80fb02a9
crates/tetra-entities/src/lmac/mod.rs,identical,100644,blob,be74a36b958ba2c7fb182d1c0fcf0ebd4dab25f3,100644,blob,be74a36b958ba2c7fb182d1c0fcf0ebd4dab25f3
crates/tetra-entities/src/messagerouter.rs,identical,100644,blob,cc1341823f3f35a0561f6cc1ab515151b245cd5c,100644,blob,cc1341823f3f35a0561f6cc1ab515151b245cd5c
crates/tetra-entities/src/mle/cell_change_runtime.rs,identical,100644,blob,d40e6791cab40eced79b07e721e1ec36a1420adf,100644,blob,d40e6791cab40eced79b07e721e1ec36a1420adf
crates/tetra-entities/src/mle/components/broadcast.rs,identical,100644,blob,9bed0569dd928327298c3b1363147674be37d69c,100644,blob,9bed0569dd928327298c3b1363147674be37d69c
crates/tetra-entities/src/mle/components/mle_router.rs,identical,100644,blob,682b63efdc3cca00a7c73740dcb378ebb2f317b1,100644,blob,682b63efdc3cca00a7c73740dcb378ebb2f317b1
crates/tetra-entities/src/mle/components/mod.rs,identical,100644,blob,2a1deb6c21193d2a41807c26c5a3850548d146dc,100644,blob,2a1deb6c21193d2a41807c26c5a3850548d146dc
crates/tetra-entities/src/mle/components/network_time.rs,identical,100644,blob,6f0d1df044bad61ec39c19c4a45f5bf3ab766fac,100644,blob,6f0d1df044bad61ec39c19c4a45f5bf3ab766fac
crates/tetra-entities/src/mle/ltpd_runtime.rs,identical,100644,blob,67999d309571300400b79abe477ad24d17b254da,100644,blob,67999d309571300400b79abe477ad24d17b254da
crates/tetra-entities/src/mle/mle_bs.rs,identical,100644,blob,d48545a08dd3460a6588b7a8b0c502e52dfffdc4,100644,blob,d48545a08dd3460a6588b7a8b0c502e52dfffdc4
crates/tetra-entities/src/mle/mle_ms.rs,identical,100644,blob,df8a69bc0ba310637f4d1122105cc53120bf87c3,100644,blob,df8a69bc0ba310637f4d1122105cc53120bf87c3
crates/tetra-entities/src/mle/mod.rs,identical,100644,blob,51cedb96a83d886ff91c1111dff40245b62a498c,100644,blob,51cedb96a83d886ff91c1111dff40245b62a498c
crates/tetra-entities/src/mm/components/client_state.rs,identical,100644,blob,620ee231503b0f0d6578b0965257b42e763d6200,100644,blob,620ee231503b0f0d6578b0965257b42e763d6200
crates/tetra-entities/src/mm/components/mod.rs,identical,100644,blob,2e8b36bf7048bbefbef8687862896f249dc1a6ee,100644,blob,2e8b36bf7048bbefbef8687862896f249dc1a6ee
crates/tetra-entities/src/mm/components/not_supported.rs,identical,100644,blob,19cd5769a5f1298312a29f9d5e302e2d48a08762,100644,blob,19cd5769a5f1298312a29f9d5e302e2d48a08762
crates/tetra-entities/src/mm/components/recovery_cache.rs,identical,100644,blob,cc763fbd9ee13e254aaf50523dd9cbff42aa035d,100644,blob,cc763fbd9ee13e254aaf50523dd9cbff42aa035d
crates/tetra-entities/src/mm/mm_bs.rs,identical,100644,blob,17b290cbeb097b255ff78b5e8b8fe2f4537cd37f,100644,blob,17b290cbeb097b255ff78b5e8b8fe2f4537cd37f
crates/tetra-entities/src/mm/mm_ms.rs,identical,100644,blob,43d96501d3d064b7e14bfafde2bd7a6c91b27272,100644,blob,43d96501d3d064b7e14bfafde2bd7a6c91b27272
crates/tetra-entities/src/mm/mobility_runtime.rs,identical,100644,blob,1794f997fefc2cad1dc8d4abe2df3fdbe5b7870a,100644,blob,1794f997fefc2cad1dc8d4abe2df3fdbe5b7870a
crates/tetra-entities/src/mm/mod.rs,identical,100644,blob,5841e949015bcc24d4e46df29a51262f3a8ad123,100644,blob,5841e949015bcc24d4e46df29a51262f3a8ad123
crates/tetra-entities/src/net_asterisk/audio.rs,identical,100644,blob,80f455556033441313ea13dbe74563eedb14610d,100644,blob,80f455556033441313ea13dbe74563eedb14610d
crates/tetra-entities/src/net_asterisk/causes.rs,identical,100644,blob,55c1d00688654be1c2970619d87fd62f070d8c81,100644,blob,55c1d00688654be1c2970619d87fd62f070d8c81
crates/tetra-entities/src/net_asterisk/entity.rs,identical,100644,blob,106d484d1c71f93535487e273b7f679ef13e90f8,100644,blob,106d484d1c71f93535487e273b7f679ef13e90f8
crates/tetra-entities/src/net_asterisk/media_worker.rs,identical,100644,blob,d10f4eeae4b391423f51545e5e5684eed3e5436a,100644,blob,d10f4eeae4b391423f51545e5e5684eed3e5436a
crates/tetra-entities/src/net_asterisk/mod.rs,identical,100644,blob,a043b1ee210cb8971e69878a07e6ff7ff9cfc6f9,100644,blob,a043b1ee210cb8971e69878a07e6ff7ff9cfc6f9
crates/tetra-entities/src/net_audio/codec.rs,identical,100644,blob,d5e163ece3319481ac2c85f745e5a8c1c6fcfcc6,100644,blob,d5e163ece3319481ac2c85f745e5a8c1c6fcfcc6
crates/tetra-entities/src/net_audio/mod.rs,identical,100644,blob,63cf2f6712a9dc58ed6cd1dfcd66be5327f8252f,100644,blob,63cf2f6712a9dc58ed6cd1dfcd66be5327f8252f
crates/tetra-entities/src/net_audio_player/entity.rs,identical,100644,blob,2564ce569ef024c66f84e9d19ac1eb8a82646a80,100644,blob,2564ce569ef024c66f84e9d19ac1eb8a82646a80
crates/tetra-entities/src/net_audio_player/media.rs,identical,100644,blob,35f2eef969383ebd3a7912175a9f5a0395373e53,100644,blob,35f2eef969383ebd3a7912175a9f5a0395373e53
crates/tetra-entities/src/net_audio_player/mod.rs,identical,100644,blob,206923fdb733d4802aa3d52be0f7355e8a0f3527,100644,blob,206923fdb733d4802aa3d52be0f7355e8a0f3527
crates/tetra-entities/src/net_audio_player/service.rs,identical,100644,blob,b8c532db1a521c865155c1bb0a309852727c6be8,100644,blob,b8c532db1a521c865155c1bb0a309852727c6be8
crates/tetra-entities/src/net_audio_player/types.rs,identical,100644,blob,45d2cc23d3022d83d11032c54594dd298d4d5e71,100644,blob,45d2cc23d3022d83d11032c54594dd298d4d5e71
crates/tetra-entities/src/net_brew/components/brew_routable.rs,identical,100644,blob,489555d9a458f6d9cc9cb20632d4a3fc9f03c636,100644,blob,489555d9a458f6d9cc9cb20632d4a3fc9f03c636
crates/tetra-entities/src/net_brew/components/jitter_buffer.rs,identical,100644,blob,73d05534bc875816c78f3c6c70c63617d5912708,100644,blob,73d05534bc875816c78f3c6c70c63617d5912708
crates/tetra-entities/src/net_brew/components/mod.rs,identical,100644,blob,1721b1092977bd35bbad131aa021117e62315577,100644,blob,1721b1092977bd35bbad131aa021117e62315577
crates/tetra-entities/src/net_brew/components/socket_health.rs,identical,100644,blob,516e4ff74ee6645aed8397c4b133bd1e57b6f312,100644,blob,516e4ff74ee6645aed8397c4b133bd1e57b6f312
crates/tetra-entities/src/net_brew/entity.rs,identical,100644,blob,8bdf5e6119ddec371eaa21f63e332f73fea87d89,100644,blob,8bdf5e6119ddec371eaa21f63e332f73fea87d89
crates/tetra-entities/src/net_brew/mod.rs,identical,100644,blob,05c43f78aef707204f37f1bfbf4c457f5e894893,100644,blob,05c43f78aef707204f37f1bfbf4c457f5e894893
crates/tetra-entities/src/net_brew/protocol.rs,identical,100644,blob,fe42c8082dac3e5893cabbca83c950f2a6679f7d,100644,blob,fe42c8082dac3e5893cabbca83c950f2a6679f7d
crates/tetra-entities/src/net_brew/worker.rs,identical,100644,blob,149f9ebbb8bf56dba81cb312f1801ca5065ba0ca,100644,blob,149f9ebbb8bf56dba81cb312f1801ca5065ba0ca
crates/tetra-entities/src/net_control/channel.rs,identical,100644,blob,e97b1927233986a2d174aeadc1479ee3af89e560,100644,blob,e97b1927233986a2d174aeadc1479ee3af89e560
crates/tetra-entities/src/net_control/codec.rs,identical,100644,blob,66b340f09a3491cbd8ff01744011e19de6810d4d,100644,blob,66b340f09a3491cbd8ff01744011e19de6810d4d
crates/tetra-entities/src/net_control/commands.rs,identical,100644,blob,20efe38670ebd80e53df8138bf36770c9ae7fa9f,100644,blob,20efe38670ebd80e53df8138bf36770c9ae7fa9f
crates/tetra-entities/src/net_control/mod.rs,identical,100644,blob,b4ebca477bb5d557d6d68c04a3dac6f9d1c052c1,100644,blob,b4ebca477bb5d557d6d68c04a3dac6f9d1c052c1
crates/tetra-entities/src/net_control/worker.rs,identical,100644,blob,d1a83cc34572bb4fe2a7294366af71db47ed8739,100644,blob,d1a83cc34572bb4fe2a7294366af71db47ed8739
crates/tetra-entities/src/net_control_room/codec.rs,identical,100644,blob,7a99d50527b5d28b5fe55aaaef6756e76e5775b6,100644,blob,7a99d50527b5d28b5fe55aaaef6756e76e5775b6
crates/tetra-entities/src/net_control_room/edge_store.rs,identical,100644,blob,ff6de23eb3339467a1b0bfb97ddd8cccf36d80ee,100644,blob,ff6de23eb3339467a1b0bfb97ddd8cccf36d80ee
crates/tetra-entities/src/net_control_room/mod.rs,identical,100644,blob,9d5a48e35e5094adb0036dd24e368349fda2208a,100644,blob,9d5a48e35e5094adb0036dd24e368349fda2208a
crates/tetra-entities/src/net_control_room/protocol.rs,identical,100644,blob,5572e1cee34ef73cf20077b6eaaf872a101f2147,100644,blob,5572e1cee34ef73cf20077b6eaaf872a101f2147
crates/tetra-entities/src/net_control_room/worker.rs,identical,100644,blob,2f700bfff24e6469488d4a626ef8381f080598e0,100644,blob,2f700bfff24e6469488d4a626ef8381f080598e0
crates/tetra-entities/src/net_dapnet/mod.rs,identical,100644,blob,61dfa444d179835a66bf7e1fb93638b8d9c1b5f4,100644,blob,61dfa444d179835a66bf7e1fb93638b8d9c1b5f4
crates/tetra-entities/src/net_dashboard/callsign.rs,identical,100644,blob,a528c89bcab5f3fce224feb62e7c7f98a92d6c03,100644,blob,a528c89bcab5f3fce224feb62e7c7f98a92d6c03
crates/tetra-entities/src/net_dashboard/dapnet.rs,identical,100644,blob,474dcad6d85d710de7ce3064310a90cc08695d13,100644,blob,474dcad6d85d710de7ce3064310a90cc08695d13
crates/tetra-entities/src/net_dashboard/dual_carrier.rs,identical,100644,blob,765f3c3ef8da26a9e1e51b60ec2364a161bf80aa,100644,blob,765f3c3ef8da26a9e1e51b60ec2364a161bf80aa
crates/tetra-entities/src/net_dashboard/echolink.rs,identical,100644,blob,c5dee25bf36d705b5754949fd03db4d2914efad8,100644,blob,c5dee25bf36d705b5754949fd03db4d2914efad8
crates/tetra-entities/src/net_dashboard/geoalarm.rs,identical,100644,blob,69203cb503b49d80aee4c0d909fb1c8aa4d6aebf,100644,blob,69203cb503b49d80aee4c0d909fb1c8aa4d6aebf
crates/tetra-entities/src/net_dashboard/html.rs,different,100644,blob,caf9cd6932346141021ed2f4ef62fbc79562fece,100644,blob,6a6a0d689369d4f3e8b37d900bfd09d5c20affc5
crates/tetra-entities/src/net_dashboard/meshcom.rs,identical,100644,blob,2db4bb91d8516d4d130b85cc85487a46996758a4,100644,blob,2db4bb91d8516d4d130b85cc85487a46996758a4
crates/tetra-entities/src/net_dashboard/mod.rs,identical,100644,blob,c22587dc09f04277ac4ebfb1fef4907ba0f00176,100644,blob,c22587dc09f04277ac4ebfb1fef4907ba0f00176
crates/tetra-entities/src/net_dashboard/radioid.rs,identical,100644,blob,ffd402ee25ea4d368769e44c0c65191285a49358,100644,blob,ffd402ee25ea4d368769e44c0c65191285a49358
crates/tetra-entities/src/net_dashboard/server.rs,different,100644,blob,a331ef1343013320077dd6975e450b55796cfb22,100644,blob,1ed884716d2c7de70022f1bdb90d7f2e510460b4
crates/tetra-entities/src/net_dashboard/snom_notify.rs,identical,100644,blob,1e41ce969cb7268c8252ff6099a7d2579282e838,100644,blob,1e41ce969cb7268c8252ff6099a7d2579282e838
crates/tetra-entities/src/net_dashboard/state.rs,identical,100644,blob,8254ae2b69a03eebd0b70fc3cd90422919fe827a,100644,blob,8254ae2b69a03eebd0b70fc3cd90422919fe827a
crates/tetra-entities/src/net_dashboard/telegram.rs,identical,100644,blob,506e6f594680f8271b43514cf7b4f17efb9c82e3,100644,blob,506e6f594680f8271b43514cf7b4f17efb9c82e3
crates/tetra-entities/src/net_dashboard/ui/dashboard.html,main_only,100644,blob,6161b3ebc6ae76c86f39ed1413dca1ca39ba1b8c,,,
crates/tetra-entities/src/net_dashboard/ui/login.html,main_only,100644,blob,f15ad0fcc056e955c0d3a01408e1e11c52f28b45,,,
crates/tetra-entities/src/net_dashboard/ui/netcore-login.js,main_only,100644,blob,c476aa3bf14078bbfe31b7bde883b4ac384c6421,,,
crates/tetra-entities/src/net_dashboard/ui/netcore-logo.png,main_only,100644,blob,9554379d4ede8da7c80cbd76b1b607bf33c6f8ad,,,
crates/tetra-entities/src/net_dashboard/ui/netcore-rf.css,main_only,100644,blob,c07023c071b989e0712858bcb613b42d37cb280b,,,
crates/tetra-entities/src/net_dashboard/ui/netcore-rf.js,main_only,100644,blob,deb39f2d637ed5dc7b0701c9ab34e836398b3a5f,,,
crates/tetra-entities/src/net_dashboard/ui/netcore.css,main_only,100644,blob,6e34fa7a841e763e31df67320300d1673972778b,,,
crates/tetra-entities/src/net_dashboard/ui/netcore.js,main_only,100644,blob,d0a8132bc748a91a3506a8a95a942d5772ef60e9,,,
crates/tetra-entities/src/net_dashboard/update_check.rs,identical,100644,blob,b24996c8c903aef033cd6376df86af973e038401,100644,blob,b24996c8c903aef033cd6376df86af973e038401
crates/tetra-entities/src/net_dashboard/whitelist.rs,identical,100644,blob,12a106a3c0cadd4cb2b262e3e2fb43bd2f7c84ee,100644,blob,12a106a3c0cadd4cb2b262e3e2fb43bd2f7c84ee
crates/tetra-entities/src/net_dashboard/wx_service.rs,identical,100644,blob,14ae9da7661208da31291e65b4189fe168d7c6f1,100644,blob,14ae9da7661208da31291e65b4189fe168d7c6f1
crates/tetra-entities/src/net_echolink/audio.rs,identical,100644,blob,d9c1340ad1ec0c5f5a9f8e232d6b9e6375ad8ad2,100644,blob,d9c1340ad1ec0c5f5a9f8e232d6b9e6375ad8ad2
crates/tetra-entities/src/net_echolink/mod.rs,identical,100644,blob,295cfccfb3412b53ee92f80295358c72f8b4a264,100644,blob,295cfccfb3412b53ee92f80295358c72f8b4a264
crates/tetra-entities/src/net_geoalarm/mod.rs,identical,100644,blob,4df585475c9bc7e5733d2169eb155071a95a8d4f,100644,blob,4df585475c9bc7e5733d2169eb155071a95a8d4f
crates/tetra-entities/src/net_media/mod.rs,identical,100644,blob,4f8d96118fb775b17afe1469b9d2900b43e045db,100644,blob,4f8d96118fb775b17afe1469b9d2900b43e045db
crates/tetra-entities/src/net_meshcom/mod.rs,identical,100644,blob,bbe2f9fb8ef73aa070c09068e8f0455d3adb9ff7,100644,blob,bbe2f9fb8ef73aa070c09068e8f0455d3adb9ff7
crates/tetra-entities/src/net_recorder/archive.rs,identical,100644,blob,ec1c07ac029110f437a76992eb1a2b015e18288b,100644,blob,ec1c07ac029110f437a76992eb1a2b015e18288b
crates/tetra-entities/src/net_recorder/entity.rs,identical,100644,blob,e539b46b80ea52a0d55c6b15d4d0cc07fa6beadc,100644,blob,e539b46b80ea52a0d55c6b15d4d0cc07fa6beadc
crates/tetra-entities/src/net_recorder/media_library.rs,identical,100644,blob,f2156c81000fa8e190b4224b91aff818d0007f9f,100644,blob,f2156c81000fa8e190b4224b91aff818d0007f9f
crates/tetra-entities/src/net_recorder/mod.rs,identical,100644,blob,ec1e9d91efcff378735f415c9fd65b2be3f76237,100644,blob,ec1e9d91efcff378735f415c9fd65b2be3f76237
crates/tetra-entities/src/net_recorder/service.rs,identical,100644,blob,b556327cdf9eda18fc927bb2ef291f3299394630,100644,blob,b556327cdf9eda18fc927bb2ef291f3299394630
crates/tetra-entities/src/net_recorder/types.rs,identical,100644,blob,a3ea0cdf559429d9012b3990046af7d080160e21,100644,blob,a3ea0cdf559429d9012b3990046af7d080160e21
crates/tetra-entities/src/net_recorder/wav.rs,identical,100644,blob,11dcec0dd0d8e48183a66caf4e52650f3e44cc83,100644,blob,11dcec0dd0d8e48183a66caf4e52650f3e44cc83
crates/tetra-entities/src/net_snom/mod.rs,identical,100644,blob,745dbb9edc6de229e98263a8369888caf923d28a,100644,blob,745dbb9edc6de229e98263a8369888caf923d28a
crates/tetra-entities/src/net_telegram/alerter.rs,identical,100644,blob,27bbbb10d8e99ec7759e7d8e61501f91b32e010e,100644,blob,27bbbb10d8e99ec7759e7d8e61501f91b32e010e
crates/tetra-entities/src/net_telegram/client.rs,identical,100644,blob,12da0a6507cf311ce79221f7db8e3b81e393f1bb,100644,blob,12da0a6507cf311ce79221f7db8e3b81e393f1bb
crates/tetra-entities/src/net_telegram/format.rs,identical,100644,blob,bc66df145cd28eb46785bbd510fcdd72d9b2b5c5,100644,blob,bc66df145cd28eb46785bbd510fcdd72d9b2b5c5
crates/tetra-entities/src/net_telegram/mod.rs,identical,100644,blob,4d568cbc62d68c4f800c77bddddc4e975c824d80,100644,blob,4d568cbc62d68c4f800c77bddddc4e975c824d80
crates/tetra-entities/src/net_telemetry/channel.rs,identical,100644,blob,8c0b26d5ec3f04984bbe8412d3f8bf0a88d7ba9c,100644,blob,8c0b26d5ec3f04984bbe8412d3f8bf0a88d7ba9c
crates/tetra-entities/src/net_telemetry/codec.rs,identical,100644,blob,ac8bef0e3316375d0ae98778c615daed9628d245,100644,blob,ac8bef0e3316375d0ae98778c615daed9628d245
crates/tetra-entities/src/net_telemetry/events.rs,identical,100644,blob,e98ce67c8690fad54bf81c36b87b0511527ad18a,100644,blob,e98ce67c8690fad54bf81c36b87b0511527ad18a
crates/tetra-entities/src/net_telemetry/mod.rs,identical,100644,blob,4017db2d1fbdb3b082096c4fae9c90cd4361c630,100644,blob,4017db2d1fbdb3b082096c4fae9c90cd4361c630
crates/tetra-entities/src/net_telemetry/worker.rs,identical,100644,blob,4e553a1836355d7ed7e752dfafdfd17bd4b020b9,100644,blob,4e553a1836355d7ed7e752dfafdfd17bd4b020b9
crates/tetra-entities/src/net_tts/mod.rs,identical,100644,blob,58edc69416f3a52765b6c90c3c2c5046880cbd45,100644,blob,58edc69416f3a52765b6c90c3c2c5046880cbd45
crates/tetra-entities/src/net_tts/service.rs,identical,100644,blob,95f7e8d6dcffd702dc151d6fb03a81e763b2f404,100644,blob,95f7e8d6dcffd702dc151d6fb03a81e763b2f404
crates/tetra-entities/src/net_tts/templates.rs,identical,100644,blob,6dc11d99b7d3b71001f5614cd13afb62a515de64,100644,blob,6dc11d99b7d3b71001f5614cd13afb62a515de64
crates/tetra-entities/src/net_tts/types.rs,identical,100644,blob,886834cbec8b4a7f39683f838b2fdec8beb28793,100644,blob,886834cbec8b4a7f39683f838b2fdec8beb28793
crates/tetra-entities/src/network/mod.rs,identical,100644,blob,ff3f7321e8015bc1ff72bf8af1068c7cdae1a38b,100644,blob,ff3f7321e8015bc1ff72bf8af1068c7cdae1a38b
crates/tetra-entities/src/network/netentity.rs,identical,100644,blob,ec163fd8cdc47bbe74af349cecb9b41da8debf98,100644,blob,ec163fd8cdc47bbe74af349cecb9b41da8debf98
crates/tetra-entities/src/network/transports/mock.rs,identical,100644,blob,18e6a7fa957430506aa5075d8674cc5fb2a46431,100644,blob,18e6a7fa957430506aa5075d8674cc5fb2a46431
crates/tetra-entities/src/network/transports/mod.rs,identical,100644,blob,511a14d9cf22a375a73c8eec5842dbb703101619,100644,blob,511a14d9cf22a375a73c8eec5842dbb703101619
crates/tetra-entities/src/network/transports/quic.rs,identical,100644,blob,9fd48b89f65ada9d8c1f344896a84d8908a593c6,100644,blob,9fd48b89f65ada9d8c1f344896a84d8908a593c6
crates/tetra-entities/src/network/transports/tcp.rs,identical,100644,blob,ad91f4ae5bd4f0a5dcd6f2f15a3e1e5a02864983,100644,blob,ad91f4ae5bd4f0a5dcd6f2f15a3e1e5a02864983
crates/tetra-entities/src/network/transports/websocket.rs,identical,100644,blob,83f6a51d66405a8bd5f96bc4cca7f5e6105b796d,100644,blob,83f6a51d66405a8bd5f96bc4cca7f5e6105b796d
crates/tetra-entities/src/phy/components/burst_consts.rs,identical,100644,blob,f9045be947ab983698a3d66183b978fc45165f91,100644,blob,f9045be947ab983698a3d66183b978fc45165f91
crates/tetra-entities/src/phy/components/demodulator.rs,identical,100644,blob,e0485de149fc92b87675c64fdeef68d23a7dae92,100644,blob,e0485de149fc92b87675c64fdeef68d23a7dae92
crates/tetra-entities/src/phy/components/dsp_types.rs,identical,100644,blob,2ee82ff31a45fd6dc55b828e1519cb3faa787520,100644,blob,2ee82ff31a45fd6dc55b828e1519cb3faa787520
crates/tetra-entities/src/phy/components/fcfb.rs,identical,100644,blob,e75b8529a44056f09a8ffdca9c59a2b8b91351d2,100644,blob,e75b8529a44056f09a8ffdca9c59a2b8b91351d2
crates/tetra-entities/src/phy/components/fir.rs,identical,100644,blob,d9691b6c097ced8a8fcabb702a0af392bc7de3dc,100644,blob,d9691b6c097ced8a8fcabb702a0af392bc7de3dc
crates/tetra-entities/src/phy/components/history.rs,identical,100644,blob,f07cce227eb0ab2840664830084e5637ab17b315,100644,blob,f07cce227eb0ab2840664830084e5637ab17b315
crates/tetra-entities/src/phy/components/mod.rs,identical,100644,blob,994555de8b650f7040fb30591cfea2870fc08104,100644,blob,994555de8b650f7040fb30591cfea2870fc08104
crates/tetra-entities/src/phy/components/modem_common.rs,identical,100644,blob,189a4f33a062892f029c88b5394ed723f9474452,100644,blob,189a4f33a062892f029c88b5394ed723f9474452
crates/tetra-entities/src/phy/components/modulator.rs,identical,100644,blob,5d66f752373965a42e89a574ae2ec0e02d666546,100644,blob,5d66f752373965a42e89a574ae2ec0e02d666546
crates/tetra-entities/src/phy/components/phy_io_file.rs,identical,100644,blob,d921d06b778800dc762c5544a3c20c322845c03b,100644,blob,d921d06b778800dc762c5544a3c20c322845c03b
crates/tetra-entities/src/phy/components/slotter.rs,identical,100644,blob,0d1b2500882c64526e6250e26a9be0e803654f45,100644,blob,0d1b2500882c64526e6250e26a9be0e803654f45
crates/tetra-entities/src/phy/components/soapy_dev.rs,identical,100644,blob,bc9e5bb33af125ffa5ba581d1e04668bf1b921a3,100644,blob,bc9e5bb33af125ffa5ba581d1e04668bf1b921a3
crates/tetra-entities/src/phy/components/soapy_dev_tests.rs,identical,100644,blob,e1089cb002444550d85538aeedcc81c5c83c177e,100644,blob,e1089cb002444550d85538aeedcc81c5c83c177e
crates/tetra-entities/src/phy/components/soapy_settings.rs,identical,100644,blob,6a2613ddbef04360ce7b58f7ac4ff86abbfc0f35,100644,blob,6a2613ddbef04360ce7b58f7ac4ff86abbfc0f35
crates/tetra-entities/src/phy/components/soapy_time.rs,identical,100644,blob,f40a24879099db51b5e41c610383c2191eeecab1,100644,blob,f40a24879099db51b5e41c610383c2191eeecab1
crates/tetra-entities/src/phy/components/soapyio.rs,identical,100644,blob,e2aaedb695a287223f1f78d9c800bdb3a5f902de,100644,blob,e2aaedb695a287223f1f78d9c800bdb3a5f902de
crates/tetra-entities/src/phy/components/train_consts.rs,identical,100644,blob,1436a97831bd7c2264a55551a3f3ed5b58fbf99a,100644,blob,1436a97831bd7c2264a55551a3f3ed5b58fbf99a
crates/tetra-entities/src/phy/mod.rs,identical,100644,blob,1b40f6db42449d8570e121e7379879e93bec39d6,100644,blob,1b40f6db42449d8570e121e7379879e93bec39d6
crates/tetra-entities/src/phy/phy_bs.rs,identical,100644,blob,9642d6ec8dd25cf6a23ea827c9f72aa637d65064,100644,blob,9642d6ec8dd25cf6a23ea827c9f72aa637d65064
crates/tetra-entities/src/service_control.rs,identical,100644,blob,2dd2f219d389c46901e2e6cb0bf90b20685bce35,100644,blob,2dd2f219d389c46901e2e6cb0bf90b20685bce35
crates/tetra-entities/src/sndcp/fragment.rs,identical,100644,blob,b7447c540a55cb21cc5faf8bc13454c386f86cfd,100644,blob,b7447c540a55cb21cc5faf8bc13454c386f86cfd
crates/tetra-entities/src/sndcp/ip.rs,identical,100644,blob,c55279710073fe79fd7ddc7ca3bd8d8687ac2316,100644,blob,c55279710073fe79fd7ddc7ca3bd8d8687ac2316
crates/tetra-entities/src/sndcp/mod.rs,identical,100644,blob,67909374b0cb338bd0dd1a1160b3f8b0ead59fc2,100644,blob,67909374b0cb338bd0dd1a1160b3f8b0ead59fc2
crates/tetra-entities/src/sndcp/packet_gateway.rs,identical,100644,blob,53847d5bbe256a11ca7eacfc1ddf3a470d3d2267,100644,blob,53847d5bbe256a11ca7eacfc1ddf3a470d3d2267
crates/tetra-entities/src/sndcp/protocol.rs,identical,100644,blob,b2d837710d24e7caeb96079f3276aae75524d3e9,100644,blob,b2d837710d24e7caeb96079f3276aae75524d3e9
crates/tetra-entities/src/sndcp/qos.rs,identical,100644,blob,b124ce65fe0d7c3c787b2c0c916954413fa2dd01,100644,blob,b124ce65fe0d7c3c787b2c0c916954413fa2dd01
crates/tetra-entities/src/sndcp/resource.rs,identical,100644,blob,9d06eea7d5e62c12972b5fa72e5342fe8f18373e,100644,blob,9d06eea7d5e62c12972b5fa72e5342fe8f18373e
crates/tetra-entities/src/sndcp/sndcp_bs.rs,identical,100644,blob,c4260e16c9305efd14c01b38dff5fc6172f3c583,100644,blob,c4260e16c9305efd14c01b38dff5fc6172f3c583
crates/tetra-entities/src/sndcp/state.rs,identical,100644,blob,18c47073cb38dd98c21ed6984bfcd86d9ba66b7e,100644,blob,18c47073cb38dd98c21ed6984bfcd86d9ba66b7e
crates/tetra-entities/src/sndcp/wap_ip.rs,identical,100644,blob,ee5d5b52f297629d7a23f5454b612445f43a4756,100644,blob,ee5d5b52f297629d7a23f5454b612445f43a4756
crates/tetra-entities/src/sndcp/wap_portal.rs,identical,100644,blob,7bf60e4689de4f330efa48239ec5af3e5eaa4896,100644,blob,7bf60e4689de4f330efa48239ec5af3e5eaa4896
crates/tetra-entities/src/sndcp/wap_status.rs,identical,100644,blob,f0cb7db4df1fe5d5374c31e837a427b434ba1584,100644,blob,f0cb7db4df1fe5d5374c31e837a427b434ba1584
crates/tetra-entities/src/sys_telemetry.rs,identical,100644,blob,574ff2df7ef56a0de5dbeeb4fcb1cc2a7856c1d8,100644,blob,574ff2df7ef56a0de5dbeeb4fcb1cc2a7856c1d8
crates/tetra-entities/src/tpg2200.rs,identical,100644,blob,1cb0e10f4e87f3f9cf35a80f890928bd684d5476,100644,blob,1cb0e10f4e87f3f9cf35a80f890928bd684d5476
crates/tetra-entities/src/umac/mod.rs,identical,100644,blob,92c44e52a1e30e8ba24f6c2ef046bdc8f99975d0,100644,blob,92c44e52a1e30e8ba24f6c2ef046bdc8f99975d0
crates/tetra-entities/src/umac/subcomp/bs_defrag.rs,identical,100644,blob,b1623dbd9e599e30566c27df3f95e215c39aaf6f,100644,blob,b1623dbd9e599e30566c27df3f95e215c39aaf6f
crates/tetra-entities/src/umac/subcomp/bs_frag.rs,identical,100644,blob,b03858d1e1bbd7877d1c88c2c2db5c00170e4dc7,100644,blob,b03858d1e1bbd7877d1c88c2c2db5c00170e4dc7
crates/tetra-entities/src/umac/subcomp/bs_sched.rs,identical,100644,blob,4214f2ad580e0e563ded76b445785f56f6d08ed3,100644,blob,4214f2ad580e0e563ded76b445785f56f6d08ed3
crates/tetra-entities/src/umac/subcomp/circuit_mgr.rs,identical,100644,blob,a7379b294502849d4e593963e14aebcd2dd498d5,100644,blob,a7379b294502849d4e593963e14aebcd2dd498d5
crates/tetra-entities/src/umac/subcomp/defrag.rs,identical,100644,blob,ef9d879aa96babfff1d2d5e6d5b85157931ba39f,100644,blob,ef9d879aa96babfff1d2d5e6d5b85157931ba39f
crates/tetra-entities/src/umac/subcomp/event_label_store.rs,identical,100644,blob,a2b58ef990dd49b62dc99d6a72be75890be1eaaf,100644,blob,a2b58ef990dd49b62dc99d6a72be75890be1eaaf
crates/tetra-entities/src/umac/subcomp/fillbits.rs,identical,100644,blob,04c435d7dc051d3aaad802714d97b5a5639803ac,100644,blob,04c435d7dc051d3aaad802714d97b5a5639803ac
crates/tetra-entities/src/umac/subcomp/mod.rs,identical,100644,blob,4a52f47c5a2ce799946b74057f8116e4ab68fb00,100644,blob,4a52f47c5a2ce799946b74057f8116e4ab68fb00
crates/tetra-entities/src/umac/subcomp/ms_defrag.rs,identical,100644,blob,3450adeb9ee435760d21bba5d9790dbbe969f239,100644,blob,3450adeb9ee435760d21bba5d9790dbbe969f239
crates/tetra-entities/src/umac/tlmc_runtime.rs,identical,100644,blob,d9cbf1b11be92299cdec862bba6d8b7b8fa3037d,100644,blob,d9cbf1b11be92299cdec862bba6d8b7b8fa3037d
crates/tetra-entities/src/umac/umac_bs.rs,identical,100644,blob,6106362325b75dab5dc2d8bc9a08b6b07ce9469c,100644,blob,6106362325b75dab5dc2d8bc9a08b6b07ce9469c
crates/tetra-entities/src/umac/umac_ms.rs,identical,100644,blob,321e7ab0f3dc44def092f5047bd2867a2f41db67,100644,blob,321e7ab0f3dc44def092f5047bd2867a2f41db67
crates/tetra-entities/src/umac/v170_compat.rs,identical,100644,blob,20ff0f23e6f2065c834fe335129868c313b43372,100644,blob,20ff0f23e6f2065c834fe335129868c313b43372
crates/tetra-entities/src/wifi.rs,identical,100644,blob,675eb1b6f0d21205ab3e29bc23dbeba05999707a,100644,blob,675eb1b6f0d21205ab3e29bc23dbeba05999707a
crates/tetra-entities/tests/common/component_test.rs,identical,100644,blob,930f48789d22556d1b21d986635469bfc427137d,100644,blob,930f48789d22556d1b21d986635469bfc427137d
crates/tetra-entities/tests/common/default_stack.rs,identical,100644,blob,488b508826944b9e70b353bc4a79edcf937bfcd6,100644,blob,488b508826944b9e70b353bc4a79edcf937bfcd6
crates/tetra-entities/tests/common/mod.rs,identical,100644,blob,1d8d41738f8e6aa75e23e44fcdab88160f0d1da8,100644,blob,1d8d41738f8e6aa75e23e44fcdab88160f0d1da8
crates/tetra-entities/tests/common/sink.rs,identical,100644,blob,d092a705a246e598a407f0ce0d82ac15f27b7e74,100644,blob,d092a705a246e598a407f0ce0d82ac15f27b7e74
crates/tetra-entities/tests/common/two_cell.rs,identical,100644,blob,2969cfefd805ca469ca14daca91367069637274c,100644,blob,2969cfefd805ca469ca14daca91367069637274c
crates/tetra-entities/tests/test_call_restore_runtime.rs,identical,100644,blob,673cc54f2b61339c97116c5eb0957a47896979d2,100644,blob,673cc54f2b61339c97116c5eb0957a47896979d2
crates/tetra-entities/tests/test_cmce_bs.rs,identical,100644,blob,97acf81187620714c5060513d906184e45204a06,100644,blob,97acf81187620714c5060513d906184e45204a06
crates/tetra-entities/tests/test_llc_bs.rs,identical,100644,blob,9f93d5b2000972ea2bcca737c0d43a3216b27e37,100644,blob,9f93d5b2000972ea2bcca737c0d43a3216b27e37
crates/tetra-entities/tests/test_ltpd_runtime.rs,identical,100644,blob,01c0209c4a9faea6dfa766f7911a3ed9e8416a47,100644,blob,01c0209c4a9faea6dfa766f7911a3ed9e8416a47
crates/tetra-entities/tests/test_managed_call_control_protocol.rs,identical,100644,blob,67b8338c6b209402f76ccb86b38b3c5c033fca23,100644,blob,67b8338c6b209402f76ccb86b38b3c5c033fca23
crates/tetra-entities/tests/test_media_bridge.rs,identical,100644,blob,e003867c46e3d4766f2acaa903a042c931b444c1,100644,blob,e003867c46e3d4766f2acaa903a042c931b444c1
crates/tetra-entities/tests/test_mle_cell_change_runtime.rs,identical,100644,blob,116dd8e2b872ca740af07117b697868b54d052e3,100644,blob,116dd8e2b872ca740af07117b697868b54d052e3
crates/tetra-entities/tests/test_mm_bs.rs,identical,100644,blob,2cc05a63257d7e3f735e2c61bf8355bbae1c2cb9,100644,blob,2cc05a63257d7e3f735e2c61bf8355bbae1c2cb9
crates/tetra-entities/tests/test_mm_mobility_runtime.rs,identical,100644,blob,926185cd663383398fb1e3c5d80a4632da538627,100644,blob,926185cd663383398fb1e3c5d80a4632da538627
crates/tetra-entities/tests/test_sds_bs.rs,identical,100644,blob,fdb9bcc1c4842c97c963f8c12ab171a45e12f883,100644,blob,fdb9bcc1c4842c97c963f8c12ab171a45e12f883
crates/tetra-entities/tests/test_tlmc_runtime.rs,identical,100644,blob,7e324fc71cdc592290c1da00a137de8f100a3d85,100644,blob,7e324fc71cdc592290c1da00a137de8f100a3d85
crates/tetra-entities/tests/test_two_cell_call_restore.rs,identical,100644,blob,c22388243e7a1f67cea1d9b301aa1118a88c82ff,100644,blob,c22388243e7a1f67cea1d9b301aa1118a88c82ff
crates/tetra-entities/tests/test_two_cell_foundation.rs,identical,100644,blob,4fc7babea335361c81c626309f461c99c555b824,100644,blob,4fc7babea335361c81c626309f461c99c555b824
crates/tetra-entities/tests/test_two_cell_mm_mobility.rs,identical,100644,blob,c32d075f5bb0fc706b8d726a31500d9c991fb703,100644,blob,c32d075f5bb0fc706b8d726a31500d9c991fb703
crates/tetra-entities/tests/test_two_cell_mobility.rs,identical,100644,blob,20f354f5dc0efc62520de57d101ef1827e013f4d,100644,blob,20f354f5dc0efc62520de57d101ef1827e013f4d
crates/tetra-entities/tests/test_umac_bs.rs,identical,100644,blob,78173659fa10c0c416866f53025742b10bb9fb42,100644,blob,78173659fa10c0c416866f53025742b10bb9fb42
crates/tetra-entities/tests/test_umac_ms.rs,identical,100644,blob,c6be10570b6d86438b75d4ba1676900b231bbcc5,100644,blob,c6be10570b6d86438b75d4ba1676900b231bbcc5
crates/tetra-pdus/Cargo.toml,identical,100644,blob,bb8f85bebbd7c749c5ccc1bdcf92953bc9c7c17f,100644,blob,bb8f85bebbd7c749c5ccc1bdcf92953bc9c7c17f
crates/tetra-pdus/src/cmce/enums/call_status.rs,identical,100644,blob,412b3ef70d6ddd5dd953ef172575bca58b8fc4c7,100644,blob,412b3ef70d6ddd5dd953ef172575bca58b8fc4c7
crates/tetra-pdus/src/cmce/enums/call_timeout.rs,identical,100644,blob,7812d48d3b2245fc475d16d7f2cc3500707b92de,100644,blob,7812d48d3b2245fc475d16d7f2cc3500707b92de
crates/tetra-pdus/src/cmce/enums/call_timeout_setup_phase.rs,identical,100644,blob,63b2c88b6010e93c6de8901a6d9152560b65f950,100644,blob,63b2c88b6010e93c6de8901a6d9152560b65f950
crates/tetra-pdus/src/cmce/enums/cmce_pdu_type_dl.rs,identical,100644,blob,e7beb35ade6a48df6194e731d3be6fdbb6c5bfb9,100644,blob,e7beb35ade6a48df6194e731d3be6fdbb6c5bfb9
crates/tetra-pdus/src/cmce/enums/cmce_pdu_type_ul.rs,identical,100644,blob,1b4c840042d98285ab96cad1143e8b745eb7b374,100644,blob,1b4c840042d98285ab96cad1143e8b745eb7b374
crates/tetra-pdus/src/cmce/enums/disconnect_cause.rs,identical,100644,blob,0404ca17b2c983c2775bd5efa6b8da32c3cae577,100644,blob,0404ca17b2c983c2775bd5efa6b8da32c3cae577
crates/tetra-pdus/src/cmce/enums/mod.rs,identical,100644,blob,31282d9c3436ef8c1f5385007f70413be309c1d0,100644,blob,31282d9c3436ef8c1f5385007f70413be309c1d0
crates/tetra-pdus/src/cmce/enums/party_type_identifier.rs,identical,100644,blob,aee5545bca482636272f39064699bcd5aea6c732,100644,blob,aee5545bca482636272f39064699bcd5aea6c732
crates/tetra-pdus/src/cmce/enums/pre_coded_status.rs,identical,100644,blob,4f67f8c9c9fd8b36869a3025ef430b44f350302f,100644,blob,4f67f8c9c9fd8b36869a3025ef430b44f350302f
crates/tetra-pdus/src/cmce/enums/sds_protocol_id.rs,identical,100644,blob,5b463b5000144e9f33e91741b6aa9e5003e61353,100644,blob,5b463b5000144e9f33e91741b6aa9e5003e61353
crates/tetra-pdus/src/cmce/enums/short_report_type.rs,identical,100644,blob,4f2ffa9f97fe8add77fc3aee4ba27e5185bbbf52,100644,blob,4f2ffa9f97fe8add77fc3aee4ba27e5185bbbf52
crates/tetra-pdus/src/cmce/enums/transmission_grant.rs,identical,100644,blob,0e8bf35def533870f20bab7a94055b84917028a7,100644,blob,0e8bf35def533870f20bab7a94055b84917028a7
crates/tetra-pdus/src/cmce/enums/type3_elem_id.rs,identical,100644,blob,82fc5e53149db81c5a9e5ef00729ac4e8c13483e,100644,blob,82fc5e53149db81c5a9e5ef00729ac4e8c13483e
crates/tetra-pdus/src/cmce/fields/basic_service_information.rs,identical,100644,blob,abeb49321bc33494d7ce29b03304b9ffac274272,100644,blob,abeb49321bc33494d7ce29b03304b9ffac274272
crates/tetra-pdus/src/cmce/fields/mod.rs,identical,100644,blob,5caa1b11281c4073301116ba8ee0e74d6bf914f1,100644,blob,5caa1b11281c4073301116ba8ee0e74d6bf914f1
crates/tetra-pdus/src/cmce/fields/sds_short_report.rs,identical,100644,blob,9558417c93c301f26e525787a8ff91a78698bf58,100644,blob,9558417c93c301f26e525787a8ff91a78698bf58
crates/tetra-pdus/src/cmce/mod.rs,identical,100644,blob,4970a5c5df0c9d6d07583059db7c3451774a070e,100644,blob,4970a5c5df0c9d6d07583059db7c3451774a070e
crates/tetra-pdus/src/cmce/pdus/cmce_function_not_supported.rs,identical,100644,blob,dc8f34d33a9d1a96a585522eff57a1cb817d1ac1,100644,blob,dc8f34d33a9d1a96a585522eff57a1cb817d1ac1
crates/tetra-pdus/src/cmce/pdus/d_alert.rs,identical,100644,blob,311cbb53d69eeeb466cb1f538b31cfc4cc87a5d9,100644,blob,311cbb53d69eeeb466cb1f538b31cfc4cc87a5d9
crates/tetra-pdus/src/cmce/pdus/d_call_proceeding.rs,identical,100644,blob,6ce6313b3ae0f381669a436ce5a5819c941acfcf,100644,blob,6ce6313b3ae0f381669a436ce5a5819c941acfcf
crates/tetra-pdus/src/cmce/pdus/d_call_restore.rs,identical,100644,blob,dd5f363af67791f5b105e593d3c26adfb5487186,100644,blob,dd5f363af67791f5b105e593d3c26adfb5487186
crates/tetra-pdus/src/cmce/pdus/d_connect.rs,identical,100644,blob,996093c1560da244c06515602c32b6c75f357c77,100644,blob,996093c1560da244c06515602c32b6c75f357c77
crates/tetra-pdus/src/cmce/pdus/d_connect_acknowledge.rs,identical,100644,blob,627b30c2cdab8bb49da55b57015a6399538e1584,100644,blob,627b30c2cdab8bb49da55b57015a6399538e1584
crates/tetra-pdus/src/cmce/pdus/d_disconnect.rs,identical,100644,blob,34defa18a88cc0be79ded5f21de5fda91232c3b8,100644,blob,34defa18a88cc0be79ded5f21de5fda91232c3b8
crates/tetra-pdus/src/cmce/pdus/d_facility.rs,identical,100644,blob,106e1bdcbeb8400b63137648c092bd124dc2b340,100644,blob,106e1bdcbeb8400b63137648c092bd124dc2b340
crates/tetra-pdus/src/cmce/pdus/d_info.rs,identical,100644,blob,039ee7631e4d3e734ce0f52461413914266a4698,100644,blob,039ee7631e4d3e734ce0f52461413914266a4698
crates/tetra-pdus/src/cmce/pdus/d_release.rs,identical,100644,blob,3d2ab23a4ccb9126b6d487a9bb9e75b8ef2dd474,100644,blob,3d2ab23a4ccb9126b6d487a9bb9e75b8ef2dd474
crates/tetra-pdus/src/cmce/pdus/d_sds_data.rs,identical,100644,blob,5c60139ad47894da9c44eba755890d99522b95d6,100644,blob,5c60139ad47894da9c44eba755890d99522b95d6
crates/tetra-pdus/src/cmce/pdus/d_setup.rs,identical,100644,blob,dd8dfb52b596184e2de0539713863c72f798a013,100644,blob,dd8dfb52b596184e2de0539713863c72f798a013
crates/tetra-pdus/src/cmce/pdus/d_status.rs,identical,100644,blob,d5fa5035fef0d3dc2f40ad0bd2e69969914896bc,100644,blob,d5fa5035fef0d3dc2f40ad0bd2e69969914896bc
crates/tetra-pdus/src/cmce/pdus/d_tx_ceased.rs,identical,100644,blob,771d5f438fbfce994842a05507371a344c260d7c,100644,blob,771d5f438fbfce994842a05507371a344c260d7c
crates/tetra-pdus/src/cmce/pdus/d_tx_continue.rs,identical,100644,blob,661c07290ad568131f3c263c666a78604a1a5ab1,100644,blob,661c07290ad568131f3c263c666a78604a1a5ab1
crates/tetra-pdus/src/cmce/pdus/d_tx_granted.rs,identical,100644,blob,f8a94bf68a15a2b74808f6d27c5a004c345071d6,100644,blob,f8a94bf68a15a2b74808f6d27c5a004c345071d6
crates/tetra-pdus/src/cmce/pdus/d_tx_interrupt.rs,identical,100644,blob,12afd8c97325b96836b8fa934dea9fc8917d1948,100644,blob,12afd8c97325b96836b8fa934dea9fc8917d1948
crates/tetra-pdus/src/cmce/pdus/d_tx_wait.rs,identical,100644,blob,c37043b9b4c50e3f1d24e08d3b0d0ef8b32f4d66,100644,blob,c37043b9b4c50e3f1d24e08d3b0d0ef8b32f4d66
crates/tetra-pdus/src/cmce/pdus/mod.rs,identical,100644,blob,a58f655f73bdc85b8b3fc35e72f63ab26859ab68,100644,blob,a58f655f73bdc85b8b3fc35e72f63ab26859ab68
crates/tetra-pdus/src/cmce/pdus/u_alert.rs,identical,100644,blob,52b481755604d16c55dc75ef419a315c5378fc1b,100644,blob,52b481755604d16c55dc75ef419a315c5378fc1b
crates/tetra-pdus/src/cmce/pdus/u_call_restore.rs,identical,100644,blob,8533cdd3c5b8d68108a81678d745aa4c49b5165b,100644,blob,8533cdd3c5b8d68108a81678d745aa4c49b5165b
crates/tetra-pdus/src/cmce/pdus/u_connect.rs,identical,100644,blob,066263012e687cdf3c9aceaaf51047d0f57be0e2,100644,blob,066263012e687cdf3c9aceaaf51047d0f57be0e2
crates/tetra-pdus/src/cmce/pdus/u_disconnect.rs,identical,100644,blob,6ebc1a63e68147f7a707f98858e9818a6b0476f3,100644,blob,6ebc1a63e68147f7a707f98858e9818a6b0476f3
crates/tetra-pdus/src/cmce/pdus/u_facility.rs,identical,100644,blob,603f135b751a92c3e061d6114c99e8f3369cd42e,100644,blob,603f135b751a92c3e061d6114c99e8f3369cd42e
crates/tetra-pdus/src/cmce/pdus/u_info.rs,identical,100644,blob,953cc6e6e132ce1b0bedabac6a0c57cbd8f155c1,100644,blob,953cc6e6e132ce1b0bedabac6a0c57cbd8f155c1
crates/tetra-pdus/src/cmce/pdus/u_release.rs,identical,100644,blob,4659c899cd98f6acebd46ecd05db1ad1afcdadb6,100644,blob,4659c899cd98f6acebd46ecd05db1ad1afcdadb6
crates/tetra-pdus/src/cmce/pdus/u_sds_data.rs,identical,100644,blob,4af455e97d9f614003bf5ce2bbcbbfaef206fb0e,100644,blob,4af455e97d9f614003bf5ce2bbcbbfaef206fb0e
crates/tetra-pdus/src/cmce/pdus/u_setup.rs,identical,100644,blob,413240c8cb068ea91d6d85cf7cb9eb6aae208bbb,100644,blob,413240c8cb068ea91d6d85cf7cb9eb6aae208bbb
crates/tetra-pdus/src/cmce/pdus/u_status.rs,identical,100644,blob,271921c0e79cf767ff395cbcaed1317a7d1231ba,100644,blob,271921c0e79cf767ff395cbcaed1317a7d1231ba
crates/tetra-pdus/src/cmce/pdus/u_tx_ceased.rs,identical,100644,blob,d3581ad175c2bf023dd5981156fa3a3aebbf2373,100644,blob,d3581ad175c2bf023dd5981156fa3a3aebbf2373
crates/tetra-pdus/src/cmce/pdus/u_tx_demand.rs,identical,100644,blob,ee7034629cfbffebaa5e8aea45ba404d644e7477,100644,blob,ee7034629cfbffebaa5e8aea45ba404d644e7477
crates/tetra-pdus/src/cmce/structs/cmce_circuit.rs,identical,100644,blob,ab2699511b1d5759c3a6e008235fd3a4d5b02050,100644,blob,ab2699511b1d5759c3a6e008235fd3a4d5b02050
crates/tetra-pdus/src/cmce/structs/mod.rs,identical,100644,blob,443e84f041d45d47937d4dfb83891dce090d35b1,100644,blob,443e84f041d45d47937d4dfb83891dce090d35b1
crates/tetra-pdus/src/lib.rs,identical,100644,blob,878f852c2e5958ac1a4608ab3124019c52119c8d,100644,blob,878f852c2e5958ac1a4608ab3124019c52119c8d
crates/tetra-pdus/src/llc/consts/consts.rs,identical,100644,blob,f554d18cb9f5f8e543bccf460617e7c760ae954f,100644,blob,f554d18cb9f5f8e543bccf460617e7c760ae954f
crates/tetra-pdus/src/llc/consts/mod.rs,identical,100644,blob,3ed3f2fc77c198b5d0db36823f2a242f1c5d33bd,100644,blob,3ed3f2fc77c198b5d0db36823f2a242f1c5d33bd
crates/tetra-pdus/src/llc/consts/timers.rs,identical,100644,blob,ec6398490c7c03ce4e6d3525f1c3f1145038cf09,100644,blob,ec6398490c7c03ce4e6d3525f1c3f1145038cf09
crates/tetra-pdus/src/llc/enums/llc_pdu_type.rs,identical,100644,blob,8f4c403c602499a8c7794eb9d000ad70cafcbafc,100644,blob,8f4c403c602499a8c7794eb9d000ad70cafcbafc
crates/tetra-pdus/src/llc/enums/mod.rs,identical,100644,blob,71a36f3074bc1ef49dbcefe30622d7d1795a51f2,100644,blob,71a36f3074bc1ef49dbcefe30622d7d1795a51f2
crates/tetra-pdus/src/llc/mod.rs,identical,100644,blob,70ec2f5128e4e3e5913ef4743ad94d0c417209be,100644,blob,70ec2f5128e4e3e5913ef4743ad94d0c417209be
crates/tetra-pdus/src/llc/pdus/bl_ack.rs,identical,100644,blob,9d167fcbadf5ac245326c57338febe397db26022,100644,blob,9d167fcbadf5ac245326c57338febe397db26022
crates/tetra-pdus/src/llc/pdus/bl_adata.rs,identical,100644,blob,116ee93596c1455693f678e68ef4825c621ca6a8,100644,blob,116ee93596c1455693f678e68ef4825c621ca6a8
crates/tetra-pdus/src/llc/pdus/bl_data.rs,identical,100644,blob,53d57734b6fdb474214868b23bba2dc1239bd54a,100644,blob,53d57734b6fdb474214868b23bba2dc1239bd54a
crates/tetra-pdus/src/llc/pdus/bl_udata.rs,identical,100644,blob,f6436628a0c5057d769d0edc7bd12ad18d8e1f7b,100644,blob,f6436628a0c5057d769d0edc7bd12ad18d8e1f7b
crates/tetra-pdus/src/llc/pdus/mod.rs,identical,100644,blob,afcb40397823f8b731981841f24b3a3ee7d2194e,100644,blob,afcb40397823f8b731981841f24b3a3ee7d2194e
crates/tetra-pdus/src/mle/enums/mle_pdu_type_dl.rs,identical,100644,blob,dfda860274960c82573b5930d651e92e3f7352aa,100644,blob,dfda860274960c82573b5930d651e92e3f7352aa
crates/tetra-pdus/src/mle/enums/mle_pdu_type_ul.rs,identical,100644,blob,aaee44278fb28509426263c7a0b54377a2715f36,100644,blob,aaee44278fb28509426263c7a0b54377a2715f36
crates/tetra-pdus/src/mle/enums/mle_protocol_discriminator.rs,identical,100644,blob,b97a9241e01cf7849da22338f31538e7fc65e26b,100644,blob,b97a9241e01cf7849da22338f31538e7fc65e26b
crates/tetra-pdus/src/mle/enums/mod.rs,identical,100644,blob,d934c1aed441c8a99ff7df58b008e61eb952ec79,100644,blob,d934c1aed441c8a99ff7df58b008e61eb952ec79
crates/tetra-pdus/src/mle/fields/bs_service_details.rs,identical,100644,blob,fadbbb92bd2676b1ec93fcb1b4ab48fd22c8112e,100644,blob,fadbbb92bd2676b1ec93fcb1b4ab48fd22c8112e
crates/tetra-pdus/src/mle/fields/mod.rs,identical,100644,blob,0d3ef8808224715f666a69bda39b18d3f510f142,100644,blob,0d3ef8808224715f666a69bda39b18d3f510f142
crates/tetra-pdus/src/mle/fields/neighbour_cell_information_for_ca.rs,identical,100644,blob,fae77d8021f7306b0ec567d5ccfc619af57c80dc,100644,blob,fae77d8021f7306b0ec567d5ccfc619af57c80dc
crates/tetra-pdus/src/mle/mod.rs,identical,100644,blob,0f259f06e3615b098a427ffcb80cbc1fa80b1460,100644,blob,0f259f06e3615b098a427ffcb80cbc1fa80b1460
crates/tetra-pdus/src/mle/pdus/d_channel_response.rs,identical,100644,blob,8b2297e4a02d2940a46de19c14acd8295d6dfebb,100644,blob,8b2297e4a02d2940a46de19c14acd8295d6dfebb
crates/tetra-pdus/src/mle/pdus/d_mle_sync.rs,identical,100644,blob,71d45365618ced91d9f8907e4f394de67f1b5a2d,100644,blob,71d45365618ced91d9f8907e4f394de67f1b5a2d
crates/tetra-pdus/src/mle/pdus/d_mle_sysinfo.rs,identical,100644,blob,bb7fd347497f58c25a069b6e9ac0560f09450da5,100644,blob,bb7fd347497f58c25a069b6e9ac0560f09450da5
crates/tetra-pdus/src/mle/pdus/d_new_cell.rs,identical,100644,blob,e63b3a1bffae677c09062d18aaf7eab9c9b23863,100644,blob,e63b3a1bffae677c09062d18aaf7eab9c9b23863
crates/tetra-pdus/src/mle/pdus/d_nwrk_broadcast.rs,identical,100644,blob,a7e03ad14b8a7a4d02ae60906a4ad8d2f06feca7,100644,blob,a7e03ad14b8a7a4d02ae60906a4ad8d2f06feca7
crates/tetra-pdus/src/mle/pdus/d_nwrk_broadcast_remove.rs,identical,100644,blob,3b59f81c33453dc78af96c5ac0ecef3a8e68fabf,100644,blob,3b59f81c33453dc78af96c5ac0ecef3a8e68fabf
crates/tetra-pdus/src/mle/pdus/d_prepare_fail.rs,identical,100644,blob,551a0a10391a58718aaaad348ade78026eed0c67,100644,blob,551a0a10391a58718aaaad348ade78026eed0c67
crates/tetra-pdus/src/mle/pdus/d_restore_ack.rs,identical,100644,blob,70bf2281ecff8034f321f877add256a562e61590,100644,blob,70bf2281ecff8034f321f877add256a562e61590
crates/tetra-pdus/src/mle/pdus/d_restore_fail.rs,identical,100644,blob,1d50451d7e007480456f4eb7d546d0a63ff20c23,100644,blob,1d50451d7e007480456f4eb7d546d0a63ff20c23
crates/tetra-pdus/src/mle/pdus/mod.rs,identical,100644,blob,135d69583d7f9733bb3bde5e10dd09a52bb0760f,100644,blob,135d69583d7f9733bb3bde5e10dd09a52bb0760f
crates/tetra-pdus/src/mle/pdus/trailing_sdu.rs,identical,100644,blob,9312c2d2752fb6793fe4bbeee85815e88cc540d7,100644,blob,9312c2d2752fb6793fe4bbeee85815e88cc540d7
crates/tetra-pdus/src/mle/pdus/u_channel_class_advice.rs,identical,100644,blob,8ec18d4e0bb8c93ce5ea10a6c2ca7b2c1bc64190,100644,blob,8ec18d4e0bb8c93ce5ea10a6c2ca7b2c1bc64190
crates/tetra-pdus/src/mle/pdus/u_channel_request.rs,identical,100644,blob,e76486bbea3fd0c4a3bc3e912376a513833c89f1,100644,blob,e76486bbea3fd0c4a3bc3e912376a513833c89f1
crates/tetra-pdus/src/mle/pdus/u_prepare.rs,identical,100644,blob,ca011ae252e3b3838479fad5c670846938854936,100644,blob,ca011ae252e3b3838479fad5c670846938854936
crates/tetra-pdus/src/mle/pdus/u_restore.rs,identical,100644,blob,d02fdbf543392a98f4eb9730afb6e32a34e6b238,100644,blob,d02fdbf543392a98f4eb9730afb6e32a34e6b238
crates/tetra-pdus/src/mm/enums/energy_saving_mode.rs,identical,100644,blob,f6230f561a9984402f4bd7106f65af91e58f381e,100644,blob,f6230f561a9984402f4bd7106f65af91e58f381e
crates/tetra-pdus/src/mm/enums/location_update_accept_type.rs,identical,100644,blob,8190d93de2e004eda3ff5cb8716c7c7302a7cfda,100644,blob,8190d93de2e004eda3ff5cb8716c7c7302a7cfda
crates/tetra-pdus/src/mm/enums/location_update_type.rs,identical,100644,blob,768f9a93df3d4e638111dd05e2a946b86bcf492d,100644,blob,768f9a93df3d4e638111dd05e2a946b86bcf492d
crates/tetra-pdus/src/mm/enums/mm_pdu_type_dl.rs,identical,100644,blob,b4c7d2e687d0fd8bd8a6b3d3aa01161a01753779,100644,blob,b4c7d2e687d0fd8bd8a6b3d3aa01161a01753779
crates/tetra-pdus/src/mm/enums/mm_pdu_type_ul.rs,identical,100644,blob,54f3127e0b840326abb792ba192cb88329c0aa80,100644,blob,54f3127e0b840326abb792ba192cb88329c0aa80
crates/tetra-pdus/src/mm/enums/mod.rs,identical,100644,blob,0c8f4784f82aa54eaf35272edfbcc8278c698cd9,100644,blob,0c8f4784f82aa54eaf35272edfbcc8278c698cd9
crates/tetra-pdus/src/mm/enums/reject_cause.rs,identical,100644,blob,6cb52dbd587dcc08296104f8492d7c8598a5c8ad,100644,blob,6cb52dbd587dcc08296104f8492d7c8598a5c8ad
crates/tetra-pdus/src/mm/enums/status_downlink.rs,identical,100644,blob,a3fbaa80ac1127f94be085eff7120e0833d91fad,100644,blob,a3fbaa80ac1127f94be085eff7120e0833d91fad
crates/tetra-pdus/src/mm/enums/status_uplink.rs,identical,100644,blob,82feba2707a1c39e1aaeb20ab03e1a54b234fe80,100644,blob,82feba2707a1c39e1aaeb20ab03e1a54b234fe80
crates/tetra-pdus/src/mm/enums/type34_elem_id_dl.rs,identical,100644,blob,76bc3fe0b1b9b7f2864a20b16677aa5281f9ef19,100644,blob,76bc3fe0b1b9b7f2864a20b16677aa5281f9ef19
crates/tetra-pdus/src/mm/enums/type34_elem_id_ul.rs,identical,100644,blob,57020ebca05df37069e2964a53d7496d68a0d7ba,100644,blob,57020ebca05df37069e2964a53d7496d68a0d7ba
crates/tetra-pdus/src/mm/fields/class_of_ms.rs,identical,100644,blob,ccef5ff599b023310bdfca215e7a789a1171c4a4,100644,blob,ccef5ff599b023310bdfca215e7a789a1171c4a4
crates/tetra-pdus/src/mm/fields/energy_saving_information.rs,identical,100644,blob,58759d38e1cf86a5ac4589edf37be0e303d5cee1,100644,blob,58759d38e1cf86a5ac4589edf37be0e303d5cee1
crates/tetra-pdus/src/mm/fields/group_identity_attachment.rs,identical,100644,blob,dd3925cdfa31a582924359202d954908652e9f71,100644,blob,dd3925cdfa31a582924359202d954908652e9f71
crates/tetra-pdus/src/mm/fields/group_identity_downlink.rs,identical,100644,blob,d07d943b797e89a49a0f7a602b27f99c12bd4d4c,100644,blob,d07d943b797e89a49a0f7a602b27f99c12bd4d4c
crates/tetra-pdus/src/mm/fields/group_identity_location_accept.rs,identical,100644,blob,7315a69a13330dc24ad7976c3c07b23a3175f9ed,100644,blob,7315a69a13330dc24ad7976c3c07b23a3175f9ed
crates/tetra-pdus/src/mm/fields/group_identity_location_demand.rs,identical,100644,blob,f30713b09d019984fa2a52d10a7c98d7c5b386d1,100644,blob,f30713b09d019984fa2a52d10a7c98d7c5b386d1
crates/tetra-pdus/src/mm/fields/group_identity_uplink.rs,identical,100644,blob,1494f7bc76eed2717dbd79ebda41debf93ae9a62,100644,blob,1494f7bc76eed2717dbd79ebda41debf93ae9a62
crates/tetra-pdus/src/mm/fields/mod.rs,identical,100644,blob,3e62fd7867799ba58da02a82ffc834dd8bbb7952,100644,blob,3e62fd7867799ba58da02a82ffc834dd8bbb7952
crates/tetra-pdus/src/mm/mod.rs,identical,100644,blob,0f259f06e3615b098a427ffcb80cbc1fa80b1460,100644,blob,0f259f06e3615b098a427ffcb80cbc1fa80b1460
crates/tetra-pdus/src/mm/pdus/d_attach_detach_group_identity.rs,identical,100644,blob,83d37f461ce2f0aa1c015435656e3d5593bd44b3,100644,blob,83d37f461ce2f0aa1c015435656e3d5593bd44b3
crates/tetra-pdus/src/mm/pdus/d_attach_detach_group_identity_acknowledgement.rs,identical,100644,blob,7a1ffef811ffc9a108cf25cc406dbcb9c8fc8382,100644,blob,7a1ffef811ffc9a108cf25cc406dbcb9c8fc8382
crates/tetra-pdus/src/mm/pdus/d_location_update_accept.rs,identical,100644,blob,8224d51dbc63ad5c471a817b50c7f27206831527,100644,blob,8224d51dbc63ad5c471a817b50c7f27206831527
crates/tetra-pdus/src/mm/pdus/d_location_update_command.rs,identical,100644,blob,f39d8f25052cd15d51742672f0fd6f7bf8895199,100644,blob,f39d8f25052cd15d51742672f0fd6f7bf8895199
crates/tetra-pdus/src/mm/pdus/d_location_update_proceeding.rs,identical,100644,blob,6f8f8f3233dd331232756ec9e4b29f21cd023b1a,100644,blob,6f8f8f3233dd331232756ec9e4b29f21cd023b1a
crates/tetra-pdus/src/mm/pdus/d_location_update_reject.rs,identical,100644,blob,8cc42f1a010ab3953fe288b160df70f693a67dd3,100644,blob,8cc42f1a010ab3953fe288b160df70f693a67dd3
crates/tetra-pdus/src/mm/pdus/d_mm_status.rs,identical,100644,blob,9cea0b02a15e6f29bf964f9c6644d40de9356fe6,100644,blob,9cea0b02a15e6f29bf964f9c6644d40de9356fe6
crates/tetra-pdus/src/mm/pdus/mm_pdu_function_not_supported.rs,identical,100644,blob,e51474ca94c4232f258573344cce1344be5185fe,100644,blob,e51474ca94c4232f258573344cce1344be5185fe
crates/tetra-pdus/src/mm/pdus/mod.rs,identical,100644,blob,4b24f51486ea358b4bb23c8fe5ce3a14cffc0053,100644,blob,4b24f51486ea358b4bb23c8fe5ce3a14cffc0053
crates/tetra-pdus/src/mm/pdus/u_attach_detach_group_identity.rs,identical,100644,blob,6f66e3de7281d86b38bc16a4079b34773951f1bd,100644,blob,6f66e3de7281d86b38bc16a4079b34773951f1bd
crates/tetra-pdus/src/mm/pdus/u_attach_detach_group_identity_acknowledgement.rs,identical,100644,blob,744a5357ef496ebd04f5266d4fd2a552d5ae1f97,100644,blob,744a5357ef496ebd04f5266d4fd2a552d5ae1f97
crates/tetra-pdus/src/mm/pdus/u_itsi_detach.rs,identical,100644,blob,983af735f6e2043e5c31f35a6b2866e9966990bf,100644,blob,983af735f6e2043e5c31f35a6b2866e9966990bf
crates/tetra-pdus/src/mm/pdus/u_location_update_demand.rs,identical,100644,blob,76ab584d6e18551a0c59d575fb7bb002c43c120a,100644,blob,76ab584d6e18551a0c59d575fb7bb002c43c120a
crates/tetra-pdus/src/mm/pdus/u_mm_status.rs,identical,100644,blob,0c9522af759d915cd5a7b64533a8b5f60a910c3c,100644,blob,0c9522af759d915cd5a7b64533a8b5f60a910c3c
crates/tetra-pdus/src/mm/pdus/u_tei_provide.rs,identical,100644,blob,2f1fef940472707eeb55fbcb36bfb2d92d6d913c,100644,blob,2f1fef940472707eeb55fbcb36bfb2d92d6d913c
crates/tetra-pdus/src/phy/enums/burst.rs,identical,100644,blob,3155d403bdaee21b59c01469bf0fa9e75eadf488,100644,blob,3155d403bdaee21b59c01469bf0fa9e75eadf488
crates/tetra-pdus/src/phy/enums/mod.rs,identical,100644,blob,b19aa8ff7eda89e0331fa327e0f6741fc6c11030,100644,blob,b19aa8ff7eda89e0331fa327e0f6741fc6c11030
crates/tetra-pdus/src/phy/mod.rs,identical,100644,blob,737ea5f27c87db33a044c3b2d9565bc692401182,100644,blob,737ea5f27c87db33a044c3b2d9565bc692401182
crates/tetra-pdus/src/phy/traits/mod.rs,identical,100644,blob,9668a16c657b2ea983daa8350fd4331835ff2af0,100644,blob,9668a16c657b2ea983daa8350fd4331835ff2af0
crates/tetra-pdus/src/phy/traits/rxtx_dev.rs,identical,100644,blob,105d008a8cae117425cbe632fbf3ce6f873c775b,100644,blob,105d008a8cae117425cbe632fbf3ce6f873c775b
crates/tetra-pdus/src/umac/enums/access_assign_dl_usage.rs,identical,100644,blob,b0b840899ffa0e24ba0bfb7bcb9602df5b98fe28,100644,blob,b0b840899ffa0e24ba0bfb7bcb9602df5b98fe28
crates/tetra-pdus/src/umac/enums/access_assign_ul_usage.rs,identical,100644,blob,de6f7262ccf1a2cb13e0b80006ff62ccac3c5930,100644,blob,de6f7262ccf1a2cb13e0b80006ff62ccac3c5930
crates/tetra-pdus/src/umac/enums/basic_slotgrant_cap_alloc.rs,identical,100644,blob,9871b1753c2b48ffc2aa60f60a7fe809102f4e9d,100644,blob,9871b1753c2b48ffc2aa60f60a7fe809102f4e9d
crates/tetra-pdus/src/umac/enums/basic_slotgrant_granting_delay.rs,identical,100644,blob,12c3c643740630d93d1ee6a4da12f9a7806a63e0,100644,blob,12c3c643740630d93d1ee6a4da12f9a7806a63e0
crates/tetra-pdus/src/umac/enums/broadcast_type.rs,identical,100644,blob,91c950feada236def9e23921470af81ddadefcfc,100644,blob,91c950feada236def9e23921470af81ddadefcfc
crates/tetra-pdus/src/umac/enums/mac_pdu_type.rs,identical,100644,blob,7a8f7c1ee3c2fe90b7a31a3c5e387775b410d944,100644,blob,7a8f7c1ee3c2fe90b7a31a3c5e387775b410d944
crates/tetra-pdus/src/umac/enums/mac_resource_addr_type.rs,identical,100644,blob,6eb6d87d89efa1bf1eb9fbb8989da9f645ddbab4,100644,blob,6eb6d87d89efa1bf1eb9fbb8989da9f645ddbab4
crates/tetra-pdus/src/umac/enums/mod.rs,identical,100644,blob,c89e1e678c4ebabd428e59330660c3e6d2ef97d5,100644,blob,c89e1e678c4ebabd428e59330660c3e6d2ef97d5
crates/tetra-pdus/src/umac/enums/reservation_requirement.rs,identical,100644,blob,39b44156b073cab71dbb041c40b2b82a3e54a940,100644,blob,39b44156b073cab71dbb041c40b2b82a3e54a940
crates/tetra-pdus/src/umac/enums/sysinfo_opt_field_flag.rs,identical,100644,blob,b95b04774649c152650a4535757d56d936aa3c6b,100644,blob,b95b04774649c152650a4535757d56d936aa3c6b
crates/tetra-pdus/src/umac/fields/basic_slotgrant.rs,identical,100644,blob,813916dda487942a3de8e83c0a2c7af9e4cd3279,100644,blob,813916dda487942a3de8e83c0a2c7af9e4cd3279
crates/tetra-pdus/src/umac/fields/channel_allocation.rs,identical,100644,blob,100bc2f7b547493b43f230483240ea9e83ffda57,100644,blob,100bc2f7b547493b43f230483240ea9e83ffda57
crates/tetra-pdus/src/umac/fields/mod.rs,identical,100644,blob,2e65dc665be3e51ba33e43646d7c6b5015d5e559,100644,blob,2e65dc665be3e51ba33e43646d7c6b5015d5e559
crates/tetra-pdus/src/umac/fields/sysinfo_default_def_for_access_code_a.rs,identical,100644,blob,91067c5224bf64f8a5cdf8317efe11a85ff4b968,100644,blob,91067c5224bf64f8a5cdf8317efe11a85ff4b968
crates/tetra-pdus/src/umac/fields/sysinfo_ext_services.rs,identical,100644,blob,bcdc201bf54d409ad169b4a4a1d46586b54fa1d6,100644,blob,bcdc201bf54d409ad169b4a4a1d46586b54fa1d6
crates/tetra-pdus/src/umac/fields/ts_common_frames.rs,identical,100644,blob,b13a7e27803bc1f761fb007516603f462dd74f3c,100644,blob,b13a7e27803bc1f761fb007516603f462dd74f3c
crates/tetra-pdus/src/umac/mod.rs,identical,100644,blob,8e097cb9dc3f37c9fbe59200711bb1a620b30bde,100644,blob,8e097cb9dc3f37c9fbe59200711bb1a620b30bde
crates/tetra-pdus/src/umac/pdus/access_assign.rs,identical,100644,blob,da63468f9df5aa36fbba9ac33f4d996367e59430,100644,blob,da63468f9df5aa36fbba9ac33f4d996367e59430
crates/tetra-pdus/src/umac/pdus/access_assign_fr18.rs,identical,100644,blob,e194eafac723f68e35884e601a903c816cdbc3f4,100644,blob,e194eafac723f68e35884e601a903c816cdbc3f4
crates/tetra-pdus/src/umac/pdus/access_define.rs,identical,100644,blob,038815d53c1c7213a075ba4b410bbf65c88771ea,100644,blob,038815d53c1c7213a075ba4b410bbf65c88771ea
crates/tetra-pdus/src/umac/pdus/mac_access.rs,identical,100644,blob,8317c6cbf8ea103ad0f222ea8a195dcd81b41826,100644,blob,8317c6cbf8ea103ad0f222ea8a195dcd81b41826
crates/tetra-pdus/src/umac/pdus/mac_d_blck.rs,identical,100644,blob,b359f485a6f60ed910137d8784e73de8c2c6785e,100644,blob,b359f485a6f60ed910137d8784e73de8c2c6785e
crates/tetra-pdus/src/umac/pdus/mac_data.rs,identical,100644,blob,bd541f8bd4241edad2e627e819223765c158107d,100644,blob,bd541f8bd4241edad2e627e819223765c158107d
crates/tetra-pdus/src/umac/pdus/mac_end_dl.rs,identical,100644,blob,0d85b7f24865032c5c2716fd66a05796f2d7809c,100644,blob,0d85b7f24865032c5c2716fd66a05796f2d7809c
crates/tetra-pdus/src/umac/pdus/mac_end_hu.rs,identical,100644,blob,2144b6575ffd5e01af15e81a8169d12fddb988fe,100644,blob,2144b6575ffd5e01af15e81a8169d12fddb988fe
crates/tetra-pdus/src/umac/pdus/mac_end_ul.rs,identical,100644,blob,56cf8642927012a606945796a67070a6f60d8fcc,100644,blob,56cf8642927012a606945796a67070a6f60d8fcc
crates/tetra-pdus/src/umac/pdus/mac_frag_dl.rs,identical,100644,blob,19140cf1db15e27d65a9ddb197a4922cabee63d0,100644,blob,19140cf1db15e27d65a9ddb197a4922cabee63d0
crates/tetra-pdus/src/umac/pdus/mac_frag_ul.rs,identical,100644,blob,f1ead390b67e5c45a6fb842c8518a370a41c0cdc,100644,blob,f1ead390b67e5c45a6fb842c8518a370a41c0cdc
crates/tetra-pdus/src/umac/pdus/mac_resource.rs,identical,100644,blob,1e581c136879b3faacbb9d499817edd9124f84ba,100644,blob,1e581c136879b3faacbb9d499817edd9124f84ba
crates/tetra-pdus/src/umac/pdus/mac_sync.rs,identical,100644,blob,74f8538a8a6ffe6534f6af5284ad1ddf457b830d,100644,blob,74f8538a8a6ffe6534f6af5284ad1ddf457b830d
crates/tetra-pdus/src/umac/pdus/mac_sysinfo.rs,identical,100644,blob,5cef98764573b6fd09016c354bebade048c610cc,100644,blob,5cef98764573b6fd09016c354bebade048c610cc
crates/tetra-pdus/src/umac/pdus/mac_u_blck.rs,identical,100644,blob,0a837ee9f4668b2df7470a6f5606f2dfd7cf4741,100644,blob,0a837ee9f4668b2df7470a6f5606f2dfd7cf4741
crates/tetra-pdus/src/umac/pdus/mac_u_signal.rs,identical,100644,blob,ed8668aab54fb1253f75361c413b34354bc3e3c9,100644,blob,ed8668aab54fb1253f75361c413b34354bc3e3c9
crates/tetra-pdus/src/umac/pdus/mod.rs,identical,100644,blob,d52010cfaf2fdb3fecd8ecc9b0b6651b2981fb10,100644,blob,d52010cfaf2fdb3fecd8ecc9b0b6651b2981fb10
crates/tetra-pdus/src/umac/structs/mod.rs,identical,100644,blob,c0af2e53cbe667f5f55c48042b9bed8cd40f1f0c,100644,blob,c0af2e53cbe667f5f55c48042b9bed8cd40f1f0c
crates/tetra-pdus/src/umac/structs/umac_circuit.rs,identical,100644,blob,cd9921b2d0eeb221026586854f5d7dbe8fb8fb54,100644,blob,cd9921b2d0eeb221026586854f5d7dbe8fb8fb54
crates/tetra-pdus/tests/test_mle_cell_change_pdus.rs,identical,100644,blob,c5f222af76ca2406af2d7a07899861ded804a53b,100644,blob,c5f222af76ca2406af2d7a07899861ded804a53b
crates/tetra-pdus/tests/test_mm_mobility_pdus.rs,identical,100644,blob,d6d34f779c41008b6efe325fd64810aa0e0370a3,100644,blob,d6d34f779c41008b6efe325fd64810aa0e0370a3
crates/tetra-saps/Cargo.toml,identical,100644,blob,115c2ab3e555c4ea04dcee730a584e56a43b223f,100644,blob,115c2ab3e555c4ea04dcee730a584e56a43b223f
crates/tetra-saps/src/common/mod.rs,identical,100644,blob,04fc40c3c9861fb23fa13097c58ecffc43607454,100644,blob,04fc40c3c9861fb23fa13097c58ecffc43607454
crates/tetra-saps/src/control/brew.rs,identical,100644,blob,f73a7b13e001ba3e0f37e6ecbcaf6ef1e8545ddb,100644,blob,f73a7b13e001ba3e0f37e6ecbcaf6ef1e8545ddb
crates/tetra-saps/src/control/call_control.rs,identical,100644,blob,2dc458fa456d904d57b314938a74bc058735526e,100644,blob,2dc458fa456d904d57b314938a74bc058735526e
crates/tetra-saps/src/control/enums/circuit_mode_type.rs,identical,100644,blob,5e37332a7a2b33285cb431f89930b0f84503920f,100644,blob,5e37332a7a2b33285cb431f89930b0f84503920f
crates/tetra-saps/src/control/enums/communication_type.rs,identical,100644,blob,0256d1d08e631bc1d9686945f809e1c91692218a,100644,blob,0256d1d08e631bc1d9686945f809e1c91692218a
crates/tetra-saps/src/control/enums/mod.rs,identical,100644,blob,df5c7213631024a3243d53ff7f2617402cd0ad60,100644,blob,df5c7213631024a3243d53ff7f2617402cd0ad60
crates/tetra-saps/src/control/enums/sds_user_data.rs,identical,100644,blob,39df4f708260cbdc9b2f28177cdea244c5ef6ca7,100644,blob,39df4f708260cbdc9b2f28177cdea244c5ef6ca7
crates/tetra-saps/src/control/mle_cell_change.rs,identical,100644,blob,bdcf2ad9ae1e7d9392d029e2706cdbe915124024,100644,blob,bdcf2ad9ae1e7d9392d029e2706cdbe915124024
crates/tetra-saps/src/control/mod.rs,identical,100644,blob,c03ffde7db7eb3480d8ba6a03fcf36f3f35554d3,100644,blob,c03ffde7db7eb3480d8ba6a03fcf36f3f35554d3
crates/tetra-saps/src/control/sds.rs,identical,100644,blob,370393b37b3361500b9d4635d9bb093fcf93b9d9,100644,blob,370393b37b3361500b9d4635d9bb093fcf93b9d9
crates/tetra-saps/src/lcmc/enums/alloc_type.rs,identical,100644,blob,44b8995cc58444992c008bb61d93906b6c9192fe,100644,blob,44b8995cc58444992c008bb61d93906b6c9192fe
crates/tetra-saps/src/lcmc/enums/mod.rs,identical,100644,blob,ebfd348929b615e1de29fbd3bfab087950780627,100644,blob,ebfd348929b615e1de29fbd3bfab087950780627
crates/tetra-saps/src/lcmc/enums/ul_dl_assignment.rs,identical,100644,blob,f4b0c08af503313360395e341216816fe41b005d,100644,blob,f4b0c08af503313360395e341216816fe41b005d
crates/tetra-saps/src/lcmc/fields/chan_alloc_req.rs,identical,100644,blob,b1e452e14277fc49c5665c68d3556e3e7e361c2b,100644,blob,b1e452e14277fc49c5665c68d3556e3e7e361c2b
crates/tetra-saps/src/lcmc/fields/mod.rs,identical,100644,blob,1b42d8ec9e18a7f20c11e609dc0acb6796029d76,100644,blob,1b42d8ec9e18a7f20c11e609dc0acb6796029d76
crates/tetra-saps/src/lcmc/mod.rs,identical,100644,blob,0ec1700b9a7ee24a8e66bd67cdb5bc97d4dfd664,100644,blob,0ec1700b9a7ee24a8e66bd67cdb5bc97d4dfd664
crates/tetra-saps/src/lib.rs,identical,100644,blob,568a1660f6c7bca0c3ed9608d7cc2cb90c44e896,100644,blob,568a1660f6c7bca0c3ed9608d7cc2cb90c44e896
crates/tetra-saps/src/lmm/mod.rs,identical,100644,blob,505c591e3aeb460575c20f5fa50e6243ce57bc10,100644,blob,505c591e3aeb460575c20f5fa50e6243ce57bc10
crates/tetra-saps/src/ltpd/mod.rs,identical,100644,blob,2d9bf61a2ceb531d177840db8922aff5e64f3435,100644,blob,2d9bf61a2ceb531d177840db8922aff5e64f3435
crates/tetra-saps/src/sapmsg.rs,identical,100644,blob,c79e8e4b1741571d91ca38891f2a93c193e888a6,100644,blob,c79e8e4b1741571d91ca38891f2a93c193e888a6
crates/tetra-saps/src/tla/mod.rs,identical,100644,blob,f2b5ad18d1d4f1156d97c15b58bc9a8cc90cb56c,100644,blob,f2b5ad18d1d4f1156d97c15b58bc9a8cc90cb56c
crates/tetra-saps/src/tle/mod.rs,identical,100644,blob,a20f16bb94bdc61e20dbc6d44d6649070028d531,100644,blob,a20f16bb94bdc61e20dbc6d44d6649070028d531
crates/tetra-saps/src/tlmb/mod.rs,identical,100644,blob,f012a65ac96cd6da77f8159b693daca167b4c1dc,100644,blob,f012a65ac96cd6da77f8159b693daca167b4c1dc
crates/tetra-saps/src/tlmc/mod.rs,identical,100644,blob,5c9c023bdaea83ef6e192328ef05ec9bdc686077,100644,blob,5c9c023bdaea83ef6e192328ef05ec9bdc686077
crates/tetra-saps/src/tma/mod.rs,identical,100644,blob,558e9998cfae17cba0d7b561c109f62e129871b4,100644,blob,558e9998cfae17cba0d7b561c109f62e129871b4
crates/tetra-saps/src/tmd/mod.rs,identical,100644,blob,3c4a42f4c662df555430f43d80fab45c62870226,100644,blob,3c4a42f4c662df555430f43d80fab45c62870226
crates/tetra-saps/src/tmv/enums/logical_chans.rs,identical,100644,blob,2cb76614329236cff22fd63052b72725974929fc,100644,blob,2cb76614329236cff22fd63052b72725974929fc
crates/tetra-saps/src/tmv/enums/mod.rs,identical,100644,blob,b1f800ecf94aa4d6be900e97f83f9fa2ad3bff35,100644,blob,b1f800ecf94aa4d6be900e97f83f9fa2ad3bff35
crates/tetra-saps/src/tmv/mod.rs,identical,100644,blob,49e6679419a0ceea54345ed5c092b954e630f6a8,100644,blob,49e6679419a0ceea54345ed5c092b954e630f6a8
crates/tetra-saps/src/tnmm/mod.rs,identical,100644,blob,328b2db4fb28564e1aecd0f5c78ba8614ea176b6,100644,blob,328b2db4fb28564e1aecd0f5c78ba8614ea176b6
crates/tetra-saps/src/tp/mod.rs,identical,100644,blob,2b708a990d92008c6c0657044a2a678e7eb9fcbb,100644,blob,2b708a990d92008c6c0657044a2a678e7eb9fcbb
crates/tetra-saps/src/tpc/mod.rs,identical,100644,blob,73b294d917eec3ce61663e8cd520924903e5968b,100644,blob,73b294d917eec3ce61663e8cd520924903e5968b
crates/tetra-saps/tests/swmi_foundation_types.rs,identical,100644,blob,84a2b0a537396fb7862acbc02bc1d2c23ba5bcd8,100644,blob,84a2b0a537396fb7862acbc02bc1d2c23ba5bcd8
deploy/open-lab/README.md,identical,100644,blob,b2d9fb1501c31854b06e58abe036818b53341fd3,100644,blob,b2d9fb1501c31854b06e58abe036818b53341fd3
deploy/open-lab/__pycache__/netcore-deploy.cpython-313.pyc,identical,100644,blob,c5f94620829cc5c4789d57ef196a39aa82a31a16,100644,blob,c5f94620829cc5c4789d57ef196a39aa82a31a16
deploy/open-lab/__pycache__/netcore-e2e.cpython-313.pyc,identical,100644,blob,6a06d5809f6a830dc0f88eeb58c760fe22b3287d,100644,blob,6a06d5809f6a830dc0f88eeb58c760fe22b3287d
deploy/open-lab/generated/configs/alarm-workflow/alarm-workflow.toml,identical,100644,blob,f722d77b29549a895fc9900f5544986927f08205,100644,blob,f722d77b29549a895fc9900f5544986927f08205
deploy/open-lab/generated/configs/application-gateway/application-gateway.toml,identical,100644,blob,db2fd1101d8c6cfbe8ff96543b101e29c009f1b5,100644,blob,db2fd1101d8c6cfbe8ff96543b101e29c009f1b5
deploy/open-lab/generated/configs/asset-management/asset-management.toml,identical,100644,blob,e64bcbe3923e5484a5a282a67675bf80c69d4b91,100644,blob,e64bcbe3923e5484a5a282a67675bf80c69d4b91
deploy/open-lab/generated/configs/call-control/call-control.toml,identical,100644,blob,2dfc629e7ae4896ac8e83ebe61746fdfc819252f,100644,blob,2dfc629e7ae4896ac8e83ebe61746fdfc819252f
deploy/open-lab/generated/configs/control-room/control-room.toml,identical,100644,blob,71cf37baf85a5dee72ebfb5d3eba9a49f910ce12,100644,blob,71cf37baf85a5dee72ebfb5d3eba9a49f910ce12
deploy/open-lab/generated/configs/group-core/group-core.toml,identical,100644,blob,cc0a7b62744b3f99bab2bb98bfd2e3dfad807865,100644,blob,cc0a7b62744b3f99bab2bb98bfd2e3dfad807865
deploy/open-lab/generated/configs/hardware-gateway/hardware-gateway.toml,identical,100644,blob,e4f894a802cc5dd897d6e960acc90cdabad02432,100644,blob,e4f894a802cc5dd897d6e960acc90cdabad02432
deploy/open-lab/generated/configs/iot-gateway/iot-gateway.toml,identical,100644,blob,432d2df6d0666a4fca98c6e23ee127928a0078c9,100644,blob,432d2df6d0666a4fca98c6e23ee127928a0078c9
deploy/open-lab/generated/configs/ip-gateway/ip-gateway.toml,identical,100644,blob,da3df4cc1f6f186b104451e1b867159ccbc3e9a7,100644,blob,da3df4cc1f6f186b104451e1b867159ccbc3e9a7
deploy/open-lab/generated/configs/kmf/kmf.toml,identical,100644,blob,790208337b52800a848a98f02803c9bab5a8072a,100644,blob,790208337b52800a848a98f02803c9bab5a8072a
deploy/open-lab/generated/configs/media-library/media-library.toml,identical,100644,blob,5658350a8db025fba16b782c118f639f03d15df1,100644,blob,5658350a8db025fba16b782c118f639f03d15df1
deploy/open-lab/generated/configs/media-switch/media-switch.toml,identical,100644,blob,05f8f4d4015e9c48fa07b2ed11696b28e7a9bc2d,100644,blob,05f8f4d4015e9c48fa07b2ed11696b28e7a9bc2d
deploy/open-lab/generated/configs/mobility-core/mobility-core.toml,identical,100644,blob,e7aee5f838b96e83c205d0f935c26ebd380899ec,100644,blob,e7aee5f838b96e83c205d0f935c26ebd380899ec
deploy/open-lab/generated/configs/node-gateway/node-gateway.toml,identical,100644,blob,70d806abd02644d54fc8e8f8d93edc1330896e2f,100644,blob,70d806abd02644d54fc8e8f8d93edc1330896e2f
deploy/open-lab/generated/configs/observability/observability.toml,identical,100644,blob,d236f054c88a11b0d063af33f7435cbe44bad1ad,100644,blob,d236f054c88a11b0d063af33f7435cbe44bad1ad
deploy/open-lab/generated/configs/packet-core/packet-core.toml,identical,100644,blob,07d01964c7f91ed4eab6d6eea9e548cb6ed9be6e,100644,blob,07d01964c7f91ed4eab6d6eea9e548cb6ed9be6e
deploy/open-lab/generated/configs/recorder/recorder.toml,identical,100644,blob,a6b04f5da812e95093b1640c0717e8da21ed416f,100644,blob,a6b04f5da812e95093b1640c0717e8da21ed416f
deploy/open-lab/generated/configs/rf-monitor/rf-monitor.toml,identical,100644,blob,5b888aa9275416fa7ef17ded5ca67c2bf41d0808,100644,blob,5b888aa9275416fa7ef17ded5ca67c2bf41d0808
deploy/open-lab/generated/configs/sds-router/sds-router.toml,identical,100644,blob,0780eefc44976f8994345551a39b972340022071,100644,blob,0780eefc44976f8994345551a39b972340022071
deploy/open-lab/generated/configs/security-core/security-core.toml,identical,100644,blob,8e600b9fb3ee33f9d191817577888b050b9ec94f,100644,blob,8e600b9fb3ee33f9d191817577888b050b9ec94f
deploy/open-lab/generated/configs/sip-switch/sip-switch.toml,identical,100644,blob,79671d0a58d975112cb3fde4586e971fdf7fb959,100644,blob,79671d0a58d975112cb3fde4586e971fdf7fb959
deploy/open-lab/generated/configs/subscriber-core/subscriber-core.toml,identical,100644,blob,c03d739d1350c21b6d06618726807ae26550b6c8,100644,blob,c03d739d1350c21b6d06618726807ae26550b6c8
deploy/open-lab/generated/configs/task-workflow/task-workflow.toml,identical,100644,blob,65811977dffffb87b44cce0331c5ed3a0114b6eb,100644,blob,65811977dffffb87b44cce0331c5ed3a0114b6eb
deploy/open-lab/generated/configs/transit/transit.toml,identical,100644,blob,fdc2cd0d7c8dbdc96ece6d0948fa9335aa834d73,100644,blob,fdc2cd0d7c8dbdc96ece6d0948fa9335aa834d73
deploy/open-lab/generated/dependency-graph.dot,identical,100644,blob,23a2f1acbe9b5ac470bdb46373c051eaf5022be9,100644,blob,23a2f1acbe9b5ac470bdb46373c051eaf5022be9
deploy/open-lab/generated/hosts.example,identical,100644,blob,aaec656e4c07a691c7f7c53bc8c276a3466c47e9,100644,blob,aaec656e4c07a691c7f7c53bc8c276a3466c47e9
deploy/open-lab/generated/ports.csv,identical,100644,blob,d144e88b3af78bdb142cbc774369ba89ec3b2584,100644,blob,d144e88b3af78bdb142cbc774369ba89ec3b2584
deploy/open-lab/generated/service-catalog.json,identical,100644,blob,e11da61addaf2f48178c9c1c4ce0712c65c40a23,100644,blob,e11da61addaf2f48178c9c1c4ce0712c65c40a23
deploy/open-lab/inventory.example.toml,different,100644,blob,1415275c6a16473ce77913fe4a54c229e4b8a3bd,100644,blob,8b4e2b6907a8deb9cf61c85517607ee5303e592e
deploy/open-lab/lxc/common.conf.example,identical,100644,blob,e1bb834846e775c56b4cd9ef6740c41545613aa7,100644,blob,e1bb834846e775c56b4cd9ef6740c41545613aa7
deploy/open-lab/lxc/ip-gateway.conf.example,identical,100644,blob,740142cbbe8037da9fe42f0074e7acb82423250d,100644,blob,740142cbbe8037da9fe42f0074e7acb82423250d
deploy/open-lab/netcore-deploy.py,identical,100644,blob,ac3e8b9110ff26f513f892d7290bfdcb2846e943,100644,blob,ac3e8b9110ff26f513f892d7290bfdcb2846e943
deploy/open-lab/netcore-e2e.py,identical,100644,blob,081de356ccb61273c422c7469c66e2b27ffcef0d,100644,blob,081de356ccb61273c422c7469c66e2b27ffcef0d
deploy/open-lab/systemd/netcore-backend.target,identical,100644,blob,ed0e57873242771d83a4aa4f1d1ff15a8c57a1dc,100644,blob,ed0e57873242771d83a4aa4f1d1ff15a8c57a1dc
deploy/open-lab/systemd/netcore-data-plane.target,identical,100644,blob,59a8b8ce7c1ab7077e8f87eefe7a6b85663afb01,100644,blob,59a8b8ce7c1ab7077e8f87eefe7a6b85663afb01
devices.json,identical,100644,blob,894e68033e8e4b66e76326bfd068daba85e2fa47,100644,blob,894e68033e8e4b66e76326bfd068daba85e2fa47
install/MEDIA-LIBRARY-VIRTUAL-TREE.md,identical,100644,blob,4c1a481a6dd768d83010b29b45dcad3fb32bb4ae,100644,blob,4c1a481a6dd768d83010b29b45dcad3fb32bb4ae
install/remove-local-tts-config.py,identical,100644,blob,c02ee0bc2524b7e7fae49a9d0fad73b15cd99096,100644,blob,c02ee0bc2524b7e7fae49a9d0fad73b15cd99096
install/repair-basisstation-config-permissions.sh,identical,100644,blob,74817ddc39a5c000000f9363495a66a4158ccb96,100644,blob,74817ddc39a5c000000f9363495a66a4158ccb96
install/update-basisstation.sh,different,100644,blob,16083c6868fd3b7f16e41f50b6c84704cd5b9a64,100644,blob,4f77cb5021b1fc61f9b5ab76bdb0fb7c76359b94
misc/ID-Server/Readme.md,identical,100644,blob,40bc579fba23ab0d15427709030d90c155761841,100644,blob,40bc579fba23ab0d15427709030d90c155761841
misc/ID-Server/__pycache__/netcore_directory_server.cpython-313.pyc,identical,100644,blob,7c09310c77b0db3973e3e40b4b576ec539768ae6,100644,blob,7c09310c77b0db3973e3e40b4b576ec539768ae6
misc/ID-Server/netcore-directory.service,identical,100644,blob,eb170c0ea4c42908390565caa7c6e920a1df1972,100644,blob,eb170c0ea4c42908390565caa7c6e920a1df1972
misc/ID-Server/netcore_directory_server.py,different,100644,blob,7a5245d053ee5906762d7bcf74a0ee056706c417,100644,blob,5719554de2188b515f0cfb4e2c78d7f76a3d5529
misc/ID-Server/seed.json,identical,100644,blob,a6892dca278f89d25715be9609f39e062362e5f7,100644,blob,a6892dca278f89d25715be9609f39e062362e5f7
misc/Leitstelle/Readme.md,identical,100644,blob,8b137891791fe96927ad78e64b0aad7bded08bdc,100644,blob,8b137891791fe96927ad78e64b0aad7bded08bdc
misc/__pycache__/brew-server.cpython-313.pyc,identical,100644,blob,d1340853ebb179f28c1cc25a32f6bf2393b3bb38,100644,blob,d1340853ebb179f28c1cc25a32f6bf2393b3bb38
misc/brew-server.py,different,100644,blob,f77ad4e5a6d1c3254536fd2df0f5ce6a9b215a3a,100644,blob,a4f546192214324acb9d9d6c2c4af60ed5e94b8e
misc/brew-server/.dockerignore,identical,100644,blob,13d22723a3f2ecb38a6754695e6fd6a183361c20,100644,blob,13d22723a3f2ecb38a6754695e6fd6a183361c20
misc/brew-server/.gitignore,identical,100644,blob,19a25d3fb2f94e64e4640149aa894a941b7e22fd,100644,blob,19a25d3fb2f94e64e4640149aa894a941b7e22fd
misc/brew-server/CHANGELOG.md,identical,100644,blob,7cce9abfdaa5e744ae36d370da3bbe380596c0a8,100644,blob,7cce9abfdaa5e744ae36d370da3bbe380596c0a8
misc/brew-server/Cargo.lock,identical,100644,blob,547c0f476c4a7483634df6435c973aad6fec5f5e,100644,blob,547c0f476c4a7483634df6435c973aad6fec5f5e
misc/brew-server/Cargo.toml,different,100644,blob,9690112383b562027d9480b8ba2ab68961578c51,100644,blob,26a55d82a978a652cf7e98273e753068aaf2af9c
misc/brew-server/Dockerfile,different,100644,blob,9abeb4c13a878155628224867d2e0998366eae6b,100644,blob,24aca33b0d74f60417b00e29482d890260ccba48
misc/brew-server/LICENSE,identical,100644,blob,f288702d2fa16d3cdf0035b15a9fcbc552cd88e7,100644,blob,f288702d2fa16d3cdf0035b15a9fcbc552cd88e7
misc/brew-server/README.md,identical,100644,blob,d8c3f33fe9f7470f5f1e922df4c4ebc968000f86,100644,blob,d8c3f33fe9f7470f5f1e922df4c4ebc968000f86
misc/brew-server/brew-server.toml,identical,100644,blob,9ac321752d300a2b9f8648cb692c842e53eee485,100644,blob,9ac321752d300a2b9f8648cb692c842e53eee485
misc/brew-server/build.rs,identical,100644,blob,dafba3009ce72bea062f93e6e5dafe85a5c0b3b8,100644,blob,dafba3009ce72bea062f93e6e5dafe85a5c0b3b8
misc/brew-server/docker-compose.yml,identical,100644,blob,8ca0a67e723c63b200b9536b738893673b4b7f75,100644,blob,8ca0a67e723c63b200b9536b738893673b4b7f75
misc/brew-server/src/aprs.rs,identical,100644,blob,f4e92a1dd85ddec751cb37be1248fb7f5ccc633a,100644,blob,f4e92a1dd85ddec751cb37be1248fb7f5ccc633a
misc/brew-server/src/bin/brew-history.rs,identical,100644,blob,c2c9710d5c43b27aa77242f7e3df33da9997ab6d,100644,blob,c2c9710d5c43b27aa77242f7e3df33da9997ab6d
misc/brew-server/src/config.rs,identical,100644,blob,b90356f2d799004c780f73fd44680e5727c517d8,100644,blob,b90356f2d799004c780f73fd44680e5727c517d8
misc/brew-server/src/control.rs,identical,100644,blob,ecd3a62d213e425e3f82234d9017b637a1212d0c,100644,blob,ecd3a62d213e425e3f82234d9017b637a1212d0c
misc/brew-server/src/dashboard.rs,different,100644,blob,6bd40e90a05f1c24d55e68ae9c45d12f49a5c377,100644,blob,69c852be5a368d7cf53da8f83994456540b03aa4
misc/brew-server/src/federation.rs,identical,100644,blob,8e0f9ea441fc7091d2f8eda072f2a3e5c2600c4e,100644,blob,8e0f9ea441fc7091d2f8eda072f2a3e5c2600c4e
misc/brew-server/src/fsnet.rs,identical,100644,blob,ee6e7e200019e1c43233a61a822f32b28e1521bf,100644,blob,ee6e7e200019e1c43233a61a822f32b28e1521bf
misc/brew-server/src/main.rs,identical,100644,blob,0980a70b4927116f4ebd2a17ed7f40a902067ec9,100644,blob,0980a70b4927116f4ebd2a17ed7f40a902067ec9
misc/brew-server/src/monitor.rs,identical,100644,blob,1d566d03421db7832cf775cd0073e0413c03ddc0,100644,blob,1d566d03421db7832cf775cd0073e0413c03ddc0
misc/brew-server/src/position.rs,identical,100644,blob,33a018ea9dca4abe5ee00a4ebae73854112a9949,100644,blob,33a018ea9dca4abe5ee00a4ebae73854112a9949
misc/brew-server/src/protocol.rs,identical,100644,blob,468f0af678f8fe26d20b65dccdd1fd5fec0c8405,100644,blob,468f0af678f8fe26d20b65dccdd1fd5fec0c8405
misc/brew-server/src/router.rs,identical,100644,blob,9ac626b1cdd9f7e3990e8bb83372914a5221988b,100644,blob,9ac626b1cdd9f7e3990e8bb83372914a5221988b
misc/brew-server/src/server.rs,identical,100644,blob,451000e196db71d2d95ea96952b2adbca4c1abab,100644,blob,451000e196db71d2d95ea96952b2adbca4c1abab
misc/brew-server/src/sip/auth.rs,identical,100644,blob,d146a151dcde1b509c00ce46715ccbe03b7e82a4,100644,blob,d146a151dcde1b509c00ce46715ccbe03b7e82a4
misc/brew-server/src/sip/bridge.rs,identical,100644,blob,639da7ca01cbb8dd3b7b0c27599718266298a661,100644,blob,639da7ca01cbb8dd3b7b0c27599718266298a661
misc/brew-server/src/sip/media.rs,identical,100644,blob,b563cdb074a20ce8cdb3b397b4a6176f0352289a,100644,blob,b563cdb074a20ce8cdb3b397b4a6176f0352289a
misc/brew-server/src/sip/message.rs,identical,100644,blob,a7707e343aa66b5ed59b56f3ca35d691292af4e6,100644,blob,a7707e343aa66b5ed59b56f3ca35d691292af4e6
misc/brew-server/src/sip/mod.rs,identical,100644,blob,abd1e1bde29d73f2907877a6df73eb542e14064c,100644,blob,abd1e1bde29d73f2907877a6df73eb542e14064c
misc/brew-server/src/sip/routing.rs,identical,100644,blob,28164daa1f45af63c094af9c05ce7fec94d84663,100644,blob,28164daa1f45af63c094af9c05ce7fec94d84663
misc/brew-server/src/sip/state.rs,identical,100644,blob,5fcbeffc8735bd70a55be258ceded7000351a0bc,100644,blob,5fcbeffc8735bd70a55be258ceded7000351a0bc
misc/brew-server/src/sip/transport.rs,identical,100644,blob,cef207a9c365ac17551993fddb267dde2297bfb4,100644,blob,cef207a9c365ac17551993fddb267dde2297bfb4
misc/brew-server/src/state.rs,identical,100644,blob,32c1509e48b5bd313232bb3630b885d205fa587b,100644,blob,32c1509e48b5bd313232bb3630b885d205fa587b
misc/brew-server/src/store.rs,identical,100644,blob,63b2a89b10ae5cff56719c038a3cc144c7958d78,100644,blob,63b2a89b10ae5cff56719c038a3cc144c7958d78
misc/brew-server/src/telemetry.rs,identical,100644,blob,ce5e0581044098560eca35ca6858fd29326afb3b,100644,blob,ce5e0581044098560eca35ca6858fd29326afb3b
misc/brew-server/src/transcode/acelp.rs,identical,100644,blob,beffc854f9401762f311ef95ec4ee54f7470a285,100644,blob,beffc854f9401762f311ef95ec4ee54f7470a285
misc/brew-server/src/transcode/g711.rs,identical,100644,blob,808389b1e4a700c77289c4da8506099b3e678389,100644,blob,808389b1e4a700c77289c4da8506099b3e678389
misc/brew-server/src/transcode/mod.rs,identical,100644,blob,2f667498ca5211e4ad89d35881178580d7e508ad,100644,blob,2f667498ca5211e4ad89d35881178580d7e508ad
misc/brew-server/src/transcode/task.rs,identical,100644,blob,ca28b54123f28f913300af738f0808a76c123b3b,100644,blob,ca28b54123f28f913300af738f0808a76c123b3b
misc/brew-server/third_party/tetra-codec/CMakeLists.txt,identical,100644,blob,447c6726b08dc525950926b3c4ffae56604275b9,100644,blob,447c6726b08dc525950926b3c4ffae56604275b9
misc/brew-server/third_party/tetra-codec/README.md,identical,100644,blob,9203bed27d8ade0b3729793f13b039656b2b3d50,100644,blob,9203bed27d8ade0b3729793f13b039656b2b3d50
misc/brew-server/third_party/tetra-codec/include/tetra-codec.h,identical,100644,blob,bce5355a45f50c185a5e475dd4ccdb46209456e2,100644,blob,bce5355a45f50c185a5e475dd4ccdb46209456e2
misc/brew-server/third_party/tetra-codec/pkgconfig/tetra-codec.pc.in,identical,100644,blob,1c42ec2c741b8205712e6a2aaf95e15defd56767,100644,blob,1c42ec2c741b8205712e6a2aaf95e15defd56767
misc/brew-server/third_party/tetra-codec/source/tetra-codec-impl.c,identical,100644,blob,8f28b3927cb80ce9492215b6269b58c31fd96c43,100644,blob,8f28b3927cb80ce9492215b6269b58c31fd96c43
misc/brew-server/third_party/tetra-codec/source/tetra-codec-impl.h,identical,100644,blob,b9e60a3354f503f3921e60de9982cf0594ee0532,100644,blob,b9e60a3354f503f3921e60de9982cf0594ee0532
misc/brew-server/third_party/tetra-codec/source/tetra-codec.c,identical,100644,blob,5dc539bb3790e71f5cef8105bbd8bcdeb3862200,100644,blob,5dc539bb3790e71f5cef8105bbd8bcdeb3862200
misc/brew-server/third_party/tetra-codec/vcpkg/portfile.cmake,identical,100644,blob,f6a3556938bf79b272cdc56c1a998803d9730273,100644,blob,f6a3556938bf79b272cdc56c1a998803d9730273
misc/brew-server/third_party/tetra-codec/vcpkg/vcpkg.json,identical,100644,blob,cfeec749bc7b8f7fe30c89db40cff6066fd26baf,100644,blob,cfeec749bc7b8f7fe30c89db40cff6066fd26baf
misc/brew-server/web-ui/assets/netcore-logo.data-uri,main_only,100644,blob,5c565edb7346824a0686d9a111a57ae0dba5ab23,,,
misc/brew-server/web-ui/assets/service-design.css,main_only,100644,blob,216422856817cc91c257318ea37840b0a787ff9c,,,
misc/brew-server/web-ui/assets/service-design.js,main_only,100644,blob,8295a627a4242d0b6d600c5b3cc5c2a89c225910,,,
misc/brew-server/web-ui/assets/service-theme-init.js,main_only,100644,blob,cd7ccedd096bad677166770b1d3fcc4ccc76d243,,,
misc/brew-server/web-ui/service-design.rs,main_only,100644,blob,7b15c07fde87582fed65d984c5c4833c9fddc08d,,,
misc/patches/dashboard_hidden_integrations.patch,identical,100644,blob,76d1df2c8e4bef5d97c8df3a00ce9b6549202a19,100644,blob,76d1df2c8e4bef5d97c8df3a00ce9b6549202a19
ms-mode/.github/ISSUE_TEMPLATE/bug_report.yml,identical,100644,blob,d50e44c38f6e5e6517395f05e163929ab8fcbb02,100644,blob,d50e44c38f6e5e6517395f05e163929ab8fcbb02
ms-mode/.github/workflows/build.yml,identical,100644,blob,85ed537d46f94ea0c40818aedfeb2f104aab4b01,100644,blob,85ed537d46f94ea0c40818aedfeb2f104aab4b01
ms-mode/.gitignore,identical,100644,blob,abe67aa7c8cd9a84e16e2256c5c3bee4905e9520,100644,blob,abe67aa7c8cd9a84e16e2256c5c3bee4905e9520
ms-mode/Cargo.lock,identical,100644,blob,1d25dd58ef2b6ebf9eb7c1d98576d3f3f6629d32,100644,blob,1d25dd58ef2b6ebf9eb7c1d98576d3f3f6629d32
ms-mode/Cargo.toml,identical,100644,blob,6a3e73f1a36f7bc1653efac2b00018a873f04cf0,100644,blob,6a3e73f1a36f7bc1653efac2b00018a873f04cf0
ms-mode/Cross.toml,identical,100644,blob,1a66a1c0a7d7380e5cf204c25569d7cc5fc786b1,100644,blob,1a66a1c0a7d7380e5cf204c25569d7cc5fc786b1
ms-mode/LICENSE,identical,100644,blob,261eeb9e9f8b2b4b0d119366dda99c6fd7d35c64,100644,blob,261eeb9e9f8b2b4b0d119366dda99c6fd7d35c64
ms-mode/README.md,identical,100644,blob,4ee1df6236fc7f341f47c4f9b936b400648b8da6,100644,blob,4ee1df6236fc7f341f47c4f9b936b400648b8da6
ms-mode/bins/bluestation-bs/Cargo.toml,identical,100644,blob,97b89dbee4cd9646e28535ae99d7428843b6d491,100644,blob,97b89dbee4cd9646e28535ae99d7428843b6d491
ms-mode/bins/bluestation-bs/src/main.rs,identical,100644,blob,2f55e6afff834cf2033489fd367e606abd296390,100644,blob,2f55e6afff834cf2033489fd367e606abd296390
ms-mode/bins/bluestation-control/Cargo.toml,identical,100644,blob,1c03331e2117c651a264f1f5246766d45ccb91b0,100644,blob,1c03331e2117c651a264f1f5246766d45ccb91b0
ms-mode/bins/bluestation-control/src/main.rs,identical,100644,blob,b2c8474d93bee3fbcf75ee7e48e06643144ff5dc,100644,blob,b2c8474d93bee3fbcf75ee7e48e06643144ff5dc
ms-mode/bins/bluestation-telemetry/Cargo.toml,identical,100644,blob,b3b94dcba812e406323fb4268f0545289c1fb959,100644,blob,b3b94dcba812e406323fb4268f0545289c1fb959
ms-mode/bins/bluestation-telemetry/src/main.rs,identical,100644,blob,055859509c12cc40e620d2c8a5b5952e81ff34ca,100644,blob,055859509c12cc40e620d2c8a5b5952e81ff34ca
ms-mode/bins/pdu-tool/Cargo.toml,identical,100644,blob,d655ad6d936c9f60095e1de275769e5bfc2d7f2c,100644,blob,d655ad6d936c9f60095e1de275769e5bfc2d7f2c
ms-mode/bins/pdu-tool/src/entities/mod.rs,identical,100644,blob,7ff7f7768e9f02d66156549e323b28242d55b3a5,100644,blob,7ff7f7768e9f02d66156549e323b28242d55b3a5
ms-mode/bins/pdu-tool/src/entities/umac.rs,identical,100644,blob,6541cfdf96f72258e92ada12e7ed1e7a199a2bde,100644,blob,6541cfdf96f72258e92ada12e7ed1e7a199a2bde
ms-mode/bins/pdu-tool/src/main.rs,identical,100644,blob,658b6b3eee4849d06199d3fdbf657c7fbcf32338,100644,blob,658b6b3eee4849d06199d3fdbf657c7fbcf32338
ms-mode/contrib/cross-compile/Dockerfile.aarch64,identical,100644,blob,cd268e283c3669020b5d0970f599c2591cd1a29a,100644,blob,cd268e283c3669020b5d0970f599c2591cd1a29a
ms-mode/contrib/cross-compile/setup_cross_compile.sh,identical,100644,blob,8f9230d4a2d0dbce6a3d7d3fd4045700b2294892,100644,blob,8f9230d4a2d0dbce6a3d7d3fd4045700b2294892
ms-mode/contrib/logo/NOTE.md,identical,100644,blob,789630a0fc07c6b85179b0faf619d7685b64ad8c,100644,blob,789630a0fc07c6b85179b0faf619d7685b64ad8c
ms-mode/contrib/logo/bluestation_noname.png,identical,100644,blob,fe1e460b16c422141db344a1a219c8d3cb0e9f8e,100644,blob,fe1e460b16c422141db344a1a219c8d3cb0e9f8e
ms-mode/contrib/logo/bluestation_noname.svg,identical,100644,blob,aa9555637cee566635e2dc3984635363fa5a6c37,100644,blob,aa9555637cee566635e2dc3984635363fa5a6c37
ms-mode/contrib/logo/bluestation_with_name.png,identical,100644,blob,fcb16abe749837225d73c84ad17cb5f6ff5111c6,100644,blob,fcb16abe749837225d73c84ad17cb5f6ff5111c6
ms-mode/contrib/logo/bluestation_with_name.svg,identical,100644,blob,a607e4416428f662739016cb04bb6dd3f75fdbde,100644,blob,a607e4416428f662739016cb04bb6dd3f75fdbde
ms-mode/contrib/pre-commit-hook/install_pre_commit_hook.sh,identical,100644,blob,bd35a2e93b73720acf2fc0d03b0d1bf5e31b68c7,100644,blob,bd35a2e93b73720acf2fc0d03b0d1bf5e31b68c7
ms-mode/contrib/pre-commit-hook/pre-commit,identical,100644,blob,49f6c2567811f0ebb36e910355261ba3accd5850,100644,blob,49f6c2567811f0ebb36e910355261ba3accd5850
ms-mode/contrib/systemd/bluestation-bs.service,identical,100644,blob,60653b647f53f8e947074fc950999e8d6b7dcc9e,100644,blob,60653b647f53f8e947074fc950999e8d6b7dcc9e
ms-mode/crates/tetra-config/Cargo.toml,identical,100644,blob,8e2c4179b1e3c7dd26f826fb35fba11c5efc05aa,100644,blob,8e2c4179b1e3c7dd26f826fb35fba11c5efc05aa
ms-mode/crates/tetra-config/src/bluestation/config.rs,identical,100644,blob,a2a36f70dfe49a194a5f1efd71a7e89d352a1ef6,100644,blob,a2a36f70dfe49a194a5f1efd71a7e89d352a1ef6
ms-mode/crates/tetra-config/src/bluestation/mod.rs,identical,100644,blob,d0d5db3b7460cef86f264845c85e572e412ed5e3,100644,blob,d0d5db3b7460cef86f264845c85e572e412ed5e3
ms-mode/crates/tetra-config/src/bluestation/parsing.rs,identical,100644,blob,1d65b4f35b5d3f4d58ac8ff0002d284bd50e17b8,100644,blob,1d65b4f35b5d3f4d58ac8ff0002d284bd50e17b8
ms-mode/crates/tetra-config/src/bluestation/sec_brew.rs,identical,100644,blob,1018e86af75ab0ab6906579cb03810b8233f6976,100644,blob,1018e86af75ab0ab6906579cb03810b8233f6976
ms-mode/crates/tetra-config/src/bluestation/sec_cell.rs,identical,100644,blob,67132c649c2478d62d8c48dd0f5534d474d32b65,100644,blob,67132c649c2478d62d8c48dd0f5534d474d32b65
ms-mode/crates/tetra-config/src/bluestation/sec_codeplug.rs,identical,100644,blob,c466c4e2eaa7677a2df1873c5a026d4f7de1564f,100644,blob,c466c4e2eaa7677a2df1873c5a026d4f7de1564f
ms-mode/crates/tetra-config/src/bluestation/sec_control.rs,identical,100644,blob,5a2b523e2e406553a37cd168ed9a7a76e449ec1d,100644,blob,5a2b523e2e406553a37cd168ed9a7a76e449ec1d
ms-mode/crates/tetra-config/src/bluestation/sec_duplex.rs,identical,100644,blob,b9b311f3709285a6a83447912c697c157b5abdd9,100644,blob,b9b311f3709285a6a83447912c697c157b5abdd9
ms-mode/crates/tetra-config/src/bluestation/sec_ms.rs,identical,100644,blob,c1ffb839e04aa2e9e9646b2362f9e0537fa8f93e,100644,blob,c1ffb839e04aa2e9e9646b2362f9e0537fa8f93e
ms-mode/crates/tetra-config/src/bluestation/sec_net.rs,identical,100644,blob,cdb9047780d0db83c8364b32a00105a45683ee39,100644,blob,cdb9047780d0db83c8364b32a00105a45683ee39
ms-mode/crates/tetra-config/src/bluestation/sec_phy.rs,identical,100644,blob,9ce9b222ab1a715640c8b2ce6b4d0431918c4631,100644,blob,9ce9b222ab1a715640c8b2ce6b4d0431918c4631
ms-mode/crates/tetra-config/src/bluestation/sec_phy_soapy.rs,identical,100644,blob,13146224cf5995fde8d12097053f1a392d133e37,100644,blob,13146224cf5995fde8d12097053f1a392d133e37
ms-mode/crates/tetra-config/src/bluestation/sec_telemetry.rs,identical,100644,blob,a5e0f7d4a6f6d87ebad90c2af2a5b0d8cff7a4c9,100644,blob,a5e0f7d4a6f6d87ebad90c2af2a5b0d8cff7a4c9
ms-mode/crates/tetra-config/src/bluestation/state.rs,identical,100644,blob,d3ea49f233215ae5b30aab31453eb016aa1214c0,100644,blob,d3ea49f233215ae5b30aab31453eb016aa1214c0
ms-mode/crates/tetra-config/src/lib.rs,identical,100644,blob,8003c112ac21da033c7f962bfafce71e29f744e5,100644,blob,8003c112ac21da033c7f962bfafce71e29f744e5
ms-mode/crates/tetra-core/Cargo.toml,identical,100644,blob,ad38d3f39cfccc0bd4caee554fc2438da073cbee,100644,blob,ad38d3f39cfccc0bd4caee554fc2438da073cbee
ms-mode/crates/tetra-core/src/address.rs,identical,100644,blob,c8fb6fb2717a2493ffdc6055899c94765890a302,100644,blob,c8fb6fb2717a2493ffdc6055899c94765890a302
ms-mode/crates/tetra-core/src/bitbuffer.rs,identical,100644,blob,71f71b62d0d714b0eeb31246757ffb97791fb1bc,100644,blob,71f71b62d0d714b0eeb31246757ffb97791fb1bc
ms-mode/crates/tetra-core/src/control.rs,identical,100644,blob,8b137891791fe96927ad78e64b0aad7bded08bdc,100644,blob,8b137891791fe96927ad78e64b0aad7bded08bdc
ms-mode/crates/tetra-core/src/debug.rs,identical,100644,blob,f817cccd9f9b107fa7d161a1d6296a0043d300be,100644,blob,f817cccd9f9b107fa7d161a1d6296a0043d300be
ms-mode/crates/tetra-core/src/direction.rs,identical,100644,blob,fa899248ed448f385db75699840874066fe244e8,100644,blob,fa899248ed448f385db75699840874066fe244e8
ms-mode/crates/tetra-core/src/freqs.rs,identical,100644,blob,8001d7880c35ac768d368fbce532c76210699a74,100644,blob,8001d7880c35ac768d368fbce532c76210699a74
ms-mode/crates/tetra-core/src/lib.rs,identical,100644,blob,bf0366eb87f46edf9ecfbfdb7b72eb108714471c,100644,blob,bf0366eb87f46edf9ecfbfdb7b72eb108714471c
ms-mode/crates/tetra-core/src/pdu_parse_error.rs,identical,100644,blob,491ecb6fb421c74bf3c574c39ba708774df5b622,100644,blob,491ecb6fb421c74bf3c574c39ba708774df5b622
ms-mode/crates/tetra-core/src/phy_types.rs,identical,100644,blob,d6e778ca68acfc3d9dc2dd03b31d66aa3a6504a4,100644,blob,d6e778ca68acfc3d9dc2dd03b31d66aa3a6504a4
ms-mode/crates/tetra-core/src/ranges.rs,identical,100644,blob,3cdce9df1fd98613af57ce0e00b5fec92679729e,100644,blob,3cdce9df1fd98613af57ce0e00b5fec92679729e
ms-mode/crates/tetra-core/src/sap_fields.rs,identical,100644,blob,b00636a89d8d7c060d2dc99e02af7df7cfdd7b61,100644,blob,b00636a89d8d7c060d2dc99e02af7df7cfdd7b61
ms-mode/crates/tetra-core/src/tdma_time.rs,identical,100644,blob,c534d7f8586852d6d04358a9b50b4a470f29ec0b,100644,blob,c534d7f8586852d6d04358a9b50b4a470f29ec0b
ms-mode/crates/tetra-core/src/tetra_common.rs,identical,100644,blob,66677b8c124efa53d047b2451754a901feb7933b,100644,blob,66677b8c124efa53d047b2451754a901feb7933b
ms-mode/crates/tetra-core/src/tetra_entities.rs,identical,100644,blob,dc6f2b0ed15e6752fda8c9f047440ef45d487e3d,100644,blob,dc6f2b0ed15e6752fda8c9f047440ef45d487e3d
ms-mode/crates/tetra-core/src/timeslot_alloc.rs,identical,100644,blob,1f598d55ccad61082a2ea024495ea4334ce86121,100644,blob,1f598d55ccad61082a2ea024495ea4334ce86121
ms-mode/crates/tetra-core/src/tx_receipt.rs,identical,100644,blob,0e0084b53376f8153a25566f6344729105491a59,100644,blob,0e0084b53376f8153a25566f6344729105491a59
ms-mode/crates/tetra-core/src/typed_pdu_fields.rs,identical,100644,blob,b182f1a1942ce46b42a39827f899c0ec432e836b,100644,blob,b182f1a1942ce46b42a39827f899c0ec432e836b
ms-mode/crates/tetra-entities/Cargo.toml,identical,100644,blob,9e686ce78285e91649d3fc1b63536bdad6dd69ec,100644,blob,9e686ce78285e91649d3fc1b63536bdad6dd69ec
ms-mode/crates/tetra-entities/src/cmce/cmce_bs.rs,identical,100644,blob,652521d620a32c25bef0439de79af3fd08f5070d,100644,blob,652521d620a32c25bef0439de79af3fd08f5070d
ms-mode/crates/tetra-entities/src/cmce/cmce_ms.rs,identical,100644,blob,4bdf319953070cde7f90dbe08938a362fb96a7be,100644,blob,4bdf319953070cde7f90dbe08938a362fb96a7be
ms-mode/crates/tetra-entities/src/cmce/components/circuit_mgr.rs,identical,100644,blob,12fda7af10b4e0be6f001818166f8cc376e7a4c7,100644,blob,12fda7af10b4e0be6f001818166f8cc376e7a4c7
ms-mode/crates/tetra-entities/src/cmce/components/mod.rs,identical,100644,blob,5ac2af0b2b317637c485c522657a4e734d4d8bb1,100644,blob,5ac2af0b2b317637c485c522657a4e734d4d8bb1
ms-mode/crates/tetra-entities/src/cmce/components/pc_bs.rs,identical,100644,blob,5516cb63f545095dca2f7451eb7ed353ebe77e7d,100644,blob,5516cb63f545095dca2f7451eb7ed353ebe77e7d
ms-mode/crates/tetra-entities/src/cmce/mod.rs,identical,100644,blob,137254ec1e8f6635d910bcf2bce78f53cc1bb8eb,100644,blob,137254ec1e8f6635d910bcf2bce78f53cc1bb8eb
ms-mode/crates/tetra-entities/src/cmce/subentities/cc_bs/dtmf.rs,identical,100644,blob,6fafa9aded72e01a227c56f78b9ebb00bc20c02a,100644,blob,6fafa9aded72e01a227c56f78b9ebb00bc20c02a
ms-mode/crates/tetra-entities/src/cmce/subentities/cc_bs/lifecycle.rs,identical,100644,blob,fc21ef46161243a276aebe25f053c4857251cbfc,100644,blob,fc21ef46161243a276aebe25f053c4857251cbfc
ms-mode/crates/tetra-entities/src/cmce/subentities/cc_bs/mod.rs,identical,100644,blob,c9f062f26d87c900767c442ddd64dc70342595ac,100644,blob,c9f062f26d87c900767c442ddd64dc70342595ac
ms-mode/crates/tetra-entities/src/cmce/subentities/cc_bs/pdu.rs,identical,100644,blob,2cb1453ddfd116dcaf1a2642798d501893fe9e11,100644,blob,2cb1453ddfd116dcaf1a2642798d501893fe9e11
ms-mode/crates/tetra-entities/src/cmce/subentities/cc_bs/procedures/group.rs,identical,100644,blob,9f5ddd116dd745543289a29ede93457ec88b3828,100644,blob,9f5ddd116dd745543289a29ede93457ec88b3828
ms-mode/crates/tetra-entities/src/cmce/subentities/cc_bs/procedures/individual.rs,identical,100644,blob,13026a0f06dc89e9615570c14e6a0191891ba0e5,100644,blob,13026a0f06dc89e9615570c14e6a0191891ba0e5
ms-mode/crates/tetra-entities/src/cmce/subentities/cc_bs/procedures/isi.rs,identical,100644,blob,8c359c7448bf76ac310509ef159fcd5ec5c5afe1,100644,blob,8c359c7448bf76ac310509ef159fcd5ec5c5afe1
ms-mode/crates/tetra-entities/src/cmce/subentities/cc_bs/procedures/mod.rs,identical,100644,blob,ba4fd9864f04b2de5e3e9ed8cad5b643a22d27c0,100644,blob,ba4fd9864f04b2de5e3e9ed8cad5b643a22d27c0
ms-mode/crates/tetra-entities/src/cmce/subentities/cc_bs/procedures/restoration.rs,identical,100644,blob,c206b22750794be7c08633f1d67c22c4965d891b,100644,blob,c206b22750794be7c08633f1d67c22c4965d891b
ms-mode/crates/tetra-entities/src/cmce/subentities/cc_bs/procedures/setup.rs,identical,100644,blob,bf5c6dca75787fb804004a90b372a09d9738e06b,100644,blob,bf5c6dca75787fb804004a90b372a09d9738e06b
ms-mode/crates/tetra-entities/src/cmce/subentities/cc_bs/procedures/uplink.rs,identical,100644,blob,798b77cebaef1ee886311d97115259417715f434,100644,blob,798b77cebaef1ee886311d97115259417715f434
ms-mode/crates/tetra-entities/src/cmce/subentities/cc_bs/routes/isi.rs,identical,100644,blob,47b28a9e5a488ed51cd99f9381d22cfcc77703df,100644,blob,47b28a9e5a488ed51cd99f9381d22cfcc77703df
ms-mode/crates/tetra-entities/src/cmce/subentities/cc_bs/routes/mod.rs,identical,100644,blob,c8d64030d72130be9f23dab034b8c340c026210d,100644,blob,c8d64030d72130be9f23dab034b8c340c026210d
ms-mode/crates/tetra-entities/src/cmce/subentities/cc_bs/routes/ra.rs,identical,100644,blob,f881433c8743542d0a85efb0c11013b0fec28061,100644,blob,f881433c8743542d0a85efb0c11013b0fec28061
ms-mode/crates/tetra-entities/src/cmce/subentities/cc_bs/routes/rd.rs,identical,100644,blob,0d505cd630505c0c1a1d750478bca6731addaec8,100644,blob,0d505cd630505c0c1a1d750478bca6731addaec8
ms-mode/crates/tetra-entities/src/cmce/subentities/cc_bs/state/mod.rs,identical,100644,blob,d47b01191c4c517a50e0fe5ef972f66ad31f25ef,100644,blob,d47b01191c4c517a50e0fe5ef972f66ad31f25ef
ms-mode/crates/tetra-entities/src/cmce/subentities/cc_bs/timers.rs,identical,100644,blob,64f56e13e60c51a8f9310b4b94ac393ef87aa2a6,100644,blob,64f56e13e60c51a8f9310b4b94ac393ef87aa2a6
ms-mode/crates/tetra-entities/src/cmce/subentities/cc_ms/lifecycle.rs,identical,100644,blob,5627be45854650b66a770417952ee00eb8479252,100644,blob,5627be45854650b66a770417952ee00eb8479252
ms-mode/crates/tetra-entities/src/cmce/subentities/cc_ms/mod.rs,identical,100644,blob,9ccbf140d256e4ba472679a01502871ebecbb4b8,100644,blob,9ccbf140d256e4ba472679a01502871ebecbb4b8
ms-mode/crates/tetra-entities/src/cmce/subentities/cc_ms/pdu.rs,identical,100644,blob,713f7d2a594e2ec682c1aeac8f04e753d2772f20,100644,blob,713f7d2a594e2ec682c1aeac8f04e753d2772f20
ms-mode/crates/tetra-entities/src/cmce/subentities/cc_ms/procedures/mod.rs,identical,100644,blob,a3d7221231f1cb27a5f6da577cb81aa502a14b2b,100644,blob,a3d7221231f1cb27a5f6da577cb81aa502a14b2b
ms-mode/crates/tetra-entities/src/cmce/subentities/cc_ms/procedures/release.rs,identical,100644,blob,f6631fcbf7911056808baff470ee18d6f267e271,100644,blob,f6631fcbf7911056808baff470ee18d6f267e271
ms-mode/crates/tetra-entities/src/cmce/subentities/cc_ms/procedures/restoration.rs,identical,100644,blob,f7505be440c54cc833685267a00eee5c8f6d4de0,100644,blob,f7505be440c54cc833685267a00eee5c8f6d4de0
ms-mode/crates/tetra-entities/src/cmce/subentities/cc_ms/procedures/setup.rs,identical,100644,blob,a2172b637b82d26b942e35fd7e51e3df630b0d04,100644,blob,a2172b637b82d26b942e35fd7e51e3df630b0d04
ms-mode/crates/tetra-entities/src/cmce/subentities/cc_ms/procedures/uplink.rs,identical,100644,blob,b51ddfb7f6852427d655a42e7b988c1bf2583e4f,100644,blob,b51ddfb7f6852427d655a42e7b988c1bf2583e4f
ms-mode/crates/tetra-entities/src/cmce/subentities/cc_ms/routes/mod.rs,identical,100644,blob,82a49d6e208c5c9ac0abfac8cb3dc38426f95fcc,100644,blob,82a49d6e208c5c9ac0abfac8cb3dc38426f95fcc
ms-mode/crates/tetra-entities/src/cmce/subentities/cc_ms/routes/rd.rs,identical,100644,blob,a7f703acf29f27de19abb7f953191f3871210679,100644,blob,a7f703acf29f27de19abb7f953191f3871210679
ms-mode/crates/tetra-entities/src/cmce/subentities/cc_ms/routes/tncc_sap.rs,identical,100644,blob,08e87d1caa4d10667850e1414a9299377ae1b2cb,100644,blob,08e87d1caa4d10667850e1414a9299377ae1b2cb
ms-mode/crates/tetra-entities/src/cmce/subentities/cc_ms/state/mod.rs,identical,100644,blob,d489fa4df62412e7abf6b3e9eaa1d635dee957bb,100644,blob,d489fa4df62412e7abf6b3e9eaa1d635dee957bb
ms-mode/crates/tetra-entities/src/cmce/subentities/cc_ms/timers.rs,identical,100644,blob,7d11bd51e2a356516940cadcf3ef3de014f95af2,100644,blob,7d11bd51e2a356516940cadcf3ef3de014f95af2
ms-mode/crates/tetra-entities/src/cmce/subentities/cc_ms/uplane.rs,identical,100644,blob,5d27678578fb760384fc368613b21ff643575216,100644,blob,5d27678578fb760384fc368613b21ff643575216
ms-mode/crates/tetra-entities/src/cmce/subentities/mod.rs,identical,100644,blob,d35fca91cc4244f483248a4d6523e0c56e75235e,100644,blob,d35fca91cc4244f483248a4d6523e0c56e75235e
ms-mode/crates/tetra-entities/src/cmce/subentities/sds_bs.rs,identical,100644,blob,63826d07680505477146b15ad6c02fa61aa62ffb,100644,blob,63826d07680505477146b15ad6c02fa61aa62ffb
ms-mode/crates/tetra-entities/src/cmce/subentities/sds_ms.rs,identical,100644,blob,fcedaab386dad40415d010f80442932be96aad43,100644,blob,fcedaab386dad40415d010f80442932be96aad43
ms-mode/crates/tetra-entities/src/cmce/subentities/ss_bs.rs,identical,100644,blob,3a4160602201b19e2b313053cbcadfea2cf62100,100644,blob,3a4160602201b19e2b313053cbcadfea2cf62100
ms-mode/crates/tetra-entities/src/cmce/subentities/ss_ms.rs,identical,100644,blob,c30e2b0317d65941da3497a2b9c82171819f0946,100644,blob,c30e2b0317d65941da3497a2b9c82171819f0946
ms-mode/crates/tetra-entities/src/entity_trait.rs,identical,100644,blob,674aab11f48f4a57074e200c7104bab5e59ec3c0,100644,blob,674aab11f48f4a57074e200c7104bab5e59ec3c0
ms-mode/crates/tetra-entities/src/lib.rs,identical,100644,blob,e357bc7464e49c0ad1dc14a02a838e21c291d336,100644,blob,e357bc7464e49c0ad1dc14a02a838e21c291d336
ms-mode/crates/tetra-entities/src/llc/components/fcs.rs,identical,100644,blob,9f28363cbc378de8436e32847b5550782ffbd052,100644,blob,9f28363cbc378de8436e32847b5550782ffbd052
ms-mode/crates/tetra-entities/src/llc/components/mod.rs,identical,100644,blob,3d4123de20adc187c71c0732fa011a2dc77dafb9,100644,blob,3d4123de20adc187c71c0732fa011a2dc77dafb9
ms-mode/crates/tetra-entities/src/llc/llc_bs_ms.rs,identical,100644,blob,b99906d71a65e58ce609572152c7921a8ed2cc2f,100644,blob,b99906d71a65e58ce609572152c7921a8ed2cc2f
ms-mode/crates/tetra-entities/src/llc/mod.rs,identical,100644,blob,57de9b44fd73d79486e9d079cbe58149f52e5b51,100644,blob,57de9b44fd73d79486e9d079cbe58149f52e5b51
ms-mode/crates/tetra-entities/src/lmac/components/convenc.rs,identical,100644,blob,25d03551fad0ad304156aabdd18a29e36627a90d,100644,blob,25d03551fad0ad304156aabdd18a29e36627a90d
ms-mode/crates/tetra-entities/src/lmac/components/crc16.rs,identical,100644,blob,ea3c94ffe605bbff43644d2f74d91c350c9f480a,100644,blob,ea3c94ffe605bbff43644d2f74d91c350c9f480a
ms-mode/crates/tetra-entities/src/lmac/components/errorcontrol.rs,identical,100644,blob,434645cc7455cf94f05cce7e9dfda28b6edba65d,100644,blob,434645cc7455cf94f05cce7e9dfda28b6edba65d
ms-mode/crates/tetra-entities/src/lmac/components/errorcontrol_params.rs,identical,100644,blob,99aa67550be2db82b349d706969a641db5a9e3db,100644,blob,99aa67550be2db82b349d706969a641db5a9e3db
ms-mode/crates/tetra-entities/src/lmac/components/interleaver.rs,identical,100644,blob,215968c4933edc5d196ba2a9e8f665d9fb6cfba8,100644,blob,215968c4933edc5d196ba2a9e8f665d9fb6cfba8
ms-mode/crates/tetra-entities/src/lmac/components/mod.rs,identical,100644,blob,3bae5670ca6714277237170f137f2846cfec84c8,100644,blob,3bae5670ca6714277237170f137f2846cfec84c8
ms-mode/crates/tetra-entities/src/lmac/components/rm3014.rs,identical,100644,blob,c1892dc60af165f9529c27d7a22afde941435f31,100644,blob,c1892dc60af165f9529c27d7a22afde941435f31
ms-mode/crates/tetra-entities/src/lmac/components/scrambler.rs,identical,100644,blob,46c8e0c9c1502c372a762b8dedae6e6689bc68ea,100644,blob,46c8e0c9c1502c372a762b8dedae6e6689bc68ea
ms-mode/crates/tetra-entities/src/lmac/components/tch_reorder.rs,identical,100644,blob,8c664152fcfef9512858da8acb497c0d908273b1,100644,blob,8c664152fcfef9512858da8acb497c0d908273b1
ms-mode/crates/tetra-entities/src/lmac/components/viterbi.rs,identical,100644,blob,331afc283b473c6eeec0a180dd4f922f0e57de19,100644,blob,331afc283b473c6eeec0a180dd4f922f0e57de19
ms-mode/crates/tetra-entities/src/lmac/lmac_bs.rs,identical,100644,blob,bfea3437ed544611ec81ec030ad800545ddb3268,100644,blob,bfea3437ed544611ec81ec030ad800545ddb3268
ms-mode/crates/tetra-entities/src/lmac/lmac_ms.rs,identical,100644,blob,35a37dfceacff0a50152582bc2b7e3ce90bd4c51,100644,blob,35a37dfceacff0a50152582bc2b7e3ce90bd4c51
ms-mode/crates/tetra-entities/src/lmac/mod.rs,identical,100644,blob,77257557f1e84cd41bce558bd79a491583e4f055,100644,blob,77257557f1e84cd41bce558bd79a491583e4f055
ms-mode/crates/tetra-entities/src/management/mod.rs,identical,100644,blob,b88e83c5af2e89e88517657bc0b25b1604814102,100644,blob,b88e83c5af2e89e88517657bc0b25b1604814102
ms-mode/crates/tetra-entities/src/messagerouter.rs,identical,100644,blob,bee6d8fbd4736430e7dee2d1a5786e4c2af6c0c8,100644,blob,bee6d8fbd4736430e7dee2d1a5786e4c2af6c0c8
ms-mode/crates/tetra-entities/src/mle/components/broadcast.rs,identical,100644,blob,13451d02b3ad54d39a232d356367c8c6af4bba36,100644,blob,13451d02b3ad54d39a232d356367c8c6af4bba36
ms-mode/crates/tetra-entities/src/mle/components/mle_router.rs,identical,100644,blob,682b63efdc3cca00a7c73740dcb378ebb2f317b1,100644,blob,682b63efdc3cca00a7c73740dcb378ebb2f317b1
ms-mode/crates/tetra-entities/src/mle/components/mod.rs,identical,100644,blob,919cdc2a87ccaac3de9a248c790c7560213c5c99,100644,blob,919cdc2a87ccaac3de9a248c790c7560213c5c99
ms-mode/crates/tetra-entities/src/mle/components/network_time.rs,identical,100644,blob,1c6ba5882ac5726bfc4d33e6983cc7ab6d4f5a67,100644,blob,1c6ba5882ac5726bfc4d33e6983cc7ab6d4f5a67
ms-mode/crates/tetra-entities/src/mle/mle_bs.rs,identical,100644,blob,45ac27afd886de33b6f7191ab34aa92c42159705,100644,blob,45ac27afd886de33b6f7191ab34aa92c42159705
ms-mode/crates/tetra-entities/src/mle/mle_ms.rs,identical,100644,blob,858dc742ca7a14778955606cd46136de988eb8db,100644,blob,858dc742ca7a14778955606cd46136de988eb8db
ms-mode/crates/tetra-entities/src/mle/mod.rs,identical,100644,blob,b2dd3f026d5676c3ca526066c4238510b650d451,100644,blob,b2dd3f026d5676c3ca526066c4238510b650d451
ms-mode/crates/tetra-entities/src/mm/components/client_state.rs,identical,100644,blob,3921a59d8faf234b9af92d25ac18dcdb37a4f176,100644,blob,3921a59d8faf234b9af92d25ac18dcdb37a4f176
ms-mode/crates/tetra-entities/src/mm/components/mod.rs,identical,100644,blob,700581db594504060086fb7cc06a3cb09d59e981,100644,blob,700581db594504060086fb7cc06a3cb09d59e981
ms-mode/crates/tetra-entities/src/mm/components/not_supported.rs,identical,100644,blob,13eb5fdacedb819998579661d7c178b93a5cf07a,100644,blob,13eb5fdacedb819998579661d7c178b93a5cf07a
ms-mode/crates/tetra-entities/src/mm/mm_bs.rs,identical,100644,blob,063d726c365a5e91242f67012db1992a086dcc8c,100644,blob,063d726c365a5e91242f67012db1992a086dcc8c
ms-mode/crates/tetra-entities/src/mm/mm_ms.rs,identical,100644,blob,03094acf68c3ce6f3d4c6ad4f10accfddd279bdc,100644,blob,03094acf68c3ce6f3d4c6ad4f10accfddd279bdc
ms-mode/crates/tetra-entities/src/mm/mod.rs,identical,100644,blob,744109b539864fd0ec8037e1325baf0e1e091990,100644,blob,744109b539864fd0ec8037e1325baf0e1e091990
ms-mode/crates/tetra-entities/src/net_brew/components/brew_routable.rs,identical,100644,blob,1ddc7fd380aee72da0d4a1282f97cdf544b0fcf1,100644,blob,1ddc7fd380aee72da0d4a1282f97cdf544b0fcf1
ms-mode/crates/tetra-entities/src/net_brew/components/jitter_buffer.rs,identical,100644,blob,4da9b83350c2553bc6a4adde3f6de0f16bfc479f,100644,blob,4da9b83350c2553bc6a4adde3f6de0f16bfc479f
ms-mode/crates/tetra-entities/src/net_brew/components/mod.rs,identical,100644,blob,c601ac74a62ee5cfda135cbcec21d160801bd6f0,100644,blob,c601ac74a62ee5cfda135cbcec21d160801bd6f0
ms-mode/crates/tetra-entities/src/net_brew/components/socket_health.rs,identical,100644,blob,cb5a3017814e6c50f12d4814b06ad48977c944f7,100644,blob,cb5a3017814e6c50f12d4814b06ad48977c944f7
ms-mode/crates/tetra-entities/src/net_brew/entity.rs,identical,100644,blob,e134e9d0a700079cc05a77656590e3a0fa86d87a,100644,blob,e134e9d0a700079cc05a77656590e3a0fa86d87a
ms-mode/crates/tetra-entities/src/net_brew/mod.rs,identical,100644,blob,5218fc19d64f9429b6c7a8ec0c554923c7aa01f3,100644,blob,5218fc19d64f9429b6c7a8ec0c554923c7aa01f3
ms-mode/crates/tetra-entities/src/net_brew/protocol.rs,identical,100644,blob,b1ad276c4e82e5b2da35314478ad73da453a55e0,100644,blob,b1ad276c4e82e5b2da35314478ad73da453a55e0
ms-mode/crates/tetra-entities/src/net_brew/worker.rs,identical,100644,blob,36d4b18391312fedbceccba41b322833822aa6fa,100644,blob,36d4b18391312fedbceccba41b322833822aa6fa
ms-mode/crates/tetra-entities/src/net_control/channel.rs,identical,100644,blob,92221e5cacd3dc30b1b0c72d8a6c0da8f962f258,100644,blob,92221e5cacd3dc30b1b0c72d8a6c0da8f962f258
ms-mode/crates/tetra-entities/src/net_control/codec.rs,identical,100644,blob,5fe4a53230c3a14e5b16961c93d651d6690612e7,100644,blob,5fe4a53230c3a14e5b16961c93d651d6690612e7
ms-mode/crates/tetra-entities/src/net_control/commands.rs,identical,100644,blob,6795c57e26d499ba83b7a7551e5b99d5e74787aa,100644,blob,6795c57e26d499ba83b7a7551e5b99d5e74787aa
ms-mode/crates/tetra-entities/src/net_control/mod.rs,identical,100644,blob,2b083355aa50cee16c5b9ecc46a47cf721841400,100644,blob,2b083355aa50cee16c5b9ecc46a47cf721841400
ms-mode/crates/tetra-entities/src/net_control/worker.rs,identical,100644,blob,3b73d309c9983ca759d02c637941d076fb1c6b2c,100644,blob,3b73d309c9983ca759d02c637941d076fb1c6b2c
ms-mode/crates/tetra-entities/src/net_telemetry/channel.rs,identical,100644,blob,5f76e98703bba17a952c4ede508e93714c9918f9,100644,blob,5f76e98703bba17a952c4ede508e93714c9918f9
ms-mode/crates/tetra-entities/src/net_telemetry/codec.rs,identical,100644,blob,16a4239ce707f864b0568a074b32571c59d7d11a,100644,blob,16a4239ce707f864b0568a074b32571c59d7d11a
ms-mode/crates/tetra-entities/src/net_telemetry/events.rs,identical,100644,blob,ba3f7a0cf83b29bcb46a4f32471612fc3c83ae95,100644,blob,ba3f7a0cf83b29bcb46a4f32471612fc3c83ae95
ms-mode/crates/tetra-entities/src/net_telemetry/mod.rs,identical,100644,blob,078b66b22330d04ada1d46de429f5e1374227179,100644,blob,078b66b22330d04ada1d46de429f5e1374227179
ms-mode/crates/tetra-entities/src/net_telemetry/worker.rs,identical,100644,blob,85520f1ceeebc91986ccc14ff704a42655c4da02,100644,blob,85520f1ceeebc91986ccc14ff704a42655c4da02
ms-mode/crates/tetra-entities/src/network/mod.rs,identical,100644,blob,b69cec31dd678baf4dad52eaa01a0f1b9311a381,100644,blob,b69cec31dd678baf4dad52eaa01a0f1b9311a381
ms-mode/crates/tetra-entities/src/network/netentity.rs,identical,100644,blob,229226e08a5dc1aaca593a66094fd3eaabca4c60,100644,blob,229226e08a5dc1aaca593a66094fd3eaabca4c60
ms-mode/crates/tetra-entities/src/network/transports/mock.rs,identical,100644,blob,a23492463978cf39e354029eb0980d6772395383,100644,blob,a23492463978cf39e354029eb0980d6772395383
ms-mode/crates/tetra-entities/src/network/transports/mod.rs,identical,100644,blob,f60aa70a50c9dcf9a098aa6faa2f130c501c5cc4,100644,blob,f60aa70a50c9dcf9a098aa6faa2f130c501c5cc4
ms-mode/crates/tetra-entities/src/network/transports/quic.rs,identical,100644,blob,925ba228cc689173c9e38b484bea9b10bb6fd5bc,100644,blob,925ba228cc689173c9e38b484bea9b10bb6fd5bc
ms-mode/crates/tetra-entities/src/network/transports/tcp.rs,identical,100644,blob,05a915ed08f4e48b36da2f5cbbfbd3baf5844fcb,100644,blob,05a915ed08f4e48b36da2f5cbbfbd3baf5844fcb
ms-mode/crates/tetra-entities/src/network/transports/websocket.rs,identical,100644,blob,ede14ed12ea47c8e8dd23db0408e2350248db87b,100644,blob,ede14ed12ea47c8e8dd23db0408e2350248db87b
ms-mode/crates/tetra-entities/src/phy/components/burst_consts.rs,identical,100644,blob,8f1e3a61081420e1bca2243f806335104acd07fb,100644,blob,8f1e3a61081420e1bca2243f806335104acd07fb
ms-mode/crates/tetra-entities/src/phy/components/demodulator.rs,identical,100644,blob,23dfb9838f80706370063554dcd7c892a1f8e533,100644,blob,23dfb9838f80706370063554dcd7c892a1f8e533
ms-mode/crates/tetra-entities/src/phy/components/dsp_types.rs,identical,100644,blob,96e7f2d9c06ec903c836ca2c4efe21fe620c3cd1,100644,blob,96e7f2d9c06ec903c836ca2c4efe21fe620c3cd1
ms-mode/crates/tetra-entities/src/phy/components/fcfb.rs,identical,100644,blob,5134f7718d58f4cea1ca638a29eff2a4f0727630,100644,blob,5134f7718d58f4cea1ca638a29eff2a4f0727630
ms-mode/crates/tetra-entities/src/phy/components/fir.rs,identical,100644,blob,35de29a12055052625a1420b2a6e433c7b517f3a,100644,blob,35de29a12055052625a1420b2a6e433c7b517f3a
ms-mode/crates/tetra-entities/src/phy/components/history.rs,identical,100644,blob,20fa4e8761e3b5d10d0e8904a5749ad479209696,100644,blob,20fa4e8761e3b5d10d0e8904a5749ad479209696
ms-mode/crates/tetra-entities/src/phy/components/mod.rs,identical,100644,blob,5dba37cbd23238b36e88c0c6b83b50e9347510c6,100644,blob,5dba37cbd23238b36e88c0c6b83b50e9347510c6
ms-mode/crates/tetra-entities/src/phy/components/modem_common.rs,identical,100644,blob,dbc23d2f0cf6f12669137ec91a2c1bfff7c5e096,100644,blob,dbc23d2f0cf6f12669137ec91a2c1bfff7c5e096
ms-mode/crates/tetra-entities/src/phy/components/modulator.rs,identical,100644,blob,9d5ad40300ff66bab61ab395e24ec4af1c1b6a5a,100644,blob,9d5ad40300ff66bab61ab395e24ec4af1c1b6a5a
ms-mode/crates/tetra-entities/src/phy/components/phy_io_file.rs,identical,100644,blob,8f41cf21c8a2c3de8952ae0883bb93262f73956a,100644,blob,8f41cf21c8a2c3de8952ae0883bb93262f73956a
ms-mode/crates/tetra-entities/src/phy/components/slotter.rs,identical,100644,blob,bcd7a68d042c101317212e05a2a85ae3dfb57b14,100644,blob,bcd7a68d042c101317212e05a2a85ae3dfb57b14
ms-mode/crates/tetra-entities/src/phy/components/soapy_dev.rs,identical,100644,blob,5e14eda12750bcece558befd5f3ac5f5998464f1,100644,blob,5e14eda12750bcece558befd5f3ac5f5998464f1
ms-mode/crates/tetra-entities/src/phy/components/soapy_settings.rs,identical,100644,blob,3f9ea4dcfbddc1a7ce4549db5460cc1cbb4f4130,100644,blob,3f9ea4dcfbddc1a7ce4549db5460cc1cbb4f4130
ms-mode/crates/tetra-entities/src/phy/components/soapy_time.rs,identical,100644,blob,1553af921c923bc36cf54e7c141eb33cf8539c2c,100644,blob,1553af921c923bc36cf54e7c141eb33cf8539c2c
ms-mode/crates/tetra-entities/src/phy/components/soapyio.rs,identical,100644,blob,5e359f663b0c69d133bbd03335cbba47ef8142f6,100644,blob,5e359f663b0c69d133bbd03335cbba47ef8142f6
ms-mode/crates/tetra-entities/src/phy/components/train_consts.rs,identical,100644,blob,35e422bf1383a4d5b062ff62c6b7be7206735d88,100644,blob,35e422bf1383a4d5b062ff62c6b7be7206735d88
ms-mode/crates/tetra-entities/src/phy/mod.rs,identical,100644,blob,86f4a32c292905ea94400cba0426e36d07fd99e8,100644,blob,86f4a32c292905ea94400cba0426e36d07fd99e8
ms-mode/crates/tetra-entities/src/phy/phy_bs.rs,identical,100644,blob,c7a13057c1fd65c41688bfb70ddbd0907fb31ff6,100644,blob,c7a13057c1fd65c41688bfb70ddbd0907fb31ff6
ms-mode/crates/tetra-entities/src/phy/phy_ms.rs,identical,100644,blob,933609f4f5e7caa011eedb78d82c9e91984f1ede,100644,blob,933609f4f5e7caa011eedb78d82c9e91984f1ede
ms-mode/crates/tetra-entities/src/sndcp/mod.rs,identical,100644,blob,10bc6d2ff21299a398cdfcc70e547277e2936bf6,100644,blob,10bc6d2ff21299a398cdfcc70e547277e2936bf6
ms-mode/crates/tetra-entities/src/sndcp/sndcp_bs.rs,identical,100644,blob,366e9627a3b0e641ab3198ef873f9224b93995a2,100644,blob,366e9627a3b0e641ab3198ef873f9224b93995a2
ms-mode/crates/tetra-entities/src/tnmm/mod.rs,identical,100644,blob,61ebfd3881f9cb0043eca6d6f4c7bc3cdd876f7e,100644,blob,61ebfd3881f9cb0043eca6d6f4c7bc3cdd876f7e
ms-mode/crates/tetra-entities/src/umac/mod.rs,identical,100644,blob,edfb4c625372ffa51560a3a5b81c607ed416af32,100644,blob,edfb4c625372ffa51560a3a5b81c607ed416af32
ms-mode/crates/tetra-entities/src/umac/subcomp/bs_defrag.rs,identical,100644,blob,1fe98f87136cf16c40f4f127a972133116092cc2,100644,blob,1fe98f87136cf16c40f4f127a972133116092cc2
ms-mode/crates/tetra-entities/src/umac/subcomp/bs_frag.rs,identical,100644,blob,fe0198b77e07bf188a135485722ddaf64ffde8f9,100644,blob,fe0198b77e07bf188a135485722ddaf64ffde8f9
ms-mode/crates/tetra-entities/src/umac/subcomp/bs_sched.rs,identical,100644,blob,b738364d81df2ad3aa82f35402565a6d5dc1bbf0,100644,blob,b738364d81df2ad3aa82f35402565a6d5dc1bbf0
ms-mode/crates/tetra-entities/src/umac/subcomp/circuit_mgr.rs,identical,100644,blob,ff2d9c20947dea3b8451f1d0239d2284f6ecc698,100644,blob,ff2d9c20947dea3b8451f1d0239d2284f6ecc698
ms-mode/crates/tetra-entities/src/umac/subcomp/defrag.rs,identical,100644,blob,9512d7c96da09882a3942b60a0beebead6edb74c,100644,blob,9512d7c96da09882a3942b60a0beebead6edb74c
ms-mode/crates/tetra-entities/src/umac/subcomp/event_label_store.rs,identical,100644,blob,a6d8e220ddb77e9ef24425e854f6b8f8113e48f3,100644,blob,a6d8e220ddb77e9ef24425e854f6b8f8113e48f3
ms-mode/crates/tetra-entities/src/umac/subcomp/fillbits.rs,identical,100644,blob,6ab13655bbacdaca0dfb565965a3eff77e5adfa0,100644,blob,6ab13655bbacdaca0dfb565965a3eff77e5adfa0
ms-mode/crates/tetra-entities/src/umac/subcomp/mod.rs,identical,100644,blob,58f86b34297d166452583324feef026d76999759,100644,blob,58f86b34297d166452583324feef026d76999759
ms-mode/crates/tetra-entities/src/umac/subcomp/ms_defrag.rs,identical,100644,blob,a5539bc003509cbb03827f1a56cced799af137f5,100644,blob,a5539bc003509cbb03827f1a56cced799af137f5
ms-mode/crates/tetra-entities/src/umac/subcomp/ms_random_access.rs,identical,100644,blob,c955cc416f8315b47d31a09badfa1bb0cec0e784,100644,blob,c955cc416f8315b47d31a09badfa1bb0cec0e784
ms-mode/crates/tetra-entities/src/umac/umac_bs.rs,identical,100644,blob,f7d1ae1d726833ff6d4c21ac0c001e7b8b11b8fa,100644,blob,f7d1ae1d726833ff6d4c21ac0c001e7b8b11b8fa
ms-mode/crates/tetra-entities/src/umac/umac_ms.rs,identical,100644,blob,6548d7a311af403aec3646c41ad00c719dc5df9c,100644,blob,6548d7a311af403aec3646c41ad00c719dc5df9c
ms-mode/crates/tetra-entities/tests/common/component_test.rs,identical,100644,blob,85b6463bbe780b829d9a259de51f9928bd992ef0,100644,blob,85b6463bbe780b829d9a259de51f9928bd992ef0
ms-mode/crates/tetra-entities/tests/common/default_stack.rs,identical,100644,blob,09e38ce5e00662daa817cc027f2964accbd5f42e,100644,blob,09e38ce5e00662daa817cc027f2964accbd5f42e
ms-mode/crates/tetra-entities/tests/common/mod.rs,identical,100644,blob,0c9b9c15135f0452dd3fd7124b2018b8e8bb564b,100644,blob,0c9b9c15135f0452dd3fd7124b2018b8e8bb564b
ms-mode/crates/tetra-entities/tests/common/sink.rs,identical,100644,blob,4aca780824b5f0111585ca308bb3aae3e9b00815,100644,blob,4aca780824b5f0111585ca308bb3aae3e9b00815
ms-mode/crates/tetra-entities/tests/test_cmce_bs.rs,identical,100644,blob,2729e42f01bdcaeb07116f4ead2c8e303b771ecc,100644,blob,2729e42f01bdcaeb07116f4ead2c8e303b771ecc
ms-mode/crates/tetra-entities/tests/test_cmce_ms.rs,identical,100644,blob,d5cd9899207ba9b01c380fae7f7873fad88daf11,100644,blob,d5cd9899207ba9b01c380fae7f7873fad88daf11
ms-mode/crates/tetra-entities/tests/test_llc_bs.rs,identical,100644,blob,587aad7f731eba61f8081a6dac430660a4bdcc89,100644,blob,587aad7f731eba61f8081a6dac430660a4bdcc89
ms-mode/crates/tetra-entities/tests/test_lmac_ms.rs,identical,100644,blob,4d0b7aa3c81bbc0040044491cac9de025f3ab368,100644,blob,4d0b7aa3c81bbc0040044491cac9de025f3ab368
ms-mode/crates/tetra-entities/tests/test_mm_bs.rs,identical,100644,blob,eaeff1a7b3e3df6d880545f8587ee66d80b733d7,100644,blob,eaeff1a7b3e3df6d880545f8587ee66d80b733d7
ms-mode/crates/tetra-entities/tests/test_sds_bs.rs,identical,100644,blob,7d5505fd52051d4004209f8a6a58d30f6e74886d,100644,blob,7d5505fd52051d4004209f8a6a58d30f6e74886d
ms-mode/crates/tetra-entities/tests/test_umac_bs.rs,identical,100644,blob,55fd0cdd47cea56722010cf959b4c9a8c201e214,100644,blob,55fd0cdd47cea56722010cf959b4c9a8c201e214
ms-mode/crates/tetra-entities/tests/test_umac_ms.rs,identical,100644,blob,d0a4125da9ae373a6583f75ff3410c8e9ccdc23a,100644,blob,d0a4125da9ae373a6583f75ff3410c8e9ccdc23a
ms-mode/crates/tetra-pdus/Cargo.toml,identical,100644,blob,6e2f684e4b537d2096d49ac1ac794473f6033538,100644,blob,6e2f684e4b537d2096d49ac1ac794473f6033538
ms-mode/crates/tetra-pdus/src/cmce/enums/call_status.rs,identical,100644,blob,90f14e806cdc7fc9b05648925878518436f441fd,100644,blob,90f14e806cdc7fc9b05648925878518436f441fd
ms-mode/crates/tetra-pdus/src/cmce/enums/call_timeout.rs,identical,100644,blob,ec210622206a43b6c138aeb511f7f335102faa62,100644,blob,ec210622206a43b6c138aeb511f7f335102faa62
ms-mode/crates/tetra-pdus/src/cmce/enums/call_timeout_setup_phase.rs,identical,100644,blob,4a16bb0c2523d1bbe1983b00f96c7145f11bf15d,100644,blob,4a16bb0c2523d1bbe1983b00f96c7145f11bf15d
ms-mode/crates/tetra-pdus/src/cmce/enums/cmce_pdu_type_dl.rs,identical,100644,blob,de0cbd8a984853df30156e19de42287f6301aa7e,100644,blob,de0cbd8a984853df30156e19de42287f6301aa7e
ms-mode/crates/tetra-pdus/src/cmce/enums/cmce_pdu_type_ul.rs,identical,100644,blob,14a9272ade39cf3c30c706913115cb03f1408790,100644,blob,14a9272ade39cf3c30c706913115cb03f1408790
ms-mode/crates/tetra-pdus/src/cmce/enums/disconnect_cause.rs,identical,100644,blob,0e4fae8725fad2b614c62f7467c21f791ddc293d,100644,blob,0e4fae8725fad2b614c62f7467c21f791ddc293d
ms-mode/crates/tetra-pdus/src/cmce/enums/mod.rs,identical,100644,blob,e1870c386b527359a7e5e8845f9e9d2cba309a44,100644,blob,e1870c386b527359a7e5e8845f9e9d2cba309a44
ms-mode/crates/tetra-pdus/src/cmce/enums/party_type_identifier.rs,identical,100644,blob,1f14b547e12ba41f9a8e6b7cf1221ca870ef3ae6,100644,blob,1f14b547e12ba41f9a8e6b7cf1221ca870ef3ae6
ms-mode/crates/tetra-pdus/src/cmce/enums/pre_coded_status.rs,identical,100644,blob,5d09dc56ad75e7e141700f1729298d2aa01ab35e,100644,blob,5d09dc56ad75e7e141700f1729298d2aa01ab35e
ms-mode/crates/tetra-pdus/src/cmce/enums/sds_protocol_id.rs,identical,100644,blob,e96091cdf4fc1c1a455aa8d68d4be71fbe60a404,100644,blob,e96091cdf4fc1c1a455aa8d68d4be71fbe60a404
ms-mode/crates/tetra-pdus/src/cmce/enums/short_report_type.rs,identical,100644,blob,03ab1ad7c929b9fd7f91256d6970bfc3a568cb1b,100644,blob,03ab1ad7c929b9fd7f91256d6970bfc3a568cb1b
ms-mode/crates/tetra-pdus/src/cmce/enums/transmission_grant.rs,identical,100644,blob,961008aa65e8b61b7978a84ff33a524e7c8a0e35,100644,blob,961008aa65e8b61b7978a84ff33a524e7c8a0e35
ms-mode/crates/tetra-pdus/src/cmce/enums/type3_elem_id.rs,identical,100644,blob,88074caf250876c715287be932d427011392015b,100644,blob,88074caf250876c715287be932d427011392015b
ms-mode/crates/tetra-pdus/src/cmce/fields/basic_service_information.rs,identical,100644,blob,941ec4bec2fac6a3d7c5a363e15899b1db890dd3,100644,blob,941ec4bec2fac6a3d7c5a363e15899b1db890dd3
ms-mode/crates/tetra-pdus/src/cmce/fields/dtmf.rs,identical,100644,blob,32d8bf95406e04fe7c583dd69e1d37bd2604a450,100644,blob,32d8bf95406e04fe7c583dd69e1d37bd2604a450
ms-mode/crates/tetra-pdus/src/cmce/fields/external_subscriber_number.rs,identical,100644,blob,e283ed8c65001454d2ecc5f79866eaf73b17cde8,100644,blob,e283ed8c65001454d2ecc5f79866eaf73b17cde8
ms-mode/crates/tetra-pdus/src/cmce/fields/mod.rs,identical,100644,blob,753ecc0267658459f6f216ca6001c75649c2e477,100644,blob,753ecc0267658459f6f216ca6001c75649c2e477
ms-mode/crates/tetra-pdus/src/cmce/fields/sds_short_report.rs,identical,100644,blob,d0fcfc96d71f171c2a62f2d32a39d43c3a35907e,100644,blob,d0fcfc96d71f171c2a62f2d32a39d43c3a35907e
ms-mode/crates/tetra-pdus/src/cmce/fields/sds_tl.rs,identical,100644,blob,ba704d1340ed509db5f8a733e8ba7d90d8f4ebd4,100644,blob,ba704d1340ed509db5f8a733e8ba7d90d8f4ebd4
ms-mode/crates/tetra-pdus/src/cmce/mod.rs,identical,100644,blob,7d0606de079b571c91526f694fecf5a82979809d,100644,blob,7d0606de079b571c91526f694fecf5a82979809d
ms-mode/crates/tetra-pdus/src/cmce/pdus/cmce_function_not_supported.rs,identical,100644,blob,4b8454dcb782f52b6fe9e320f0c284091df3d405,100644,blob,4b8454dcb782f52b6fe9e320f0c284091df3d405
ms-mode/crates/tetra-pdus/src/cmce/pdus/d_alert.rs,identical,100644,blob,980c4ea58af3218e99dc8376258dcb5d0de20272,100644,blob,980c4ea58af3218e99dc8376258dcb5d0de20272
ms-mode/crates/tetra-pdus/src/cmce/pdus/d_call_proceeding.rs,identical,100644,blob,ac9fdf211961001212b5c48661313bbe5b5a6e67,100644,blob,ac9fdf211961001212b5c48661313bbe5b5a6e67
ms-mode/crates/tetra-pdus/src/cmce/pdus/d_call_restore.rs,identical,100644,blob,a52374f4e0f50f2610f9291cba60ecf5f95c12ef,100644,blob,a52374f4e0f50f2610f9291cba60ecf5f95c12ef
ms-mode/crates/tetra-pdus/src/cmce/pdus/d_connect.rs,identical,100644,blob,7a6186b6a20fa50d87c2c9475080b8f8312d5d00,100644,blob,7a6186b6a20fa50d87c2c9475080b8f8312d5d00
ms-mode/crates/tetra-pdus/src/cmce/pdus/d_connect_acknowledge.rs,identical,100644,blob,0aa73cdbcf0c907787c272f38ab5c858b9169474,100644,blob,0aa73cdbcf0c907787c272f38ab5c858b9169474
ms-mode/crates/tetra-pdus/src/cmce/pdus/d_disconnect.rs,identical,100644,blob,8e588470251a1c40cb5a81cf113aa97cb135a18d,100644,blob,8e588470251a1c40cb5a81cf113aa97cb135a18d
ms-mode/crates/tetra-pdus/src/cmce/pdus/d_facility.rs,identical,100644,blob,c727649b3223df5bb6e96baa2f2178af705365e4,100644,blob,c727649b3223df5bb6e96baa2f2178af705365e4
ms-mode/crates/tetra-pdus/src/cmce/pdus/d_info.rs,identical,100644,blob,83567a7688cf0b61814e2d86613400e7a40faa6a,100644,blob,83567a7688cf0b61814e2d86613400e7a40faa6a
ms-mode/crates/tetra-pdus/src/cmce/pdus/d_release.rs,identical,100644,blob,632ca3fdf36db77a86e6449e7330f4006f4671bd,100644,blob,632ca3fdf36db77a86e6449e7330f4006f4671bd
ms-mode/crates/tetra-pdus/src/cmce/pdus/d_sds_data.rs,identical,100644,blob,254ea2f1d58e371b033221ceba50db0333f42fde,100644,blob,254ea2f1d58e371b033221ceba50db0333f42fde
ms-mode/crates/tetra-pdus/src/cmce/pdus/d_setup.rs,identical,100644,blob,f65f7d946a2f28ffa0ea926daf6dab243ee45ad6,100644,blob,f65f7d946a2f28ffa0ea926daf6dab243ee45ad6
ms-mode/crates/tetra-pdus/src/cmce/pdus/d_status.rs,identical,100644,blob,4facde62f1006aa0ca704f457f6ff608df8c4d3d,100644,blob,4facde62f1006aa0ca704f457f6ff608df8c4d3d
ms-mode/crates/tetra-pdus/src/cmce/pdus/d_tx_ceased.rs,identical,100644,blob,f0ce37ef12c8d6dc03ca22fa88e1359796599292,100644,blob,f0ce37ef12c8d6dc03ca22fa88e1359796599292
ms-mode/crates/tetra-pdus/src/cmce/pdus/d_tx_continue.rs,identical,100644,blob,7c6a5750f21ae15da860a2f9fac81424c0c17748,100644,blob,7c6a5750f21ae15da860a2f9fac81424c0c17748
ms-mode/crates/tetra-pdus/src/cmce/pdus/d_tx_granted.rs,identical,100644,blob,49aa624ec3d8d526f77f1a3b815e14642b928b54,100644,blob,49aa624ec3d8d526f77f1a3b815e14642b928b54
ms-mode/crates/tetra-pdus/src/cmce/pdus/d_tx_interrupt.rs,identical,100644,blob,8ac401f2d5586e8fb5215762d37b693fd1fdb002,100644,blob,8ac401f2d5586e8fb5215762d37b693fd1fdb002
ms-mode/crates/tetra-pdus/src/cmce/pdus/d_tx_wait.rs,identical,100644,blob,736364941245919bbdefa55d39dc68e2677c0a51,100644,blob,736364941245919bbdefa55d39dc68e2677c0a51
ms-mode/crates/tetra-pdus/src/cmce/pdus/mod.rs,identical,100644,blob,05ab36be661b7769b88278ea56992952769a6ed3,100644,blob,05ab36be661b7769b88278ea56992952769a6ed3
ms-mode/crates/tetra-pdus/src/cmce/pdus/u_alert.rs,identical,100644,blob,6b85389935e726f76393ef480b4c825c862ed450,100644,blob,6b85389935e726f76393ef480b4c825c862ed450
ms-mode/crates/tetra-pdus/src/cmce/pdus/u_call_restore.rs,identical,100644,blob,981829c50e3766b2c51ac3b03ad1a9f807ea80d3,100644,blob,981829c50e3766b2c51ac3b03ad1a9f807ea80d3
ms-mode/crates/tetra-pdus/src/cmce/pdus/u_connect.rs,identical,100644,blob,9cf7411a6f3922c28f7c0305b13fa48343a9ebb3,100644,blob,9cf7411a6f3922c28f7c0305b13fa48343a9ebb3
ms-mode/crates/tetra-pdus/src/cmce/pdus/u_disconnect.rs,identical,100644,blob,315c0fec04fe0e325f143c044da6c722e126b762,100644,blob,315c0fec04fe0e325f143c044da6c722e126b762
ms-mode/crates/tetra-pdus/src/cmce/pdus/u_facility.rs,identical,100644,blob,27cd67a32f487368807009d35a993210258f57d3,100644,blob,27cd67a32f487368807009d35a993210258f57d3
ms-mode/crates/tetra-pdus/src/cmce/pdus/u_info.rs,identical,100644,blob,bcbab777e8954a734c3d1e2ba3fe4c6b22e3c438,100644,blob,bcbab777e8954a734c3d1e2ba3fe4c6b22e3c438
ms-mode/crates/tetra-pdus/src/cmce/pdus/u_release.rs,identical,100644,blob,32fdee45408c327a8f3856c22e191911099372e7,100644,blob,32fdee45408c327a8f3856c22e191911099372e7
ms-mode/crates/tetra-pdus/src/cmce/pdus/u_sds_data.rs,identical,100644,blob,6b8bb912c68321fa4167d928d16277cbd01832be,100644,blob,6b8bb912c68321fa4167d928d16277cbd01832be
ms-mode/crates/tetra-pdus/src/cmce/pdus/u_setup.rs,identical,100644,blob,f347045cac545a31cf2d3dbcf2553783f4fb0b43,100644,blob,f347045cac545a31cf2d3dbcf2553783f4fb0b43
ms-mode/crates/tetra-pdus/src/cmce/pdus/u_status.rs,identical,100644,blob,3f59098c048a504b872cbc4ca7f270dec93e3f36,100644,blob,3f59098c048a504b872cbc4ca7f270dec93e3f36
ms-mode/crates/tetra-pdus/src/cmce/pdus/u_tx_ceased.rs,identical,100644,blob,0bd36108161185b89db8e382f20c13e348b3c90a,100644,blob,0bd36108161185b89db8e382f20c13e348b3c90a
ms-mode/crates/tetra-pdus/src/cmce/pdus/u_tx_demand.rs,identical,100644,blob,9a22cdddf9e73e8d85c57a9b438a73c29f7d8c6e,100644,blob,9a22cdddf9e73e8d85c57a9b438a73c29f7d8c6e
ms-mode/crates/tetra-pdus/src/cmce/structs/cmce_circuit.rs,identical,100644,blob,db2700b530af046c828f317459375d0bc9859966,100644,blob,db2700b530af046c828f317459375d0bc9859966
ms-mode/crates/tetra-pdus/src/cmce/structs/mod.rs,identical,100644,blob,01cafdd039432543ddfed09d0ab2cf8ab57fa933,100644,blob,01cafdd039432543ddfed09d0ab2cf8ab57fa933
ms-mode/crates/tetra-pdus/src/lib.rs,identical,100644,blob,894d5a86a8f807833015b0947b49ae94f4d1bff0,100644,blob,894d5a86a8f807833015b0947b49ae94f4d1bff0
ms-mode/crates/tetra-pdus/src/llc/consts/consts.rs,identical,100644,blob,cfda4ace05c37a3f511d0d8edc13e2bde486ad07,100644,blob,cfda4ace05c37a3f511d0d8edc13e2bde486ad07
ms-mode/crates/tetra-pdus/src/llc/consts/mod.rs,identical,100644,blob,9067ac4ba9cdb14b591c9be9b8c40c387a68ef0e,100644,blob,9067ac4ba9cdb14b591c9be9b8c40c387a68ef0e
ms-mode/crates/tetra-pdus/src/llc/consts/timers.rs,identical,100644,blob,b333caf590bbb97959235fc9f25865a8da1d5e5e,100644,blob,b333caf590bbb97959235fc9f25865a8da1d5e5e
ms-mode/crates/tetra-pdus/src/llc/enums/llc_pdu_type.rs,identical,100644,blob,664a07cf4d7942d9763e81acd158281832949da6,100644,blob,664a07cf4d7942d9763e81acd158281832949da6
ms-mode/crates/tetra-pdus/src/llc/enums/mod.rs,identical,100644,blob,d8c1c4b8329e7ba2229eed74ccc47d3074fb4088,100644,blob,d8c1c4b8329e7ba2229eed74ccc47d3074fb4088
ms-mode/crates/tetra-pdus/src/llc/mod.rs,identical,100644,blob,58df125def32186eeb76b52de2e024b454e3d377,100644,blob,58df125def32186eeb76b52de2e024b454e3d377
ms-mode/crates/tetra-pdus/src/llc/pdus/bl_ack.rs,identical,100644,blob,5fd43415922ef7730cf689daf962c9022d949d3e,100644,blob,5fd43415922ef7730cf689daf962c9022d949d3e
ms-mode/crates/tetra-pdus/src/llc/pdus/bl_adata.rs,identical,100644,blob,fe44bb5a8d5c50c709a836ca9d4694d4cf991a5a,100644,blob,fe44bb5a8d5c50c709a836ca9d4694d4cf991a5a
ms-mode/crates/tetra-pdus/src/llc/pdus/bl_data.rs,identical,100644,blob,5a473e22f227fe5d96de562b3c2905a865745fdf,100644,blob,5a473e22f227fe5d96de562b3c2905a865745fdf
ms-mode/crates/tetra-pdus/src/llc/pdus/bl_udata.rs,identical,100644,blob,76c8d553b54b2f20833f52f92c526ae764c06545,100644,blob,76c8d553b54b2f20833f52f92c526ae764c06545
ms-mode/crates/tetra-pdus/src/llc/pdus/mod.rs,identical,100644,blob,d4602ed14160b5fedf7e42606e2db0a6fcb15db1,100644,blob,d4602ed14160b5fedf7e42606e2db0a6fcb15db1
ms-mode/crates/tetra-pdus/src/mle/enums/mle_pdu_type_dl.rs,identical,100644,blob,0a9ba145005581be1b81cc90be7b699f3d6af087,100644,blob,0a9ba145005581be1b81cc90be7b699f3d6af087
ms-mode/crates/tetra-pdus/src/mle/enums/mle_pdu_type_ul.rs,identical,100644,blob,5db2beb0b869ce1fce4923803dab27a5cc6bfca8,100644,blob,5db2beb0b869ce1fce4923803dab27a5cc6bfca8
ms-mode/crates/tetra-pdus/src/mle/enums/mle_protocol_discriminator.rs,identical,100644,blob,a98be8279e2b62c2c04522bb069a1a8e15fc53e4,100644,blob,a98be8279e2b62c2c04522bb069a1a8e15fc53e4
ms-mode/crates/tetra-pdus/src/mle/enums/mod.rs,identical,100644,blob,f1b33fe9c2e6abfd181d9dba5ea0655b1edbfe4a,100644,blob,f1b33fe9c2e6abfd181d9dba5ea0655b1edbfe4a
ms-mode/crates/tetra-pdus/src/mle/fields/bs_service_details.rs,identical,100644,blob,4ab0f83e8d5626b0b4cd5e7580d8ecbac089d47c,100644,blob,4ab0f83e8d5626b0b4cd5e7580d8ecbac089d47c
ms-mode/crates/tetra-pdus/src/mle/fields/mod.rs,identical,100644,blob,b4ccb0c57a514af76abcdae6bd9b13aa17f21cd3,100644,blob,b4ccb0c57a514af76abcdae6bd9b13aa17f21cd3
ms-mode/crates/tetra-pdus/src/mle/mod.rs,identical,100644,blob,98256509d4083cc0d4ea338815f35d6dddd51fb1,100644,blob,98256509d4083cc0d4ea338815f35d6dddd51fb1
ms-mode/crates/tetra-pdus/src/mle/pdus/d_channel_response.rs,identical,100644,blob,1a56c9abaaed24913981866f98b74555538e3593,100644,blob,1a56c9abaaed24913981866f98b74555538e3593
ms-mode/crates/tetra-pdus/src/mle/pdus/d_mle_sync.rs,identical,100644,blob,371700b68417aff252c037ecad358ec139945eb8,100644,blob,371700b68417aff252c037ecad358ec139945eb8
ms-mode/crates/tetra-pdus/src/mle/pdus/d_mle_sysinfo.rs,identical,100644,blob,e72df2c98c3425f69c66275dbeae7d4173d0cb7f,100644,blob,e72df2c98c3425f69c66275dbeae7d4173d0cb7f
ms-mode/crates/tetra-pdus/src/mle/pdus/d_new_cell.rs,identical,100644,blob,d80d3973b0f0ce9fa7324bf5712ec8e56271067f,100644,blob,d80d3973b0f0ce9fa7324bf5712ec8e56271067f
ms-mode/crates/tetra-pdus/src/mle/pdus/d_nwrk_broadcast.rs,identical,100644,blob,c479dfb5455e8df72271e22e5ac411a21052d11e,100644,blob,c479dfb5455e8df72271e22e5ac411a21052d11e
ms-mode/crates/tetra-pdus/src/mle/pdus/d_nwrk_broadcast_remove.rs,identical,100644,blob,4c97afb7e5b931549440511e072480c68f57426c,100644,blob,4c97afb7e5b931549440511e072480c68f57426c
ms-mode/crates/tetra-pdus/src/mle/pdus/d_prepare_fail.rs,identical,100644,blob,2f7817a596a8712e3fb1c6f5342422457d7cb443,100644,blob,2f7817a596a8712e3fb1c6f5342422457d7cb443
ms-mode/crates/tetra-pdus/src/mle/pdus/d_restore_ack.rs,identical,100644,blob,b1db610861f9a99fb4372a2b5529ddeec9b02072,100644,blob,b1db610861f9a99fb4372a2b5529ddeec9b02072
ms-mode/crates/tetra-pdus/src/mle/pdus/d_restore_fail.rs,identical,100644,blob,46399de267bbcdd2f7f6e6e2245eab643290c845,100644,blob,46399de267bbcdd2f7f6e6e2245eab643290c845
ms-mode/crates/tetra-pdus/src/mle/pdus/mod.rs,identical,100644,blob,cda7546f01885c66b40a7b95f7943128fc7345fb,100644,blob,cda7546f01885c66b40a7b95f7943128fc7345fb
ms-mode/crates/tetra-pdus/src/mle/pdus/u_channel_class_advice.rs,identical,100644,blob,de5aaebaada93a2feb302b97522b57455d606fc0,100644,blob,de5aaebaada93a2feb302b97522b57455d606fc0
ms-mode/crates/tetra-pdus/src/mle/pdus/u_prepare.rs,identical,100644,blob,7c7c823cd90d5b8d91afba9a968b0d319ab7ef19,100644,blob,7c7c823cd90d5b8d91afba9a968b0d319ab7ef19
ms-mode/crates/tetra-pdus/src/mle/pdus/u_restore.rs,identical,100644,blob,dc960ee5a75417fd6c23fe4f8981518f14a86d6b,100644,blob,dc960ee5a75417fd6c23fe4f8981518f14a86d6b
ms-mode/crates/tetra-pdus/src/mm/enums/energy_saving_mode.rs,identical,100644,blob,bf157ef50b47f339d6d437f6771360805d769d3c,100644,blob,bf157ef50b47f339d6d437f6771360805d769d3c
ms-mode/crates/tetra-pdus/src/mm/enums/location_update_accept_type.rs,identical,100644,blob,8e192b331e4f88e197c6e657661b039f6666d356,100644,blob,8e192b331e4f88e197c6e657661b039f6666d356
ms-mode/crates/tetra-pdus/src/mm/enums/location_update_type.rs,identical,100644,blob,bdd40297ef0de99bbe53a1fcd55dd408908471bf,100644,blob,bdd40297ef0de99bbe53a1fcd55dd408908471bf
ms-mode/crates/tetra-pdus/src/mm/enums/mm_pdu_type_dl.rs,identical,100644,blob,b8765927a52d04adfa82a7260c4161fb6b77afaf,100644,blob,b8765927a52d04adfa82a7260c4161fb6b77afaf
ms-mode/crates/tetra-pdus/src/mm/enums/mm_pdu_type_ul.rs,identical,100644,blob,87611af948f9097440fb2b7edc6920b22f6466a2,100644,blob,87611af948f9097440fb2b7edc6920b22f6466a2
ms-mode/crates/tetra-pdus/src/mm/enums/mod.rs,identical,100644,blob,b5a7b664c6e84adab431e7b2fa8a67b8c3d907e1,100644,blob,b5a7b664c6e84adab431e7b2fa8a67b8c3d907e1
ms-mode/crates/tetra-pdus/src/mm/enums/reject_cause.rs,identical,100644,blob,9f8efec36825d16ca2eb0c671d285f6f640c58f6,100644,blob,9f8efec36825d16ca2eb0c671d285f6f640c58f6
ms-mode/crates/tetra-pdus/src/mm/enums/status_downlink.rs,identical,100644,blob,c0218b6e424170ecfe32263921641f7c13624e6b,100644,blob,c0218b6e424170ecfe32263921641f7c13624e6b
ms-mode/crates/tetra-pdus/src/mm/enums/status_uplink.rs,identical,100644,blob,82d6f0dde9424e5ba981e8bfc82f82374348263c,100644,blob,82d6f0dde9424e5ba981e8bfc82f82374348263c
ms-mode/crates/tetra-pdus/src/mm/enums/type34_elem_id_dl.rs,identical,100644,blob,378ffaba1a6e9981c40700282c8aea0572ba0185,100644,blob,378ffaba1a6e9981c40700282c8aea0572ba0185
ms-mode/crates/tetra-pdus/src/mm/enums/type34_elem_id_ul.rs,identical,100644,blob,e043fc3473e7ab1455024fa15c2e2394220919de,100644,blob,e043fc3473e7ab1455024fa15c2e2394220919de
ms-mode/crates/tetra-pdus/src/mm/fields/class_of_ms.rs,identical,100644,blob,163852a5cb897c467ea70ba981f3ce64799bad28,100644,blob,163852a5cb897c467ea70ba981f3ce64799bad28
ms-mode/crates/tetra-pdus/src/mm/fields/energy_saving_information.rs,identical,100644,blob,3e166e26ee6bbca93fc0ff78a0280c17042397c1,100644,blob,3e166e26ee6bbca93fc0ff78a0280c17042397c1
ms-mode/crates/tetra-pdus/src/mm/fields/group_identity_attachment.rs,identical,100644,blob,133200297ca33ede2959051a20464a242a2983eb,100644,blob,133200297ca33ede2959051a20464a242a2983eb
ms-mode/crates/tetra-pdus/src/mm/fields/group_identity_downlink.rs,identical,100644,blob,545f36018c9d601cb82aa267c93b4d1875a3d29f,100644,blob,545f36018c9d601cb82aa267c93b4d1875a3d29f
ms-mode/crates/tetra-pdus/src/mm/fields/group_identity_location_accept.rs,identical,100644,blob,d625c60cd94c7847b983964ddd8dcca877c840e7,100644,blob,d625c60cd94c7847b983964ddd8dcca877c840e7
ms-mode/crates/tetra-pdus/src/mm/fields/group_identity_location_demand.rs,identical,100644,blob,d1657fce0b6104f6f147c08885d33726aa87cbe0,100644,blob,d1657fce0b6104f6f147c08885d33726aa87cbe0
ms-mode/crates/tetra-pdus/src/mm/fields/group_identity_uplink.rs,identical,100644,blob,2bcde4af7639379317f526db7b271e724aa6102b,100644,blob,2bcde4af7639379317f526db7b271e724aa6102b
ms-mode/crates/tetra-pdus/src/mm/fields/mod.rs,identical,100644,blob,0b4cf329776f54092f48d5e08511c2489c3a68d7,100644,blob,0b4cf329776f54092f48d5e08511c2489c3a68d7
ms-mode/crates/tetra-pdus/src/mm/mod.rs,identical,100644,blob,98256509d4083cc0d4ea338815f35d6dddd51fb1,100644,blob,98256509d4083cc0d4ea338815f35d6dddd51fb1
ms-mode/crates/tetra-pdus/src/mm/pdus/d_attach_detach_group_identity.rs,identical,100644,blob,53dd0b83da8db7bd760f4d4c818869b7d819bd2b,100644,blob,53dd0b83da8db7bd760f4d4c818869b7d819bd2b
ms-mode/crates/tetra-pdus/src/mm/pdus/d_attach_detach_group_identity_acknowledgement.rs,identical,100644,blob,81c080bdce1f5f4a04fdce43a21ed468330f4e13,100644,blob,81c080bdce1f5f4a04fdce43a21ed468330f4e13
ms-mode/crates/tetra-pdus/src/mm/pdus/d_location_update_accept.rs,identical,100644,blob,ab60d4601a36665bcc886ef0ef01a693ddb938a4,100644,blob,ab60d4601a36665bcc886ef0ef01a693ddb938a4
ms-mode/crates/tetra-pdus/src/mm/pdus/d_location_update_command.rs,identical,100644,blob,265ee529ca90a0ae3196db9d2d7b88b2c687f5fd,100644,blob,265ee529ca90a0ae3196db9d2d7b88b2c687f5fd
ms-mode/crates/tetra-pdus/src/mm/pdus/d_location_update_proceeding.rs,identical,100644,blob,b6da7d2c2adeb13d3c4b76bb7d74ff3ae88234f1,100644,blob,b6da7d2c2adeb13d3c4b76bb7d74ff3ae88234f1
ms-mode/crates/tetra-pdus/src/mm/pdus/d_location_update_reject.rs,identical,100644,blob,145448d91f797a319c58f2427b3f52f84912bf5a,100644,blob,145448d91f797a319c58f2427b3f52f84912bf5a
ms-mode/crates/tetra-pdus/src/mm/pdus/d_mm_status.rs,identical,100644,blob,eed5da15216a27d6b9309cd25fdc78c97838043c,100644,blob,eed5da15216a27d6b9309cd25fdc78c97838043c
ms-mode/crates/tetra-pdus/src/mm/pdus/mm_pdu_function_not_supported.rs,identical,100644,blob,8de3a8f00b1898c2babe9ae8d1f77c3efd0c0943,100644,blob,8de3a8f00b1898c2babe9ae8d1f77c3efd0c0943
ms-mode/crates/tetra-pdus/src/mm/pdus/mod.rs,identical,100644,blob,b2dbad2eda7aee47f4df781386b7e773384f1734,100644,blob,b2dbad2eda7aee47f4df781386b7e773384f1734
ms-mode/crates/tetra-pdus/src/mm/pdus/u_attach_detach_group_identity.rs,identical,100644,blob,1aaf7fb9ab9bc8f798ac3560745fa5937af27e20,100644,blob,1aaf7fb9ab9bc8f798ac3560745fa5937af27e20
ms-mode/crates/tetra-pdus/src/mm/pdus/u_attach_detach_group_identity_acknowledgement.rs,identical,100644,blob,8df801050d35fd8bc047217bb9dc6ee608c9a55b,100644,blob,8df801050d35fd8bc047217bb9dc6ee608c9a55b
ms-mode/crates/tetra-pdus/src/mm/pdus/u_itsi_detach.rs,identical,100644,blob,bd721cdc07c555db5446b98b0c98a69dc7136936,100644,blob,bd721cdc07c555db5446b98b0c98a69dc7136936
ms-mode/crates/tetra-pdus/src/mm/pdus/u_location_update_demand.rs,identical,100644,blob,a2a7d8f5c56e32e9b0d3a550a780838e41b90b55,100644,blob,a2a7d8f5c56e32e9b0d3a550a780838e41b90b55
ms-mode/crates/tetra-pdus/src/mm/pdus/u_mm_status.rs,identical,100644,blob,d6d0e89f8acf31b0bc8f10482ee4acae4374d912,100644,blob,d6d0e89f8acf31b0bc8f10482ee4acae4374d912
ms-mode/crates/tetra-pdus/src/phy/enums/burst.rs,identical,100644,blob,81f3c588891e97fbd1675a6cad75c13de3e91e1c,100644,blob,81f3c588891e97fbd1675a6cad75c13de3e91e1c
ms-mode/crates/tetra-pdus/src/phy/enums/mod.rs,identical,100644,blob,1e98d51786bae73b85ececddeb16bfecbfed8c73,100644,blob,1e98d51786bae73b85ececddeb16bfecbfed8c73
ms-mode/crates/tetra-pdus/src/phy/mod.rs,identical,100644,blob,1539ed9bf506a188ef84731cb5cb2c117814cc38,100644,blob,1539ed9bf506a188ef84731cb5cb2c117814cc38
ms-mode/crates/tetra-pdus/src/phy/traits/mod.rs,identical,100644,blob,942072f7d5af8eeaf5e5846eab23407a352071ac,100644,blob,942072f7d5af8eeaf5e5846eab23407a352071ac
ms-mode/crates/tetra-pdus/src/phy/traits/rxtx_dev.rs,identical,100644,blob,8fb9d685a69b6e805470ef16862eac28310f717c,100644,blob,8fb9d685a69b6e805470ef16862eac28310f717c
ms-mode/crates/tetra-pdus/src/umac/enums/access_assign_dl_usage.rs,identical,100644,blob,bdd7bdb9d7e5e5efce1cf3f93bd370cad68619fc,100644,blob,bdd7bdb9d7e5e5efce1cf3f93bd370cad68619fc
ms-mode/crates/tetra-pdus/src/umac/enums/access_assign_ul_usage.rs,identical,100644,blob,26447015db9d9408880c186981eeb6f3d621a37e,100644,blob,26447015db9d9408880c186981eeb6f3d621a37e
ms-mode/crates/tetra-pdus/src/umac/enums/basic_slotgrant_cap_alloc.rs,identical,100644,blob,244184a7a7da4548bf225012a187a862053fe8e3,100644,blob,244184a7a7da4548bf225012a187a862053fe8e3
ms-mode/crates/tetra-pdus/src/umac/enums/basic_slotgrant_granting_delay.rs,identical,100644,blob,09f8e726da79511535a2ee700df37a9122006497,100644,blob,09f8e726da79511535a2ee700df37a9122006497
ms-mode/crates/tetra-pdus/src/umac/enums/broadcast_type.rs,identical,100644,blob,a14192d9940a391cbbe5be47976cfa258aaf4ea6,100644,blob,a14192d9940a391cbbe5be47976cfa258aaf4ea6
ms-mode/crates/tetra-pdus/src/umac/enums/mac_pdu_type.rs,identical,100644,blob,7c3069d159b0db5542a1651b334e12484ca56621,100644,blob,7c3069d159b0db5542a1651b334e12484ca56621
ms-mode/crates/tetra-pdus/src/umac/enums/mac_resource_addr_type.rs,identical,100644,blob,e227d136ba79d4e334790268fe626a75f3deac0b,100644,blob,e227d136ba79d4e334790268fe626a75f3deac0b
ms-mode/crates/tetra-pdus/src/umac/enums/mod.rs,identical,100644,blob,c8f22fd29a4b571ffc3957ed458ab9166d066442,100644,blob,c8f22fd29a4b571ffc3957ed458ab9166d066442
ms-mode/crates/tetra-pdus/src/umac/enums/reservation_requirement.rs,identical,100644,blob,aa5e18b8c7bdfe9ca98975e517d82edfd65018b6,100644,blob,aa5e18b8c7bdfe9ca98975e517d82edfd65018b6
ms-mode/crates/tetra-pdus/src/umac/enums/sysinfo_opt_field_flag.rs,identical,100644,blob,6fd8317f30f769266bf24e26497be85d969a758a,100644,blob,6fd8317f30f769266bf24e26497be85d969a758a
ms-mode/crates/tetra-pdus/src/umac/fields/basic_slotgrant.rs,identical,100644,blob,55e4084cb3f58bb376e99f2792afbb250dcfef59,100644,blob,55e4084cb3f58bb376e99f2792afbb250dcfef59
ms-mode/crates/tetra-pdus/src/umac/fields/channel_allocation.rs,identical,100644,blob,b4f3e8577d656a4fcf2feb7def2c25b71c6d0e96,100644,blob,b4f3e8577d656a4fcf2feb7def2c25b71c6d0e96
ms-mode/crates/tetra-pdus/src/umac/fields/mod.rs,identical,100644,blob,febbd7f915556317e66e79cb2d326361a8bb6bb4,100644,blob,febbd7f915556317e66e79cb2d326361a8bb6bb4
ms-mode/crates/tetra-pdus/src/umac/fields/sysinfo_default_def_for_access_code_a.rs,identical,100644,blob,b329238d55b20cc9f0659065aa97217e6c0c2cdd,100644,blob,b329238d55b20cc9f0659065aa97217e6c0c2cdd
ms-mode/crates/tetra-pdus/src/umac/fields/sysinfo_ext_services.rs,identical,100644,blob,7311fdb4926678aebfb857c9c89aefa4899c8540,100644,blob,7311fdb4926678aebfb857c9c89aefa4899c8540
ms-mode/crates/tetra-pdus/src/umac/fields/ts_common_frames.rs,identical,100644,blob,f2c2f4222bc0f0bd197b0ebfd7b4844de43cfb18,100644,blob,f2c2f4222bc0f0bd197b0ebfd7b4844de43cfb18
ms-mode/crates/tetra-pdus/src/umac/mod.rs,identical,100644,blob,f14dfd81aea4174222ac0b4be6de95cca7e8d75e,100644,blob,f14dfd81aea4174222ac0b4be6de95cca7e8d75e
ms-mode/crates/tetra-pdus/src/umac/pdus/access_assign.rs,identical,100644,blob,89c30af5fa5aa7e346a2452a5d5dc48eed9a4922,100644,blob,89c30af5fa5aa7e346a2452a5d5dc48eed9a4922
ms-mode/crates/tetra-pdus/src/umac/pdus/access_assign_fr18.rs,identical,100644,blob,1cf7d1e0b56c1ae572bb979ab9ed779acb01ad8a,100644,blob,1cf7d1e0b56c1ae572bb979ab9ed779acb01ad8a
ms-mode/crates/tetra-pdus/src/umac/pdus/access_define.rs,identical,100644,blob,90b495662bd8ec10a2c3a26eb1fa1de4fd12697f,100644,blob,90b495662bd8ec10a2c3a26eb1fa1de4fd12697f
ms-mode/crates/tetra-pdus/src/umac/pdus/mac_access.rs,identical,100644,blob,c1835ca41b1c201a25f112ca8cf0f65b5452c5e3,100644,blob,c1835ca41b1c201a25f112ca8cf0f65b5452c5e3
ms-mode/crates/tetra-pdus/src/umac/pdus/mac_d_blck.rs,identical,100644,blob,e28a6a16693ae7c37a15e667f7b0b007ad75fac4,100644,blob,e28a6a16693ae7c37a15e667f7b0b007ad75fac4
ms-mode/crates/tetra-pdus/src/umac/pdus/mac_data.rs,identical,100644,blob,2daa77f91a2874435bf3767d2ae8f093663f8c0c,100644,blob,2daa77f91a2874435bf3767d2ae8f093663f8c0c
ms-mode/crates/tetra-pdus/src/umac/pdus/mac_end_dl.rs,identical,100644,blob,92fc2e31ebe22a63c737b03868dc886a73663ccc,100644,blob,92fc2e31ebe22a63c737b03868dc886a73663ccc
ms-mode/crates/tetra-pdus/src/umac/pdus/mac_end_hu.rs,identical,100644,blob,78928d79cb3a88e2319b5043491134d6c5ccf619,100644,blob,78928d79cb3a88e2319b5043491134d6c5ccf619
ms-mode/crates/tetra-pdus/src/umac/pdus/mac_end_ul.rs,identical,100644,blob,c47c42babd266db33799f8eaa25b79bb8e95f4a0,100644,blob,c47c42babd266db33799f8eaa25b79bb8e95f4a0
ms-mode/crates/tetra-pdus/src/umac/pdus/mac_frag_dl.rs,identical,100644,blob,46fbd949956cbfc8506302725a42849b6441f460,100644,blob,46fbd949956cbfc8506302725a42849b6441f460
ms-mode/crates/tetra-pdus/src/umac/pdus/mac_frag_ul.rs,identical,100644,blob,6dd564955f2c6f318ad51855279679c9ace8bf1e,100644,blob,6dd564955f2c6f318ad51855279679c9ace8bf1e
ms-mode/crates/tetra-pdus/src/umac/pdus/mac_resource.rs,identical,100644,blob,a2cb98c0ad84fe4c8ddd96acf1f86681b82da7fe,100644,blob,a2cb98c0ad84fe4c8ddd96acf1f86681b82da7fe
ms-mode/crates/tetra-pdus/src/umac/pdus/mac_sync.rs,identical,100644,blob,d982f892aec163e46acd232d87089d3e9cef22f3,100644,blob,d982f892aec163e46acd232d87089d3e9cef22f3
ms-mode/crates/tetra-pdus/src/umac/pdus/mac_sysinfo.rs,identical,100644,blob,8915e76d9bcf1ffaa9257884566c32b26ac29248,100644,blob,8915e76d9bcf1ffaa9257884566c32b26ac29248
ms-mode/crates/tetra-pdus/src/umac/pdus/mac_u_blck.rs,identical,100644,blob,8aad337007c8b65daea5fdfb9c7b95b2451df9ea,100644,blob,8aad337007c8b65daea5fdfb9c7b95b2451df9ea
ms-mode/crates/tetra-pdus/src/umac/pdus/mac_u_signal.rs,identical,100644,blob,20d37b0bdf8e5e8be1423fbeb35d1f3237b4c59c,100644,blob,20d37b0bdf8e5e8be1423fbeb35d1f3237b4c59c
ms-mode/crates/tetra-pdus/src/umac/pdus/mod.rs,identical,100644,blob,45ce50862fea658f53298c8dbf65c85fa0536fef,100644,blob,45ce50862fea658f53298c8dbf65c85fa0536fef
ms-mode/crates/tetra-pdus/src/umac/structs/mod.rs,identical,100644,blob,3a291329a7e533452580058a0b62f34852bca346,100644,blob,3a291329a7e533452580058a0b62f34852bca346
ms-mode/crates/tetra-pdus/src/umac/structs/umac_circuit.rs,identical,100644,blob,8a60828b51f6f1332f60cbdfce9ac66379515cb2,100644,blob,8a60828b51f6f1332f60cbdfce9ac66379515cb2
ms-mode/crates/tetra-saps/Cargo.toml,identical,100644,blob,8d21e7991446b1536f4b6bc0d1f795d41e83c079,100644,blob,8d21e7991446b1536f4b6bc0d1f795d41e83c079
ms-mode/crates/tetra-saps/src/control/brew.rs,identical,100644,blob,9c6ae5324f80287308f772752af7067fe7ab698d,100644,blob,9c6ae5324f80287308f772752af7067fe7ab698d
ms-mode/crates/tetra-saps/src/control/call_control.rs,identical,100644,blob,a1e1419375fe7f0b70d92df291558a4ce1cfcf42,100644,blob,a1e1419375fe7f0b70d92df291558a4ce1cfcf42
ms-mode/crates/tetra-saps/src/control/enums/circuit_mode_type.rs,identical,100644,blob,4bab4049ceadcf0835087260d85d2ba20c862b6f,100644,blob,4bab4049ceadcf0835087260d85d2ba20c862b6f
ms-mode/crates/tetra-saps/src/control/enums/communication_type.rs,identical,100644,blob,20a9aa6005e70f3ca8503f78d3754e4950fd313b,100644,blob,20a9aa6005e70f3ca8503f78d3754e4950fd313b
ms-mode/crates/tetra-saps/src/control/enums/mod.rs,identical,100644,blob,638eeb619dfb5d9fda9196ea4ff54d16df07e711,100644,blob,638eeb619dfb5d9fda9196ea4ff54d16df07e711
ms-mode/crates/tetra-saps/src/control/enums/sds_user_data.rs,identical,100644,blob,7dd74d31088d4ec939146a38c3326e20a0371ad5,100644,blob,7dd74d31088d4ec939146a38c3326e20a0371ad5
ms-mode/crates/tetra-saps/src/control/mod.rs,identical,100644,blob,4e08f958523f437b79c6448e666229e677360558,100644,blob,4e08f958523f437b79c6448e666229e677360558
ms-mode/crates/tetra-saps/src/control/sds.rs,identical,100644,blob,31bead84a0c33123e6a4e864ff217443265b3692,100644,blob,31bead84a0c33123e6a4e864ff217443265b3692
ms-mode/crates/tetra-saps/src/lcmc/enums/alloc_type.rs,identical,100644,blob,b5665f0b556f093cf059a24d2bb82fb68703859b,100644,blob,b5665f0b556f093cf059a24d2bb82fb68703859b
ms-mode/crates/tetra-saps/src/lcmc/enums/mod.rs,identical,100644,blob,2c31de51f2ae6c57fab312e630568e050cd90bed,100644,blob,2c31de51f2ae6c57fab312e630568e050cd90bed
ms-mode/crates/tetra-saps/src/lcmc/enums/ul_dl_assignment.rs,identical,100644,blob,23b927144bd675bf84e6bfbcb0e1f37c17e8b37f,100644,blob,23b927144bd675bf84e6bfbcb0e1f37c17e8b37f
ms-mode/crates/tetra-saps/src/lcmc/fields/chan_alloc_req.rs,identical,100644,blob,357cb47bcfb02b88ab8bef14add1e7db4f9ffdff,100644,blob,357cb47bcfb02b88ab8bef14add1e7db4f9ffdff
ms-mode/crates/tetra-saps/src/lcmc/fields/mod.rs,identical,100644,blob,b1c03e52f89887174e9b0f367d3e4c620078cb30,100644,blob,b1c03e52f89887174e9b0f367d3e4c620078cb30
ms-mode/crates/tetra-saps/src/lcmc/mod.rs,identical,100644,blob,78af4246bab1549d7117fe90322da37d672955de,100644,blob,78af4246bab1549d7117fe90322da37d672955de
ms-mode/crates/tetra-saps/src/lib.rs,identical,100644,blob,b1218816e6414d3fffd6fc8a6ac726a6c562596f,100644,blob,b1218816e6414d3fffd6fc8a6ac726a6c562596f
ms-mode/crates/tetra-saps/src/lmm/mod.rs,identical,100644,blob,100cc0c076b0d01affd6fbe7282c9757f6389c84,100644,blob,100cc0c076b0d01affd6fbe7282c9757f6389c84
ms-mode/crates/tetra-saps/src/ltpd/mod.rs,identical,100644,blob,1db6aa87d0266b7f9afbbbf547e80270dfe53a05,100644,blob,1db6aa87d0266b7f9afbbbf547e80270dfe53a05
ms-mode/crates/tetra-saps/src/sapmsg.rs,identical,100644,blob,300adb39009d060ed9d3308fd5472d2f1377f117,100644,blob,300adb39009d060ed9d3308fd5472d2f1377f117
ms-mode/crates/tetra-saps/src/tla/mod.rs,identical,100644,blob,659adbd5935ca1a4ef860723d75f84287ab80ae6,100644,blob,659adbd5935ca1a4ef860723d75f84287ab80ae6
ms-mode/crates/tetra-saps/src/tle/mod.rs,identical,100644,blob,0329122d43568dfc56212952d7f37b61d874357d,100644,blob,0329122d43568dfc56212952d7f37b61d874357d
ms-mode/crates/tetra-saps/src/tlmb/mod.rs,identical,100644,blob,c126b296f60a95b4e3e7c92041a0b4f74e86c67b,100644,blob,c126b296f60a95b4e3e7c92041a0b4f74e86c67b
ms-mode/crates/tetra-saps/src/tlmc/mod.rs,identical,100644,blob,effded46615275232ee5c01a4b77e63347b8da80,100644,blob,effded46615275232ee5c01a4b77e63347b8da80
ms-mode/crates/tetra-saps/src/tma/mod.rs,identical,100644,blob,b205b8b41397be9d4b4d08b4ac72d9ec3779535a,100644,blob,b205b8b41397be9d4b4d08b4ac72d9ec3779535a
ms-mode/crates/tetra-saps/src/tmd/mod.rs,identical,100644,blob,64e9c8322ad9c6d022a031acac83d8ac9fcb32cd,100644,blob,64e9c8322ad9c6d022a031acac83d8ac9fcb32cd
ms-mode/crates/tetra-saps/src/tmv/enums/logical_chans.rs,identical,100644,blob,8b1c4b34280a33b7854c06fa2a2906ebacd79a54,100644,blob,8b1c4b34280a33b7854c06fa2a2906ebacd79a54
ms-mode/crates/tetra-saps/src/tmv/enums/mod.rs,identical,100644,blob,988344acd1c8144a5fa9ed3f199d2f40119be808,100644,blob,988344acd1c8144a5fa9ed3f199d2f40119be808
ms-mode/crates/tetra-saps/src/tmv/mod.rs,identical,100644,blob,0edc59732d667212e3536617fb64a2cac60fb87c,100644,blob,0edc59732d667212e3536617fb64a2cac60fb87c
ms-mode/crates/tetra-saps/src/tncc/mod.rs,identical,100644,blob,092d1cb317843a0be2f7c10903139143ea46da9c,100644,blob,092d1cb317843a0be2f7c10903139143ea46da9c
ms-mode/crates/tetra-saps/src/tnmm/mod.rs,identical,100644,blob,c5310b1bd5aa5dce977731fef8235d500d23984c,100644,blob,c5310b1bd5aa5dce977731fef8235d500d23984c
ms-mode/crates/tetra-saps/src/tnsds/mod.rs,identical,100644,blob,0e3f6f5a8687aa9a87cd51f4354a0492b2a840b9,100644,blob,0e3f6f5a8687aa9a87cd51f4354a0492b2a840b9
ms-mode/crates/tetra-saps/src/tp/mod.rs,identical,100644,blob,395f9062127f8b6c8cea1ac22d715e29e0faa5ef,100644,blob,395f9062127f8b6c8cea1ac22d715e29e0faa5ef
ms-mode/crates/tetra-saps/src/tpc/mod.rs,identical,100644,blob,39dd9084c99d0c7177ed02f2ba4e9f5dcde68e69,100644,blob,39dd9084c99d0c7177ed02f2ba4e9f5dcde68e69
ms-mode/docs/MS_CONFIG.md,identical,100644,blob,7ec5849f221bce64615b54ee4958f2ab9932b9d5,100644,blob,7ec5849f221bce64615b54ee4958f2ab9932b9d5
ms-mode/docs/MS_GETTING_STARTED.md,identical,100644,blob,913ec6eeac078582ab4744bbb7872c6a131961be,100644,blob,913ec6eeac078582ab4744bbb7872c6a131961be
ms-mode/docs/MS_MODE.md,identical,100644,blob,a1bc033676d1ff4be68b8592bce04bc7861d75bb,100644,blob,a1bc033676d1ff4be68b8592bce04bc7861d75bb
ms-mode/example_config/bluestation-ms-supervisor.sh,identical,100644,blob,7445073a97d0e853cef5752241094a02f8d8bc2d,100644,blob,7445073a97d0e853cef5752241094a02f8d8bc2d
ms-mode/example_config/bluestation-ms-ui.service,identical,100644,blob,a50c32e5bbdf50db7beb02a18571e60cb5455201,100644,blob,a50c32e5bbdf50db7beb02a18571e60cb5455201
ms-mode/example_config/bluestation-ms.service,identical,100644,blob,50bc61eea8951184c2304f3ef9fb3380fa480ebd,100644,blob,50bc61eea8951184c2304f3ef9fb3380fa480ebd
ms-mode/example_config/config-ms.toml,identical,100644,blob,d62f91b5974c7bffc091ab0f4f0dc1deb431f6f3,100644,blob,d62f91b5974c7bffc091ab0f4f0dc1deb431f6f3
ms-mode/example_trace.txt,identical,100644,blob,2b84b6f205dfa04c92955734f627239b53474dcb,100644,blob,2b84b6f205dfa04c92955734f627239b53474dcb
ms-mode/examples/ms-interface/README.md,identical,100644,blob,32abd4863704aff13aa40378d6817e3f823556bf,100644,blob,32abd4863704aff13aa40378d6817e3f823556bf
ms-mode/examples/ms-interface/reference-client.py,identical,100644,blob,f1e9df28655caa3c75a044ce37721e157e234a25,100644,blob,f1e9df28655caa3c75a044ce37721e157e234a25
ms-mode/figs/osi_layering,identical,100644,blob,ed33035ba2110acf2dfac840b5759a60b08611c4,100644,blob,ed33035ba2110acf2dfac840b5759a60b08611c4
ms-mode/figs/osi_layering.png,identical,100644,blob,685fecfa5f406865ff024387e0e281d1f402f729,100644,blob,685fecfa5f406865ff024387e0e281d1f402f729
ms-mode/rustfmt.toml,identical,100644,blob,a63ff0ccdae2f9daf126a81ec1888383e58241fa,100644,blob,a63ff0ccdae2f9daf126a81ec1888383e58241fa
rustfmt.toml,identical,100644,blob,375b5b082f92b8f3ae67ddb00d51b6da315a3549,100644,blob,375b5b082f92b8f3ae67ddb00d51b6da315a3549
sds_log.json,identical,100644,blob,ee5f6fb62e2cc24b009ae136e8ad181db5bc5722,100644,blob,ee5f6fb62e2cc24b009ae136e8ad181db5bc5722
sxxcvr-main/.gitignore,identical,100644,blob,41414649c34259d519ba03e1b2ed9565eb548317,100644,blob,41414649c34259d519ba03e1b2ed9565eb548317
sxxcvr-main/LICENSE,identical,100644,blob,8ce81b6cac85f838aea1a502680389b118afed71,100644,blob,8ce81b6cac85f838aea1a502680389b118afed71
sxxcvr-main/README.md,identical,100644,blob,1871c1a6d94adcaeacf8513a44515df2418e0f51,100644,blob,1871c1a6d94adcaeacf8513a44515df2418e0f51
sxxcvr-main/SoapySX/60-pipewire-do-not-use-i2s.lua,identical,100644,blob,79d63149a16c595dbde5953deb7fdc1176a24236,100644,blob,79d63149a16c595dbde5953deb7fdc1176a24236
sxxcvr-main/SoapySX/CMakeLists.txt,identical,100644,blob,3b56ad4f4e2ad750b9490a7bb1895fc6e95d529c,100644,blob,3b56ad4f4e2ad750b9490a7bb1895fc6e95d529c
sxxcvr-main/SoapySX/SoapySX.cpp,identical,100644,blob,7102014714bab6797a6e2a9c9e6f8bec75d398ac,100644,blob,7102014714bab6797a6e2a9c9e6f8bec75d398ac
sxxcvr-main/SoapySX/test/README.md,identical,100644,blob,3a1f9b99bc402ed919f3d490c9b01d436a521266,100644,blob,3a1f9b99bc402ed919f3d490c9b01d436a521266
sxxcvr-main/SoapySX/test/test.py,identical,100644,blob,9a1587e21624d6193639e1605b6c3231987ca1d3,100644,blob,9a1587e21624d6193639e1605b6c3231987ca1d3
sxxcvr-main/SoapySX/test/test_gains.py,identical,100644,blob,8543e33b4819b03df7b544cd4820204c6d4e28a0,100644,blob,8543e33b4819b03df7b544cd4820204c6d4e28a0
sxxcvr-main/SoapySX/test/test_linked_streams.py,identical,100644,blob,84b6601e28697a4e793ee23469b004099bb57cca,100644,blob,84b6601e28697a4e793ee23469b004099bb57cca
sxxcvr-main/SoapySX/test/test_timestamps.py,identical,100644,blob,9aabef694e67bbc18e428b242900e894d77f0146,100644,blob,9aabef694e67bbc18e428b242900e894d77f0146
sxxcvr-main/SoapySX/version.sh,identical,100644,blob,d17001ca16b9c20f25922d0bb9277d7ce0ff0b55,100644,blob,d17001ca16b9c20f25922d0bb9277d7ce0ff0b55
sxxcvr-main/dts/Makefile,identical,100644,blob,d19151a17302bea4be05c53c1b64f12bb6714231,100644,blob,d19151a17302bea4be05c53c1b64f12bb6714231
sxxcvr-main/dts/README.md,identical,100644,blob,f26c1bca00d5620748d0dfe7be0ce65b20fdbb9e,100644,blob,f26c1bca00d5620748d0dfe7be0ce65b20fdbb9e
sxxcvr-main/dts/sx1255_raspberrypi.dts,identical,100644,blob,1775e48b0566cdcee258f63765a5cef42880fb63,100644,blob,1775e48b0566cdcee258f63765a5cef42880fb63
sxxcvr-main/dts/verify_eeprom.sh,identical,100644,blob,180936ac1af4433d5ce6f0b924ed1a8f99cc003c,100644,blob,180936ac1af4433d5ce6f0b924ed1a8f99cc003c
sxxcvr-main/example/linear_repeater.py,identical,100644,blob,f06392bc958811d28721d412b8137555bfa49b14,100644,blob,f06392bc958811d28721d412b8137555bfa49b14
sxxcvr-main/example/plot_rxtx_response.py,identical,100644,blob,f0731b367002f49259e1da9dba5b552d0e66942a,100644,blob,f0731b367002f49259e1da9dba5b552d0e66942a
sxxcvr-main/example/tx_test.py,identical,100644,blob,06f705ee2d89aebd6c2d2f3b3fffe78c84ec7fbb,100644,blob,06f705ee2d89aebd6c2d2f3b3fffe78c84ec7fbb
system-backend/README.md,identical,100644,blob,42b56355a540b5082b128f3c3d302cbfb66e2734,100644,blob,42b56355a540b5082b128f3c3d302cbfb66e2734
system-backend/alarm-workflow/README.md,identical,100644,blob,88074af61fa0593bc62cef9d2a1cf28d6a9d7688,100644,blob,88074af61fa0593bc62cef9d2a1cf28d6a9d7688
system-backend/alarm-workflow/config/alarm-workflow.example.toml,identical,100644,blob,f722d77b29549a895fc9900f5544986927f08205,100644,blob,f722d77b29549a895fc9900f5544986927f08205
system-backend/alarm-workflow/docs/architecture.md,identical,100644,blob,964993ee4f294e700215f1760c1e67efcce710ec,100644,blob,964993ee4f294e700215f1760c1e67efcce710ec
system-backend/alarm-workflow/install/configure-openlab.sh,identical,100644,blob,95f2e487e81f71f1d12cc81e8d6c44c0752298b5,100644,blob,95f2e487e81f71f1d12cc81e8d6c44c0752298b5
system-backend/alarm-workflow/install/install.sh,identical,100644,blob,4fb0baebccdcf455cc72d7cda2ba58e565b7aa0e,100644,blob,4fb0baebccdcf455cc72d7cda2ba58e565b7aa0e
system-backend/alarm-workflow/install/uninstall.sh,identical,100644,blob,7adf86da68014b0fd2773e8b1b74839eb039370b,100644,blob,7adf86da68014b0fd2773e8b1b74839eb039370b
system-backend/alarm-workflow/install/update.sh,identical,100644,blob,ff6216644a6a92665b2aae7177b8e51c2ed1fd5e,100644,blob,ff6216644a6a92665b2aae7177b8e51c2ed1fd5e
system-backend/alarm-workflow/src/netcore_alarm_workflow.py,different,100644,blob,5d41d1d06c2937533d5cb7d2b45a835a78a1a4a8,100644,blob,44daa581297d3a3b575eae4d43369c05a6f7ff08
system-backend/alarm-workflow/src/netcore_alarm_workflow_launcher.py,identical,100644,blob,7ddb339ae8e9dae4da3e80f6b705a11207db4a02,100644,blob,7ddb339ae8e9dae4da3e80f6b705a11207db4a02
system-backend/alarm-workflow/systemd/netcore-alarm-workflow.service,identical,100644,blob,c333e5b54651b5b3bc10ca607469e7ec1a467850,100644,blob,c333e5b54651b5b3bc10ca607469e7ec1a467850
system-backend/alarm-workflow/tests/open_lab_smoke.md,identical,100644,blob,244b79caf7968a57204cf40966c193a28e54c5b0,100644,blob,244b79caf7968a57204cf40966c193a28e54c5b0
system-backend/alarm-workflow/web-ui/index.html,different,100644,blob,21018a5cfce33fb6d56861e75207d369ad091f63,100644,blob,03010ee8c1aec70736c8cdc5f63593862d4cf6c6
system-backend/alert-service/.gitignore,identical,100644,blob,69180b441378b85dacae35bf9c9bf86feec818c7,100644,blob,69180b441378b85dacae35bf9c9bf86feec818c7
system-backend/alert-service/README.md,identical,100644,blob,00ffc703ed4f4e02527fb0beae617fc068c32bb4,100644,blob,00ffc703ed4f4e02527fb0beae617fc068c32bb4
system-backend/alert-service/config/alert-service.example.toml,identical,100644,blob,a126c4da31f7325236ca7bd359a0aee9ecbfec0d,100644,blob,a126c4da31f7325236ca7bd359a0aee9ecbfec0d
system-backend/alert-service/geometry.py,identical,100644,blob,8f76cc4c06d2d8b3479609fdd8d02bf67a40f4b5,100644,blob,8f76cc4c06d2d8b3479609fdd8d02bf67a40f4b5
system-backend/alert-service/install/deploy.sh,identical,100644,blob,c190c964667f8a3fa9f4a5fe143618d4cb21fab3,100644,blob,c190c964667f8a3fa9f4a5fe143618d4cb21fab3
system-backend/alert-service/install/install.sh,identical,100644,blob,dda463641e743449f6617fd9ccbfc952782dfe70,100644,blob,dda463641e743449f6617fd9ccbfc952782dfe70
system-backend/alert-service/install/update.sh,identical,100644,blob,790862d0657034acf36bcd58ceae618aa896da8f,100644,blob,790862d0657034acf36bcd58ceae618aa896da8f
system-backend/alert-service/main.py,identical,100644,blob,00329bf4cd4fcbf4dad22c9e5c2a8d5a5d431e49,100644,blob,00329bf4cd4fcbf4dad22c9e5c2a8d5a5d431e49
system-backend/alert-service/nina.py,identical,100644,blob,2dfe88215875ee9020a364e8b9d8b19e8331810b,100644,blob,2dfe88215875ee9020a364e8b9d8b19e8331810b
system-backend/alert-service/service.py,identical,100644,blob,c52dcde13aa207a5536c5c0f8ea0ad4242f00f92,100644,blob,c52dcde13aa207a5536c5c0f8ea0ad4242f00f92
system-backend/alert-service/static/app.js,different,100644,blob,e77242d57f5db7fa14343fe07424606c386462d1,100644,blob,45cc3a1f83d935ca2a2fdfe33b4f86cd93d29711
system-backend/alert-service/static/index.html,different,100644,blob,a7108199fca6d42d00e7234ff45cd362d7e59725,100644,blob,5df80658c9bb4d04e7c4ec0503f1d57601c34652
system-backend/alert-service/static/service-design.js,main_only,100644,blob,8295a627a4242d0b6d600c5b3cc5c2a89c225910,,,
system-backend/alert-service/static/service-theme-init.js,main_only,100644,blob,cd7ccedd096bad677166770b1d3fcc4ccc76d243,,,
system-backend/alert-service/static/style.css,different,100644,blob,b578e8a2bffeff5a20a9d6977f232acabacf4f09,100644,blob,b74e313e5be118b40b63921e0c9f791f4ba1b433
system-backend/alert-service/static/vendor/LEAFLET-LICENSE.txt,identical,100644,blob,7b41f200abdd81dd7bb3bb496dff45aa4028e342,100644,blob,7b41f200abdd81dd7bb3bb496dff45aa4028e342
system-backend/alert-service/static/vendor/leaflet.css,identical,100644,blob,9ade8dc49bc5ff4d2c8772f00d8d7933b520f710,100644,blob,9ade8dc49bc5ff4d2c8772f00d8d7933b520f710
system-backend/alert-service/static/vendor/leaflet.js,identical,100644,blob,a3bf693d0fcaff885cc5f21b3a699aaa567b3533,100644,blob,a3bf693d0fcaff885cc5f21b3a699aaa567b3533
system-backend/alert-service/store.py,identical,100644,blob,ebbd2c8484bfd366c558e6e7c7951a71d83cbbb6,100644,blob,ebbd2c8484bfd366c558e6e7c7951a71d83cbbb6
system-backend/alert-service/systemd/netcore-alert-service.service,identical,100644,blob,cfe91e2f85b6cb5c4ed7396e43359c9d6e9b0c44,100644,blob,cfe91e2f85b6cb5c4ed7396e43359c9d6e9b0c44
system-backend/alert-service/tests/integration_control_room.py,identical,100644,blob,0a4ac4d5c19fea6ef88360f28a3750cd42cd888d,100644,blob,0a4ac4d5c19fea6ef88360f28a3750cd42cd888d
system-backend/alert-service/tests/integration_router.py,identical,100644,blob,937d105996032ac16f23a7fc0bcf5ab448e69105,100644,blob,937d105996032ac16f23a7fc0bcf5ab448e69105
system-backend/alert-service/tests/test_device_overview_ui.cjs,identical,100644,blob,b3678aa59d5e36ed3db93d95f5cbf671870506b3,100644,blob,b3678aa59d5e36ed3db93d95f5cbf671870506b3
system-backend/alert-service/tests/test_geometry.py,identical,100644,blob,8d9db5ae062a56360361744a4407ea9371594bca,100644,blob,8d9db5ae062a56360361744a4407ea9371594bca
system-backend/alert-service/tests/test_http.py,identical,100644,blob,e934ebd71f3ff30e157c67f3ba57623804cf07ec,100644,blob,e934ebd71f3ff30e157c67f3ba57623804cf07ec
system-backend/alert-service/tests/test_install.py,identical,100644,blob,7936a84feadf58c3259e9556e45e9840b048b4d7,100644,blob,7936a84feadf58c3259e9556e45e9840b048b4d7
system-backend/alert-service/tests/test_manual_alert_ui.cjs,identical,100644,blob,7456cc3c212d7562022765b622af4b2b0726c60a,100644,blob,7456cc3c212d7562022765b622af4b2b0726c60a
system-backend/alert-service/tests/test_nina.py,identical,100644,blob,973139a0861234aec338d9607a5af034b75f727c,100644,blob,973139a0861234aec338d9607a5af034b75f727c
system-backend/alert-service/tests/test_service.py,identical,100644,blob,6ebdb6665bc85db00df13af817f3f26de3ec1885,100644,blob,6ebdb6665bc85db00df13af817f3f26de3ec1885
system-backend/application-gateway/Cargo.toml,identical,100644,blob,92de4ced5d79743b32ae7a68647c9eaab3a57e81,100644,blob,92de4ced5d79743b32ae7a68647c9eaab3a57e81
system-backend/application-gateway/README.md,identical,100644,blob,eaad92c695e2367868d22b42e7118e05511e99c9,100644,blob,eaad92c695e2367868d22b42e7118e05511e99c9
system-backend/application-gateway/config/application-gateway.example.toml,identical,100644,blob,8b647018a7b29370bf783e370b69a08b237b298b,100644,blob,8b647018a7b29370bf783e370b69a08b237b298b
system-backend/application-gateway/docs/architecture.md,identical,100644,blob,94c7f87cec9cacb7d9a917a899e752c153396375,100644,blob,94c7f87cec9cacb7d9a917a899e752c153396375
system-backend/application-gateway/docs/connector-contract.md,identical,100644,blob,9165727202c00cd5ba6c7d5bcbb22d7acac1bdd4,100644,blob,9165727202c00cd5ba6c7d5bcbb22d7acac1bdd4
system-backend/application-gateway/docs/lxc-deployment.md,identical,100644,blob,258ff24f4843a4e5badb50e67a93c47c297f50c2,100644,blob,258ff24f4843a4e5badb50e67a93c47c297f50c2
system-backend/application-gateway/docs/migration-from-tbs.md,identical,100644,blob,688d1b03e6cebc5346d13dc5761a4fec452f9a55,100644,blob,688d1b03e6cebc5346d13dc5761a4fec452f9a55
system-backend/application-gateway/docs/open-lab-mode.md,identical,100644,blob,177526019f0602820b58a502653d6c83b9838d3b,100644,blob,177526019f0602820b58a502653d6c83b9838d3b
system-backend/application-gateway/install/install.sh,identical,100644,blob,8c54899084888eb6be9ffdc1b82d6fd639802456,100644,blob,8c54899084888eb6be9ffdc1b82d6fd639802456
system-backend/application-gateway/install/uninstall.sh,identical,100644,blob,460bc40070ed1c96284ebac357e7f605be404c8e,100644,blob,460bc40070ed1c96284ebac357e7f605be404c8e
system-backend/application-gateway/install/update.sh,identical,100644,blob,19414930779145bf2e7884924db5283de7f20aae,100644,blob,19414930779145bf2e7884924db5283de7f20aae
system-backend/application-gateway/src/config.rs,identical,100644,blob,0c3d96eed5a5a1ed33f26e059273b78b8932855a,100644,blob,0c3d96eed5a5a1ed33f26e059273b78b8932855a
system-backend/application-gateway/src/http.rs,different,100644,blob,04ce8b22d1b76c333551c1e8df36b3552e07f084,100644,blob,652c960b7c2c9adafab9cf054a3c2d1779185d7c
system-backend/application-gateway/src/main.rs,identical,100644,blob,4312726315b2b5f25011bae1c668f2c2c94956f7,100644,blob,4312726315b2b5f25011bae1c668f2c2c94956f7
system-backend/application-gateway/src/model.rs,identical,100644,blob,365864fa5f39efe369c1ef9e46278f2169a0ddf7,100644,blob,365864fa5f39efe369c1ef9e46278f2169a0ddf7
system-backend/application-gateway/src/state.rs,identical,100644,blob,14764af2cb107c3813b1cfe041bd579185b8b90e,100644,blob,14764af2cb107c3813b1cfe041bd579185b8b90e
system-backend/application-gateway/src/worker.rs,identical,100644,blob,88eff16f3e8a5e47b1eab7f5dbd36fc256edc0d4,100644,blob,88eff16f3e8a5e47b1eab7f5dbd36fc256edc0d4
system-backend/application-gateway/systemd/netcore-application-gateway.service,identical,100644,blob,0dd2e3222c73270ae01b9ba9ead97db28cfd8db6,100644,blob,0dd2e3222c73270ae01b9ba9ead97db28cfd8db6
system-backend/application-gateway/tests/__pycache__/application_gateway_reference.cpython-313.pyc,identical,100644,blob,1edd37f4e5ddf521462cfdf770e8f05d32f2a274,100644,blob,1edd37f4e5ddf521462cfdf770e8f05d32f2a274
system-backend/application-gateway/tests/application_gateway_reference.py,identical,100644,blob,dd37e726a02a1d2b3a5cf39aeb3ad8790b8b380b,100644,blob,dd37e726a02a1d2b3a5cf39aeb3ad8790b8b380b
system-backend/application-gateway/web-ui/index.html,main_only,100644,blob,63748e48bd857322acb7fea7a764bf8fb874c764,,,
system-backend/asset-management/README.md,identical,100644,blob,788113db58934b0327f20ead4f55d479de9ef004,100644,blob,788113db58934b0327f20ead4f55d479de9ef004
system-backend/asset-management/config/asset-management.example.toml,identical,100644,blob,4574d55cd9c274551a53ed60098ff8d837eb8f7f,100644,blob,4574d55cd9c274551a53ed60098ff8d837eb8f7f
system-backend/asset-management/docs/architecture.md,identical,100644,blob,7db0770014895fe6cdc88c03df86f7d04c3448f2,100644,blob,7db0770014895fe6cdc88c03df86f7d04c3448f2
system-backend/asset-management/install/configure-openlab.sh,identical,100644,blob,6a4f5a3b3ad8f8cd0d553362ecb5c5659e75db0a,100644,blob,6a4f5a3b3ad8f8cd0d553362ecb5c5659e75db0a
system-backend/asset-management/install/install.sh,identical,100644,blob,31b776398c9e2a4f5de419aa2cba8827c6dc7907,100644,blob,31b776398c9e2a4f5de419aa2cba8827c6dc7907
system-backend/asset-management/install/uninstall.sh,identical,100644,blob,ba8cb47e1d95c6006a81fffe7968b59ec44366d9,100644,blob,ba8cb47e1d95c6006a81fffe7968b59ec44366d9
system-backend/asset-management/install/update.sh,identical,100644,blob,67d11d30ef6fca010ffb8e519bf337035b41a730,100644,blob,67d11d30ef6fca010ffb8e519bf337035b41a730
system-backend/asset-management/src/netcore_asset_management.py,different,100644,blob,8c6ebe79d9bd9d5c2918732c6988333780449488,100644,blob,51f290fde786baa0982865f8ef981c14dc58367a
system-backend/asset-management/systemd/netcore-asset-management.service,identical,100644,blob,5b5128be4b86a61adc0028aa941ea04f2c910564,100644,blob,5b5128be4b86a61adc0028aa941ea04f2c910564
system-backend/asset-management/tests/open_lab_smoke.md,identical,100644,blob,4ad82548fefa328c8b8c11182625661496a0e9fa,100644,blob,4ad82548fefa328c8b8c11182625661496a0e9fa
system-backend/asset-management/web-ui/index.html,main_only,100644,blob,68972a83e6eefe225258bb01b09fe002f451b768,,,
system-backend/call-control/Cargo.toml,identical,100644,blob,3b0a48b1470d13203d98eb66680fc38071ee1e3a,100644,blob,3b0a48b1470d13203d98eb66680fc38071ee1e3a
system-backend/call-control/README.md,identical,100644,blob,5b8d391a6e7e471f1d05c356487a498081db1ef9,100644,blob,5b8d391a6e7e471f1d05c356487a498081db1ef9
system-backend/call-control/config/call-control.example.toml,identical,100644,blob,163365b34902c309e191d67ddacc151c2b619ab2,100644,blob,163365b34902c309e191d67ddacc151c2b619ab2
system-backend/call-control/docs/call-model.md,identical,100644,blob,efc6d87a558720300a50ef9016bbf9e817146d36,100644,blob,efc6d87a558720300a50ef9016bbf9e817146d36
system-backend/call-control/docs/call-restore.md,identical,100644,blob,cad9a7a0085037ce2810ec0a6b8e944eb9ed31b7,100644,blob,cad9a7a0085037ce2810ec0a6b8e944eb9ed31b7
system-backend/call-control/docs/floor-control.md,identical,100644,blob,075a35a6e2dffbd64e4bb45b0b89f48689149753,100644,blob,075a35a6e2dffbd64e4bb45b0b89f48689149753
system-backend/call-control/docs/lxc-deployment.md,identical,100644,blob,6950881f13028eae0be2701c8c4fda506dd3ceca,100644,blob,6950881f13028eae0be2701c8c4fda506dd3ceca
system-backend/call-control/docs/open-lab-mode.md,identical,100644,blob,9196d86b324240f9bf7f07b8b93bbb2f8ef0043e,100644,blob,9196d86b324240f9bf7f07b8b93bbb2f8ef0043e
system-backend/call-control/install/install.sh,identical,100644,blob,46fa8c5f2e76043827320d65f938b83b9fe461b9,100644,blob,46fa8c5f2e76043827320d65f938b83b9fe461b9
system-backend/call-control/install/uninstall.sh,identical,100644,blob,bfc3afc1aac10b301d4b1d6f32d8257dcf17877f,100644,blob,bfc3afc1aac10b301d4b1d6f32d8257dcf17877f
system-backend/call-control/install/update.sh,identical,100755,blob,550a7ab40990b8dc124ab7aadd2da2f0bcc4e785,100755,blob,550a7ab40990b8dc124ab7aadd2da2f0bcc4e785
system-backend/call-control/src/config.rs,identical,100644,blob,57292b6a6c0c90764adc4322243bc084627bcc3a,100644,blob,57292b6a6c0c90764adc4322243bc084627bcc3a
system-backend/call-control/src/gateway.rs,identical,100644,blob,8f63bb5c91b8b0b4c73e81d5612bb3b4e873ad6e,100644,blob,8f63bb5c91b8b0b4c73e81d5612bb3b4e873ad6e
system-backend/call-control/src/http.rs,different,100644,blob,ba3ed573c8f717921f724a01f874e1d15d05a947,100644,blob,9b8a7749fac3b679d84a12a9342d5d957e1076ff
system-backend/call-control/src/main.rs,identical,100644,blob,0d8605f6c5ed08caeb1883be196dddd846239d6d,100644,blob,0d8605f6c5ed08caeb1883be196dddd846239d6d
system-backend/call-control/src/media_ws.rs,identical,100644,blob,5de13accfc21196e6cb320bf8b2e20bd4a99a308,100644,blob,5de13accfc21196e6cb320bf8b2e20bd4a99a308
system-backend/call-control/src/protocol.rs,identical,100644,blob,a545dc602388767c9051014d6410cbfd3f654935,100644,blob,a545dc602388767c9051014d6410cbfd3f654935
system-backend/call-control/src/state.rs,identical,100644,blob,f7641d4fe23e4e20e5a51f49f5ee0e7eaf90d131,100644,blob,f7641d4fe23e4e20e5a51f49f5ee0e7eaf90d131
system-backend/call-control/systemd/netcore-call-control.service,identical,100644,blob,8d8416a5e6e44bf1fc29dad9c9d490e0e7be0894,100644,blob,8d8416a5e6e44bf1fc29dad9c9d490e0e7be0894
system-backend/call-control/tests/open_lab_api_examples.md,identical,100644,blob,215f1ad8d1398f70061e9c9c4dc3303168570c94,100644,blob,215f1ad8d1398f70061e9c9c4dc3303168570c94
system-backend/call-control/web-ui/index.html,main_only,100644,blob,3d0c9d44b554e50e63676aa936599a6bef09bd6d,,,
system-backend/control-room/Readme.md,identical,100644,blob,94b49729c05c3f307a70a4b61016ba0e2e4c99bf,100644,blob,94b49729c05c3f307a70a4b61016ba0e2e4c99bf
system-backend/control-room/config/control-room.example.toml,identical,100644,blob,d8f9e74505ef6445a53904b5840f8a273291be16,100644,blob,d8f9e74505ef6445a53904b5840f8a273291be16
system-backend/control-room/config/operator-ui.example.toml,identical,100644,blob,f48fa6b635209b81e58308a7046589c8f662c3ec,100644,blob,f48fa6b635209b81e58308a7046589c8f662c3ec
system-backend/control-room/config/operator.example.toml,identical,100644,blob,7a328607bc8ebc143e6c7b0ac5f5f37618946a92,100644,blob,7a328607bc8ebc143e6c7b0ac5f5f37618946a92
system-backend/control-room/docs/architecture.md,identical,100644,blob,729fa7e852a771ad0de88f442b92f08e118bcc06,100644,blob,729fa7e852a771ad0de88f442b92f08e118bcc06
system-backend/control-room/docs/auth.md,identical,100644,blob,8487df0c3c5588e95ccaabe2d6be04307b9fec06,100644,blob,8487df0c3c5588e95ccaabe2d6be04307b9fec06
system-backend/control-room/docs/lxc-deployment.md,identical,100644,blob,de8dbac8322e7becd5df11b42f928dd20b349b32,100644,blob,de8dbac8322e7becd5df11b42f928dd20b349b32
system-backend/control-room/docs/native-ui.md,identical,100644,blob,b9dc18e74acfee31aa191fcb1eef437e5c642127,100644,blob,b9dc18e74acfee31aa191fcb1eef437e5c642127
system-backend/control-room/docs/open-lab-mode.md,identical,100644,blob,1c0bbfdb0b6dbddfe3f0d48d556bab39337ffb15,100644,blob,1c0bbfdb0b6dbddfe3f0d48d556bab39337ffb15
system-backend/control-room/docs/operator-profiles.md,identical,100644,blob,50d9f89601d52fde162b187fabecdffd1c243b6b,100644,blob,50d9f89601d52fde162b187fabecdffd1c243b6b
system-backend/control-room/install/install.sh,identical,100644,blob,13abf2a269046758aa470b7f75e3ba3ee2e61fb6,100644,blob,13abf2a269046758aa470b7f75e3ba3ee2e61fb6
system-backend/control-room/install/uninstall.sh,identical,100644,blob,1560acf9979216e2f6596c7e505bf936af05cbdb,100644,blob,1560acf9979216e2f6596c7e505bf936af05cbdb
system-backend/control-room/install/update.sh,identical,100644,blob,cb61432f0e7d4c167738a9727d782ca961a1725d,100644,blob,cb61432f0e7d4c167738a9727d782ca961a1725d
system-backend/control-room/netcore_build_commands.md,identical,100644,blob,f1bb94104953cbfe09865237efdd4b83ef6c1e82,100644,blob,f1bb94104953cbfe09865237efdd4b83ef6c1e82
system-backend/control-room/operator/Cargo.toml,identical,100644,blob,00ca3bd157fe05d7f884fff437670eb00c8c1956,100644,blob,00ca3bd157fe05d7f884fff437670eb00c8c1956
system-backend/control-room/operator/README.md,identical,100644,blob,d8adc10a70f10e4248c7049b62432f30609b3a14,100644,blob,d8adc10a70f10e4248c7049b62432f30609b3a14
system-backend/control-room/operator/src/main.rs,identical,100644,blob,7d169c09232de96aa06017266a955298b79551df,100644,blob,7d169c09232de96aa06017266a955298b79551df
system-backend/control-room/schema/sqlite.sql,identical,100644,blob,e62391c7fed56666989775f2e1ecc51be7763b7a,100644,blob,e62391c7fed56666989775f2e1ecc51be7763b7a
system-backend/control-room/systemd/netcore-control-room.env.example,identical,100644,blob,095a1917eb34e031a78d208b526f2112d5cc2066,100644,blob,095a1917eb34e031a78d208b526f2112d5cc2066
system-backend/control-room/systemd/netcore-control-room.service,identical,100644,blob,0489e8ea16fa1c3a1dc7d65ec268fc7fdc7fbac8,100644,blob,0489e8ea16fa1c3a1dc7d65ec268fc7fdc7fbac8
system-backend/control-room/tests/__pycache__/control_room_reference.cpython-313.pyc,identical,100644,blob,405c74c14497a59aaca049ba28623d794b7a2299,100644,blob,405c74c14497a59aaca049ba28623d794b7a2299
system-backend/control-room/tests/control_room_reference.py,identical,100644,blob,e1d75d218795d70186e54ab7cd48a94ccc85f0df,100644,blob,e1d75d218795d70186e54ab7cd48a94ccc85f0df
system-backend/control-room/ui/Cargo.lock,identical,100644,blob,b4373f05d30f21549726046069f429b5f904f6f4,100644,blob,b4373f05d30f21549726046069f429b5f904f6f4
system-backend/control-room/ui/Cargo.toml,identical,100644,blob,1b5ee93897efea51e43ee4240de8f3ca0490bd28,100644,blob,1b5ee93897efea51e43ee4240de8f3ca0490bd28
system-backend/control-room/ui/README.md,identical,100644,blob,7c658911b60ec85d8b2ab11f91d20151137808e8,100644,blob,7c658911b60ec85d8b2ab11f91d20151137808e8
system-backend/control-room/ui/clean-build-ui.cmd.example,identical,100644,blob,0fda85e23c443939f1cc69d0e388a2ac24d1f593,100644,blob,0fda85e23c443939f1cc69d0e388a2ac24d1f593
system-backend/control-room/ui/netcore-control-room-ui.desktop,identical,100644,blob,856f10cfbbcccaf5614d6f255732bf2e3e88818f,100644,blob,856f10cfbbcccaf5614d6f255732bf2e3e88818f
system-backend/control-room/ui/src/main.rs,identical,100644,blob,1a93f5d09487c9499c5782b3725afd0d173c4c79,100644,blob,1a93f5d09487c9499c5782b3725afd0d173c4c79
system-backend/control-room/ui/start-ui.cmd.example,identical,100644,blob,86be33cf6b8d36de9bb4c9bbbb2bee800e0d0174,100644,blob,86be33cf6b8d36de9bb4c9bbbb2bee800e0d0174
system-backend/deployment-core/README.md,historical_only,,,,100644,blob,a3baef078482633940b00377e541084dfad3dc16
system-backend/deployment-core/bindings.py,historical_only,,,,100644,blob,16dacee72aceacabd09730f3c2c9049b21b96c86
system-backend/deployment-core/catalog.json,historical_only,,,,100644,blob,4e03065cc875283fc1f0d1a2496de9b98ae5e7ad
system-backend/deployment-core/common.py,historical_only,,,,100644,blob,6c9acd523ab6dff22ec69e66df440e295a794078
system-backend/deployment-core/config/agent.example.toml,historical_only,,,,100644,blob,3caf76820498b02770a91675fdc1b86a8370e1d5
system-backend/deployment-core/config/deployment.example.toml,historical_only,,,,100644,blob,d190d84172330f65a6644f03958f16a2a19aee24
system-backend/deployment-core/deploy.py,historical_only,,,,100644,blob,0dd0c3d7b26a44e47df1ebf406ee29cf22d59719
system-backend/deployment-core/discovery.py,historical_only,,,,100644,blob,1773a4a96565e6e28a5c42dee7dd42271eda2e1b
system-backend/deployment-core/image/99-netcore-sdr.rules,historical_only,,,,100644,blob,a1e35bd678d79c12c86def26007e8a8edf5e3d11
system-backend/deployment-core/image/build-guest.sh,historical_only,,,,100755,blob,dfd91bf5a7d03111425b7e8a8e4e3580f1846a9f
system-backend/deployment-core/image/check-hardware.py,historical_only,,,,100644,blob,a592ae6a4cc22fb36b9f3557c76f3eb2788c8359
system-backend/deployment-core/image/firstboot.py,historical_only,,,,100644,blob,44ec39b87e381a0555c76d29c44acced2cd3d2b3
system-backend/deployment-core/image/personalize.py,historical_only,,,,100644,blob,c120f15621a1459756be8ec68333c075ca256bfd
system-backend/deployment-core/image/systemd/netcore-firstboot.service,historical_only,,,,100644,blob,345cce2a804f0f31241863c41a4d451e3be88e95
system-backend/deployment-core/image/systemd/netcore-vpn-policy.service,historical_only,,,,100644,blob,f7e5f2fc30cc46d8532539e5f1a63707b5d8a10d
system-backend/deployment-core/image/systemd/netcore-vpn-policy.timer,historical_only,,,,100644,blob,9e8dfc28727ce9f7d4cf055e15e3868a0dd311ff
system-backend/deployment-core/image/systemd/netcore-wifi-country.service,historical_only,,,,100644,blob,a86f378709b6b06b298c42235900bd0ff7b9816f
system-backend/deployment-core/image/systemd/tetra.service,historical_only,,,,100644,blob,737d2269aaee6296dff6776414faf7faed0e3953
system-backend/deployment-core/image/vpn-policy.py,historical_only,,,,100644,blob,fdf7c58e1ac3914d0e6f1827741da19146936781
system-backend/deployment-core/image/wifi-country.py,historical_only,,,,100644,blob,adacc03fde320768e836bf8547470bcb533aafae
system-backend/deployment-core/image_build.py,historical_only,,,,100644,blob,b9e8475a0e2848c3dafb5f17c90b3e7c1860feae
system-backend/deployment-core/image_client.py,historical_only,,,,100644,blob,68667e6ca3415df86556a2bdd630ed17f7aae462
system-backend/deployment-core/image_spec.py,historical_only,,,,100644,blob,b02c07eed90dcff48bfa3a167693948107f76061
system-backend/deployment-core/image_worker.py,historical_only,,,,100644,blob,6ec73814dd404de4da714ac2682906bd9cee3786
system-backend/deployment-core/install/create-lxc.sh,historical_only,,,,100755,blob,c189e0817603848dc2ce6555b821b89bd3d0a94a
system-backend/deployment-core/install/install-tbs.sh,historical_only,,,,100755,blob,92456adcd041ae509dd2763bc6312648e31948ed
system-backend/deployment-core/install/install-vm.sh,historical_only,,,,100755,blob,f11eb8b7f8b77b987c1563e1644f3d7813d6df4b
system-backend/deployment-core/install/install.sh,historical_only,,,,100755,blob,3f3b6b3379f5bada6d1223caf2bac81dacb8884c
system-backend/deployment-core/install/prepare-host.sh,historical_only,,,,100755,blob,6f85cf592800a8773ea14aa3cb6fd04be689793d
system-backend/deployment-core/install/update.sh,historical_only,,,,100755,blob,852f9925d9be672d0bcdaba860f674ea03a970e4
system-backend/deployment-core/jobs.py,historical_only,,,,100644,blob,1972efec65a60f59caca682a3d85a75fa745a399
system-backend/deployment-core/launch.py,historical_only,,,,100644,blob,c48aa658ac51fbe4665bff8eb397a2517c76836d
system-backend/deployment-core/main.py,historical_only,,,,100644,blob,2d89d7eb29d7aab3add55143a710586ea326a2f7
system-backend/deployment-core/static/app.js,historical_only,,,,100644,blob,c4e6d555dac46ded5a4011910ada294fb18e3023
system-backend/deployment-core/static/index.html,historical_only,,,,100644,blob,dbe5aef3507f6937c93a3b839baa6fbe2052e896
system-backend/deployment-core/static/style.css,historical_only,,,,100644,blob,0bfe3c48e7b18134862891d269414bdb501e48dd
system-backend/deployment-core/systemd/netcore-deployment.service,historical_only,,,,100644,blob,b8ba29a30ecb91f56fe76044567f96d8fbfc7fbe
system-backend/deployment-core/systemd/netcore-discovery.service,historical_only,,,,100644,blob,3d902364cc0538efbb9afacec8477249267c684c
system-backend/deployment-core/systemd/netcore-image-builder.service,historical_only,,,,100644,blob,cb19800d75eb970c684143bd67806ba91cff890b
system-backend/deployment-core/tests/browser.cjs,historical_only,,,,100644,blob,50774b96c9fdaece632f3e96ca3858a3e2d5baf2
system-backend/deployment-core/tests/image_smoke.py,historical_only,,,,100644,blob,4c8e0fc40cac25317047581703700d70c64b997f
system-backend/deployment-core/tests/serve_ui.py,historical_only,,,,100644,blob,77a8c2477c5743cbd71ee2f9bf45af4a52ae0675
system-backend/deployment-core/tests/test_core.py,historical_only,,,,100644,blob,b8eaa5ba55c10c6cbae0caf2edc24d44e76c6879
system-backend/deployment-core/tests/test_http.py,historical_only,,,,100644,blob,8adf5c49ff67688615d6310056938b1e284459fa
system-backend/deployment-core/tests/test_images.py,historical_only,,,,100644,blob,a4eaf2ba5af4fe2c1e361620ecf63d317fc8e54b
system-backend/deployment-core/tests/test_remote_jobs.py,historical_only,,,,100644,blob,b4229fcd1113f17f92268013f425c39dfa565a5b
system-backend/deployment-core/tests/test_repository_recovery.py,historical_only,,,,100644,blob,ed85fe2700f1a5f6ce25473f7ddddf198f1c2bf9
system-backend/deployment-core/tests/test_rollout_regressions.py,historical_only,,,,100644,blob,8a34018396a469c02771643f60ebf84969621875
system-backend/deployment-core/tests/vm_install_smoke.py,historical_only,,,,100644,blob,cf6ba0d9b389785d1306dc11703f1136da391e61
system-backend/directory/Readme.md,identical,100644,blob,c8f4ffe0941bc8eb763e1a60054c43bcd09920ad,100644,blob,c8f4ffe0941bc8eb763e1a60054c43bcd09920ad
system-backend/directory/__pycache__/netcore-directory.cpython-313.pyc,identical,100644,blob,cd21c8324c06de4ec8a553ef910a20f3312327a6,100644,blob,cd21c8324c06de4ec8a553ef910a20f3312327a6
system-backend/directory/netcore-directory.py,different,100644,blob,0f03674f94dcb214bab9f075b90da55356bc38be,100644,blob,af33980bc3fcdb65968d9d06fd9cc59cfdae4f8d
system-backend/directory/netcore-directory.service,identical,100644,blob,27f163a26858e4ffe2405dc33955388fb26449e4,100644,blob,27f163a26858e4ffe2405dc33955388fb26449e4
system-backend/directory/seed.json,identical,100644,blob,ef53534e379db00ffddc466260e320c6c410a65e,100644,blob,ef53534e379db00ffddc466260e320c6c410a65e
system-backend/directory/web-ui/index.html,main_only,100644,blob,a63fc7d3dea25119bbf0f1f8a83b778a35438146,,,
system-backend/group-core/Cargo.toml,identical,100644,blob,1c6bbde18bf759d38f7bec9a8eae016a913f788f,100644,blob,1c6bbde18bf759d38f7bec9a8eae016a913f788f
system-backend/group-core/README.md,identical,100644,blob,68ee1fac1f81cc5c9616b7d61bf6bc9134a7a1a4,100644,blob,68ee1fac1f81cc5c9616b7d61bf6bc9134a7a1a4
system-backend/group-core/config/group-core.example.toml,identical,100644,blob,a9c8d1f0ffc8900d96e0c5e141d63abd17ed02d3,100644,blob,a9c8d1f0ffc8900d96e0c5e141d63abd17ed02d3
system-backend/group-core/docs/dgna.md,identical,100644,blob,3a5e7bcf89b0d9fbe456ceb6a9440c78649b4b2f,100644,blob,3a5e7bcf89b0d9fbe456ceb6a9440c78649b4b2f
system-backend/group-core/docs/group-policy.md,identical,100644,blob,83a32c2dba2f4b9ffbd580862c59038bcee2f6a7,100644,blob,83a32c2dba2f4b9ffbd580862c59038bcee2f6a7
system-backend/group-core/docs/lxc-deployment.md,identical,100644,blob,9a51f6757ce86091ef200995be798e010b636458,100644,blob,9a51f6757ce86091ef200995be798e010b636458
system-backend/group-core/docs/open-lab-mode.md,identical,100644,blob,b779f2ac662fbf7f85000f6e5c844c299e6319ac,100644,blob,b779f2ac662fbf7f85000f6e5c844c299e6319ac
system-backend/group-core/install/install.sh,identical,100644,blob,4aa5fb84aaedf2a5f097d07cecc48294c5ea4634,100644,blob,4aa5fb84aaedf2a5f097d07cecc48294c5ea4634
system-backend/group-core/install/uninstall.sh,identical,100644,blob,fccc557085fc830bde62860fa17c8878068c6919,100644,blob,fccc557085fc830bde62860fa17c8878068c6919
system-backend/group-core/install/update.sh,identical,100644,blob,b649092db7eb58664eedb46b38d4ff3104827002,100644,blob,b649092db7eb58664eedb46b38d4ff3104827002
system-backend/group-core/src/config.rs,identical,100644,blob,dcda0970370930f450383c84080a7f58644a4fd4,100644,blob,dcda0970370930f450383c84080a7f58644a4fd4
system-backend/group-core/src/gateway.rs,identical,100644,blob,a09e7b870db3a917707a42187ee99657e4850213,100644,blob,a09e7b870db3a917707a42187ee99657e4850213
system-backend/group-core/src/http.rs,different,100644,blob,93f788ac5c10a4a4e2569adf88801270d5bdd81d,100644,blob,18f30846f96bcf22200b5112feaebb5023172202
system-backend/group-core/src/main.rs,identical,100644,blob,d89c354a909bd088b46343b5e316662a875551cf,100644,blob,d89c354a909bd088b46343b5e316662a875551cf
system-backend/group-core/src/protocol.rs,identical,100644,blob,ad4a3e70f6d2a518fdc64646c2fb84d088c892aa,100644,blob,ad4a3e70f6d2a518fdc64646c2fb84d088c892aa
system-backend/group-core/src/state.rs,identical,100644,blob,a315b56e0cd453e31ddf31148258502642354512,100644,blob,a315b56e0cd453e31ddf31148258502642354512
system-backend/group-core/systemd/netcore-group-core.service,identical,100644,blob,0ffd2c2da70f19f9f64725afffe5e7702eae34bd,100644,blob,0ffd2c2da70f19f9f64725afffe5e7702eae34bd
system-backend/group-core/tests/open_lab_api_examples.md,identical,100644,blob,ff35beb188717bc33d69ee45ba4055ddc0ea921c,100644,blob,ff35beb188717bc33d69ee45ba4055ddc0ea921c
system-backend/group-core/web-ui/index.html,main_only,100644,blob,0fdb40d8ce2efa4cb5aa866da16c060789eb4d16,,,
system-backend/hardware-gateway/README.md,identical,100644,blob,78d0ee441373e1fdee7048d4bc4cc1f8e04938ff,100644,blob,78d0ee441373e1fdee7048d4bc4cc1f8e04938ff
system-backend/hardware-gateway/config/hardware-gateway.example.toml,identical,100644,blob,e4f894a802cc5dd897d6e960acc90cdabad02432,100644,blob,e4f894a802cc5dd897d6e960acc90cdabad02432
system-backend/hardware-gateway/docs/architecture.md,identical,100644,blob,0e3c090de00a16ff8ba9fa1cf910a1c38a65a17c,100644,blob,0e3c090de00a16ff8ba9fa1cf910a1c38a65a17c
system-backend/hardware-gateway/examples/edge-agent/__pycache__/netcore-edge-agent.cpython-313.pyc,identical,100644,blob,ec9e5622e53dfcbfcca7176580ab0b90c79cb9c5,100644,blob,ec9e5622e53dfcbfcca7176580ab0b90c79cb9c5
system-backend/hardware-gateway/examples/edge-agent/netcore-edge-agent.py,identical,100644,blob,151e356760f6a6fd4954b5d5e3bb555dfa3cc7c3,100644,blob,151e356760f6a6fd4954b5d5e3bb555dfa3cc7c3
system-backend/hardware-gateway/install/install.sh,identical,100644,blob,e70ab74d2fc2e8fcce331f7843f6708bd5bb53bc,100644,blob,e70ab74d2fc2e8fcce331f7843f6708bd5bb53bc
system-backend/hardware-gateway/install/uninstall.sh,identical,100644,blob,a2435e54e176fc94b40a08bdc5edea7590d6cb5b,100644,blob,a2435e54e176fc94b40a08bdc5edea7590d6cb5b
system-backend/hardware-gateway/install/update.sh,identical,100644,blob,cbefcbd71b1ffce931cf35be8967eb6621af3080,100644,blob,cbefcbd71b1ffce931cf35be8967eb6621af3080
system-backend/hardware-gateway/src/__pycache__/netcore_hardware_gateway.cpython-313.pyc,identical,100644,blob,a0c2291ecd1906ea99eb00cf6a85b464c7c15bce,100644,blob,a0c2291ecd1906ea99eb00cf6a85b464c7c15bce
system-backend/hardware-gateway/src/netcore_hardware_gateway.py,different,100644,blob,f24d9c4d52b3960026d6e69cad937b7faa6d3694,100644,blob,e36d1f55c6b1ddf20df02de06300af23048f03c4
system-backend/hardware-gateway/systemd/netcore-hardware-gateway.service,identical,100644,blob,545a5e772ffb80772605d1cd66b69c4740802d0c,100644,blob,545a5e772ffb80772605d1cd66b69c4740802d0c
system-backend/hardware-gateway/tests/open_lab_smoke.md,identical,100644,blob,d28f4f2e2e49eee22855211c009ecbaf275344eb,100644,blob,d28f4f2e2e49eee22855211c009ecbaf275344eb
system-backend/hardware-gateway/tests/test_shutdown.py,historical_only,,,,100644,blob,a73f41357cd3493f1ec46f2594d3cb5531164753
system-backend/hardware-gateway/web-ui/index.html,main_only,100644,blob,05ee516cc1868c61686b95b6d408b68dc30f9cb5,,,
system-backend/iot-gateway/Cargo.toml,identical,100644,blob,3bbb10f7174806d8a9325b3b307be7c453761a02,100644,blob,3bbb10f7174806d8a9325b3b307be7c453761a02
system-backend/iot-gateway/README.md,identical,100644,blob,7f5c3140bebbaa4925f68c16c99bd6cdb534a068,100644,blob,7f5c3140bebbaa4925f68c16c99bd6cdb534a068
system-backend/iot-gateway/config/iot-gateway.example.toml,identical,100644,blob,d1bc79c8b3ce8b00ffc91252fab6c55cf042e282,100644,blob,d1bc79c8b3ce8b00ffc91252fab6c55cf042e282
system-backend/iot-gateway/docs/architecture.md,identical,100644,blob,0f5ce8af8fc7672bf1bec2eab5f4692de47e4dea,100644,blob,0f5ce8af8fc7672bf1bec2eab5f4692de47e4dea
system-backend/iot-gateway/docs/home-assistant.md,identical,100644,blob,249210a843a63337005132eda1fa1037fa466214,100644,blob,249210a843a63337005132eda1fa1037fa466214
system-backend/iot-gateway/docs/homematic-ip.md,identical,100644,blob,5dafa2d3bee789f89db4ec34d9499cff8523e602,100644,blob,5dafa2d3bee789f89db4ec34d9499cff8523e602
system-backend/iot-gateway/docs/lxc-deployment.md,identical,100644,blob,ea4186de2671eacd9dd619cbd082f3df43551602,100644,blob,ea4186de2671eacd9dd619cbd082f3df43551602
system-backend/iot-gateway/docs/mqtt-contract.md,identical,100644,blob,22c0b14911632fb6a7167f54af4eb3f4b7e2225f,100644,blob,22c0b14911632fb6a7167f54af4eb3f4b7e2225f
system-backend/iot-gateway/docs/open-lab-mode.md,identical,100644,blob,880e5f7c29ba4735ea97547a38bee3006aab98e8,100644,blob,880e5f7c29ba4735ea97547a38bee3006aab98e8
system-backend/iot-gateway/examples/home-assistant/README.md,identical,100644,blob,a239448d45636a17c58dcde2512c4e1ebc46ee22,100644,blob,a239448d45636a17c58dcde2512c4e1ebc46ee22
system-backend/iot-gateway/examples/home-assistant/limited-command-egress.yaml,identical,100644,blob,2b09b251329b5f0fa325f2eff96fe57cb2de22b7,100644,blob,2b09b251329b5f0fa325f2eff96fe57cb2de22b7
system-backend/iot-gateway/examples/home-assistant/state-bridge.yaml,identical,100644,blob,4e7962a22b75fd1e3a63ba57f5eb5f7406bf50f3,100644,blob,4e7962a22b75fd1e3a63ba57f5eb5f7406bf50f3
system-backend/iot-gateway/examples/homematic/datapoints.example.toml,identical,100644,blob,9aa9e09a75e9a6b02e584b221a2de51109ffba0d,100644,blob,9aa9e09a75e9a6b02e584b221a2de51109ffba0d
system-backend/iot-gateway/install/configure-homematic-ccu-openlab.sh,identical,100644,blob,6c5e2b4d8dbaae042f39b766bc9811d205d59ee2,100644,blob,6c5e2b4d8dbaae042f39b766bc9811d205d59ee2
system-backend/iot-gateway/install/configure-openlab.sh,identical,100644,blob,47205b7baebfec73b6f53bc0e82de6c054c76e94,100644,blob,47205b7baebfec73b6f53bc0e82de6c054c76e94
system-backend/iot-gateway/install/install-local-broker-openlab.sh,identical,100644,blob,91c19c68bafbeeb6acd7af326a8137b8a752ce86,100644,blob,91c19c68bafbeeb6acd7af326a8137b8a752ce86
system-backend/iot-gateway/install/install.sh,different,100644,blob,df089138937e469056049dd9950afc62d2f75ee7,100644,blob,c5a2ecf0af5de56c687b1053a47b9d7e67cf817c
system-backend/iot-gateway/install/migrate-phase4-config.sh,identical,100644,blob,1b2c73c51597a7e4b51631878edfc3c50cbdaeb5,100644,blob,1b2c73c51597a7e4b51631878edfc3c50cbdaeb5
system-backend/iot-gateway/install/migrate-phase5-config.sh,identical,100644,blob,7823710c5c790c1a7b25f4854056248def0be220,100644,blob,7823710c5c790c1a7b25f4854056248def0be220
system-backend/iot-gateway/install/uninstall.sh,identical,100644,blob,7c4705f50b5bf87cef57fcd01f906507e93df705,100644,blob,7c4705f50b5bf87cef57fcd01f906507e93df705
system-backend/iot-gateway/install/update.sh,identical,100644,blob,ba7f684714513f04786176e8fabd24e66621e3a4,100644,blob,ba7f684714513f04786176e8fabd24e66621e3a4
system-backend/iot-gateway/src/command.rs,identical,100644,blob,af395c7e804a1cf9e3436dfab40705a0db369037,100644,blob,af395c7e804a1cf9e3436dfab40705a0db369037
system-backend/iot-gateway/src/config.rs,identical,100644,blob,0c383699493a22461d2f0616e7385f7f87352e3f,100644,blob,0c383699493a22461d2f0616e7385f7f87352e3f
system-backend/iot-gateway/src/home_assistant.rs,identical,100644,blob,ecb6a90070d170ddff4441c505b7ef9e2a6b0b84,100644,blob,ecb6a90070d170ddff4441c505b7ef9e2a6b0b84
system-backend/iot-gateway/src/homematic.rs,identical,100644,blob,1f2cc5790b1c195acdc0c938c846ef53a75e7453,100644,blob,1f2cc5790b1c195acdc0c938c846ef53a75e7453
system-backend/iot-gateway/src/http.rs,different,100644,blob,c94003208c48b5eac1c4b62d4d8f85e93d55a3c2,100644,blob,4228384ccfad68f8aa271074e3dfa2a393730d4d
system-backend/iot-gateway/src/main.rs,identical,100644,blob,a10e2df81b2ead842f451d337f4d60baa2537b6c,100644,blob,a10e2df81b2ead842f451d337f4d60baa2537b6c
system-backend/iot-gateway/src/model.rs,identical,100644,blob,21689e3ac37df6c2955a731a4af8f833e0309e28,100644,blob,21689e3ac37df6c2955a731a4af8f833e0309e28
system-backend/iot-gateway/src/mqtt.rs,identical,100644,blob,008b1dbd17bdb98cb8cb5ec0b7aed909a5a63d92,100644,blob,008b1dbd17bdb98cb8cb5ec0b7aed909a5a63d92
system-backend/iot-gateway/src/poller.rs,identical,100644,blob,2d3371aa4b8f41b0d62fcb59a45ffddbaa20ce6f,100644,blob,2d3371aa4b8f41b0d62fcb59a45ffddbaa20ce6f
system-backend/iot-gateway/src/state.rs,identical,100644,blob,cf5d435d424ffcead4e6b330edae0b1f29cb820e,100644,blob,cf5d435d424ffcead4e6b330edae0b1f29cb820e
system-backend/iot-gateway/systemd/netcore-iot-gateway.service,identical,100644,blob,3eeb5660afe4101c1fe158ee74a74a79a8f02d8c,100644,blob,3eeb5660afe4101c1fe158ee74a74a79a8f02d8c
system-backend/iot-gateway/tests/open_lab_smoke.md,identical,100644,blob,b75b4d3a0f72bf018985b41c39bc887edad45dc8,100644,blob,b75b4d3a0f72bf018985b41c39bc887edad45dc8
system-backend/iot-gateway/web-ui/index.html,main_only,100644,blob,bd540b1b8a4e3a73230add70de4c955bd8931f8e,,,
system-backend/ip-gateway/Cargo.toml,identical,100644,blob,5b209e6402137b75a669562fd4d285cc1cd416d6,100644,blob,5b209e6402137b75a669562fd4d285cc1cd416d6
system-backend/ip-gateway/README.md,identical,100644,blob,eb9f30c991993fc74934867dd512cb5e9d232963,100644,blob,eb9f30c991993fc74934867dd512cb5e9d232963
system-backend/ip-gateway/config/ip-gateway.example.toml,identical,100644,blob,5a77c3d7a35e10c02eff0a6c6ba4826f85dccbbe,100644,blob,5a77c3d7a35e10c02eff0a6c6ba4826f85dccbbe
system-backend/ip-gateway/docs/architecture.md,identical,100644,blob,8d3448e3b5753ce34c2e968a3bbc496723db1cf2,100644,blob,8d3448e3b5753ce34c2e968a3bbc496723db1cf2
system-backend/ip-gateway/docs/dns-wap-test.md,identical,100644,blob,6f1b55507323f7056084e236c16bd24473fb9ec3,100644,blob,6f1b55507323f7056084e236c16bd24473fb9ec3
system-backend/ip-gateway/docs/firewall-nat.md,identical,100644,blob,4f3518c2e41639b049e2dc1c07220545c7a3db66,100644,blob,4f3518c2e41639b049e2dc1c07220545c7a3db66
system-backend/ip-gateway/docs/lxc-deployment.md,identical,100644,blob,688515186824060d1c6ac98c6a30d21d12f4fc20,100644,blob,688515186824060d1c6ac98c6a30d21d12f4fc20
system-backend/ip-gateway/docs/open-lab-mode.md,identical,100644,blob,1f3222c9708403e8d6aea77a2660359c5b419931,100644,blob,1f3222c9708403e8d6aea77a2660359c5b419931
system-backend/ip-gateway/docs/packet-capture.md,identical,100644,blob,f2d29912673a37d4cce07891c5124f92883b9283,100644,blob,f2d29912673a37d4cce07891c5124f92883b9283
system-backend/ip-gateway/install/install.sh,identical,100644,blob,7127fe987b0d532243a5ba9574e1ce303f54186b,100644,blob,7127fe987b0d532243a5ba9574e1ce303f54186b
system-backend/ip-gateway/install/uninstall.sh,identical,100644,blob,c2e895006bae8e7713a38e9c5bc4a3d6ee4019e2,100644,blob,c2e895006bae8e7713a38e9c5bc4a3d6ee4019e2
system-backend/ip-gateway/install/update.sh,identical,100644,blob,a9b0760a2fe03a73d01349e288334cf56f5b3149,100644,blob,a9b0760a2fe03a73d01349e288334cf56f5b3149
system-backend/ip-gateway/src/config.rs,identical,100644,blob,b9c6b7bbabb75083f9d251e991471928a02971b3,100644,blob,b9c6b7bbabb75083f9d251e991471928a02971b3
system-backend/ip-gateway/src/dataplane.rs,identical,100644,blob,3aceec241f83db43b0ac0b38a62743155cc72e95,100644,blob,3aceec241f83db43b0ac0b38a62743155cc72e95
system-backend/ip-gateway/src/dns.rs,identical,100644,blob,c7bcfea12594e1b3a12123f86207dc115fca87ff,100644,blob,c7bcfea12594e1b3a12123f86207dc115fca87ff
system-backend/ip-gateway/src/http.rs,different,100644,blob,c390da4c7412f1e30482feaaa16a809692cd4114,100644,blob,d1fbafcd1598c4543fab661ff9130c1fb8136ed1
system-backend/ip-gateway/src/kernel.rs,identical,100644,blob,d878c364eabc6fb120e7fdcb025f313e7f556578,100644,blob,d878c364eabc6fb120e7fdcb025f313e7f556578
system-backend/ip-gateway/src/main.rs,identical,100644,blob,e45bc91675195912b0e4bf705f99b5c359ff7da7,100644,blob,e45bc91675195912b0e4bf705f99b5c359ff7da7
system-backend/ip-gateway/src/packet_core.rs,identical,100644,blob,624f951fd475349e2207479a1fafb42ac61a6e59,100644,blob,624f951fd475349e2207479a1fafb42ac61a6e59
system-backend/ip-gateway/src/protocol.rs,identical,100644,blob,30cd8d7d3c0565ba51c96f417375fa38ca18c98f,100644,blob,30cd8d7d3c0565ba51c96f417375fa38ca18c98f
system-backend/ip-gateway/src/runtime.rs,identical,100644,blob,f2507af97ba1c48492d9c3a91cd552ea2c7fb3c1,100644,blob,f2507af97ba1c48492d9c3a91cd552ea2c7fb3c1
system-backend/ip-gateway/src/state.rs,identical,100644,blob,a36853b1628d686c025d34cf2d30997c464594ba,100644,blob,a36853b1628d686c025d34cf2d30997c464594ba
system-backend/ip-gateway/src/tun.rs,identical,100644,blob,5b62cf5fcb93ecd86d66c189d07b93abe1852172,100644,blob,5b62cf5fcb93ecd86d66c189d07b93abe1852172
system-backend/ip-gateway/systemd/netcore-ip-gateway.service,identical,100644,blob,596faf52fe8f0301797f31f570739c700aafeb2f,100644,blob,596faf52fe8f0301797f31f570739c700aafeb2f
system-backend/ip-gateway/tests/open_lab_api_examples.md,identical,100644,blob,4c9bb0baca91bd45b8dfe584f2aaae8b5968206f,100644,blob,4c9bb0baca91bd45b8dfe584f2aaae8b5968206f
system-backend/ip-gateway/web-ui/index.html,main_only,100644,blob,98e312a60d6926327b174254b9c4362a3d94fc8d,,,
system-backend/kmf/Cargo.toml,identical,100644,blob,dc1af70d024e5b8b9aa16db18591ddafede41ecf,100644,blob,dc1af70d024e5b8b9aa16db18591ddafede41ecf
system-backend/kmf/README.md,identical,100644,blob,fabd0967cffb7ce9f708d277d42752fa5eb0fd95,100644,blob,fabd0967cffb7ce9f708d277d42752fa5eb0fd95
system-backend/kmf/config/kmf.example.toml,identical,100644,blob,790208337b52800a848a98f02803c9bab5a8072a,100644,blob,790208337b52800a848a98f02803c9bab5a8072a
system-backend/kmf/docs/architecture.md,identical,100644,blob,c82bec567dd61e5a4d22a68864d54a3608dbbacd,100644,blob,c82bec567dd61e5a4d22a68864d54a3608dbbacd
system-backend/kmf/docs/key-lifecycle.md,identical,100644,blob,bb9126688e819fdf7fcbbdde221fde6d637e8b58,100644,blob,bb9126688e819fdf7fcbbdde221fde6d637e8b58
system-backend/kmf/docs/lxc-deployment.md,identical,100644,blob,47debe5fc8ae35ba2b505b0d0364db218ea68eb1,100644,blob,47debe5fc8ae35ba2b505b0d0364db218ea68eb1
system-backend/kmf/docs/open-lab-mode.md,identical,100644,blob,47a9822ebb8f29e72fad9d309e84a6091fd62176,100644,blob,47a9822ebb8f29e72fad9d309e84a6091fd62176
system-backend/kmf/docs/otar-workflow.md,identical,100644,blob,c1142ba4e03820bfa3b8b1308b2c280961cb5c87,100644,blob,c1142ba4e03820bfa3b8b1308b2c280961cb5c87
system-backend/kmf/docs/vault-backup-hsm.md,identical,100644,blob,b279b625682fe1f1b897f40593fa1cf75d6aac67,100644,blob,b279b625682fe1f1b897f40593fa1cf75d6aac67
system-backend/kmf/install/install.sh,identical,100644,blob,0c1e1d02596de3a656e00c26e40610cbf873c6cf,100644,blob,0c1e1d02596de3a656e00c26e40610cbf873c6cf
system-backend/kmf/install/uninstall.sh,identical,100644,blob,611b7778e89d060b5e0aaf99d6d418e9f4eb9ebf,100644,blob,611b7778e89d060b5e0aaf99d6d418e9f4eb9ebf
system-backend/kmf/install/update.sh,identical,100644,blob,ae25b78ffd201b71562b5c9a9ee562c34562b64f,100644,blob,ae25b78ffd201b71562b5c9a9ee562c34562b64f
system-backend/kmf/src/config.rs,identical,100644,blob,66edd84d40103faa4137d2cfc129672c1f757f0f,100644,blob,66edd84d40103faa4137d2cfc129672c1f757f0f
system-backend/kmf/src/crypto.rs,identical,100644,blob,d022abcd45bb3bf72e0509827b56be3d6b2d1196,100644,blob,d022abcd45bb3bf72e0509827b56be3d6b2d1196
system-backend/kmf/src/http.rs,different,100644,blob,c3b5f567ab7cd8c8d74b7536d68bb4dcd3c71bdf,100644,blob,bba25f4a7dc859ad2ae43d220cea07f866d5a138
system-backend/kmf/src/main.rs,identical,100644,blob,788f6142091fe0a614f7beee481b6df567e1b7bc,100644,blob,788f6142091fe0a614f7beee481b6df567e1b7bc
system-backend/kmf/src/protocol.rs,identical,100644,blob,aa9dbb730866cd8ffaa7905ddffdb2cd3170494c,100644,blob,aa9dbb730866cd8ffaa7905ddffdb2cd3170494c
system-backend/kmf/src/state.rs,identical,100644,blob,eac727ca33c50cd9528621e1a17f8e83af0473fd,100644,blob,eac727ca33c50cd9528621e1a17f8e83af0473fd
system-backend/kmf/systemd/netcore-kmf.service,identical,100644,blob,6b68be99d2bad6313bb108ff192a7b01c7376359,100644,blob,6b68be99d2bad6313bb108ff192a7b01c7376359
system-backend/kmf/tests/__pycache__/lab_edge_unwrap.cpython-313.pyc,identical,100644,blob,73822437f0c102cf5677eaf7336a4f341e7a49cb,100644,blob,73822437f0c102cf5677eaf7336a4f341e7a49cb
system-backend/kmf/tests/lab_edge_unwrap.py,identical,100644,blob,9dadaa99073317baaac39e05fcf317f2e64a7b9e,100644,blob,9dadaa99073317baaac39e05fcf317f2e64a7b9e
system-backend/kmf/tests/open_lab_api_examples.md,identical,100644,blob,8c00620304e3bc1b074e7f54e3c3b3187ef5d532,100644,blob,8c00620304e3bc1b074e7f54e3c3b3187ef5d532
system-backend/kmf/web-ui/index.html,main_only,100644,blob,836054340f174e029aec6759d1abf7add1af9c0b,,,
system-backend/media-library/Cargo.toml,identical,100644,blob,329b604253bf89277aa3712373eddf43b04f5715,100644,blob,329b604253bf89277aa3712373eddf43b04f5715
system-backend/media-library/README.md,identical,100644,blob,2571dbf2a6b35c760a031e8513fc35289be7c032,100644,blob,2571dbf2a6b35c760a031e8513fc35289be7c032
system-backend/media-library/config/media-library.example.toml,identical,100644,blob,bf3c701561db91b7ca2ace483101fced0903963a,100644,blob,bf3c701561db91b7ca2ace483101fced0903963a
system-backend/media-library/docs/architecture.md,identical,100644,blob,554218b762d05c1bde378de49150eb18c5476143,100644,blob,554218b762d05c1bde378de49150eb18c5476143
system-backend/media-library/docs/codec-contract.md,identical,100644,blob,d3724c4f2367cfce4e06c49dc010e6263aff8131,100644,blob,d3724c4f2367cfce4e06c49dc010e6263aff8131
system-backend/media-library/docs/lxc-deployment.md,identical,100644,blob,add15672ab926f5614193de08d961fd12f9a7f73,100644,blob,add15672ab926f5614193de08d961fd12f9a7f73
system-backend/media-library/docs/open-lab-mode.md,identical,100644,blob,d7a8a209a19fad7890eb6f78edb5505b66843bb0,100644,blob,d7a8a209a19fad7890eb6f78edb5505b66843bb0
system-backend/media-library/docs/storage-format.md,identical,100644,blob,36b8d3c7e6dfe66143cb3156871dabaf072fdefa,100644,blob,36b8d3c7e6dfe66143cb3156871dabaf072fdefa
system-backend/media-library/install/__pycache__/migrate-archive-layout.cpython-313.pyc,identical,100644,blob,dfa13e5ffe306247609df33f655e9cbb504e9c1e,100644,blob,dfa13e5ffe306247609df33f655e9cbb504e9c1e
system-backend/media-library/install/cargo-build.sh,identical,100644,blob,b7dcd35d9834e98c7f4d9a5170b25daa5264422a,100644,blob,b7dcd35d9834e98c7f4d9a5170b25daa5264422a
system-backend/media-library/install/diagnose-basisstation-playout.py,identical,100644,blob,85911737c30a0acc2399e8c9e350d26af7dbfbe1,100644,blob,85911737c30a0acc2399e8c9e350d26af7dbfbe1
system-backend/media-library/install/diagnose-piper.sh,identical,100644,blob,1a1cfca26ca3fd208dee76c7cc91fdc68dd13a81,100644,blob,1a1cfca26ca3fd208dee76c7cc91fdc68dd13a81
system-backend/media-library/install/ensure-piper.sh,identical,100644,blob,51f9d7b1528419f49037f1b6b21d1facf8adf859,100644,blob,51f9d7b1528419f49037f1b6b21d1facf8adf859
system-backend/media-library/install/install.sh,identical,100644,blob,1a2fdada2156b63feb5d377e17a83b615fae91e5,100644,blob,1a2fdada2156b63feb5d377e17a83b615fae91e5
system-backend/media-library/install/migrate-archive-layout.py,identical,100644,blob,7e0a781f54f051a6f338c5d64d3fb5038ff143f8,100644,blob,7e0a781f54f051a6f338c5d64d3fb5038ff143f8
system-backend/media-library/install/migrate-playout-config.py,identical,100644,blob,f51513613e31b7d11264cba17b4311755df0b07f,100644,blob,f51513613e31b7d11264cba17b4311755df0b07f
system-backend/media-library/install/repair-permissions.sh,identical,100644,blob,5c662639f780853bfb9ba03272120f250d3a8c1d,100644,blob,5c662639f780853bfb9ba03272120f250d3a8c1d
system-backend/media-library/install/shared-storage.sh,identical,100644,blob,8a71c216048b09b61abab2595998e01f2e8780f0,100644,blob,8a71c216048b09b61abab2595998e01f2e8780f0
system-backend/media-library/install/uninstall.sh,identical,100644,blob,0de0cc73aecd24f7e4110e2f389c6649b37006b1,100644,blob,0de0cc73aecd24f7e4110e2f389c6649b37006b1
system-backend/media-library/install/update.sh,identical,100644,blob,ba4fbd4230e71b3e13d3263644a6052a54f4db15,100644,blob,ba4fbd4230e71b3e13d3263644a6052a54f4db15
system-backend/media-library/src/config.rs,identical,100644,blob,0f13bf248aaf18c68c8083951b188a40b7080f5e,100644,blob,0f13bf248aaf18c68c8083951b188a40b7080f5e
system-backend/media-library/src/http.rs,different,100644,blob,39a6c10fa4f48ec8dc1ca981123b5adf969aaa04,100644,blob,ca08524385142c3928a37d18624216e38753e6c9
system-backend/media-library/src/main.rs,identical,100644,blob,fdfc182a5b6b576299ce7fa9305ca1d7168191f1,100644,blob,fdfc182a5b6b576299ce7fa9305ca1d7168191f1
system-backend/media-library/src/media.rs,identical,100644,blob,fbef0cab60f57ba1ce5dc77b916efa5c7d994730,100644,blob,fbef0cab60f57ba1ce5dc77b916efa5c7d994730
system-backend/media-library/src/model.rs,identical,100644,blob,2b620d93f8e28dd74f3d72c5f5b7bd58f9f7b1ec,100644,blob,2b620d93f8e28dd74f3d72c5f5b7bd58f9f7b1ec
system-backend/media-library/src/state.rs,identical,100644,blob,0cebf15e968205117506a4380d9bccef69ff77af,100644,blob,0cebf15e968205117506a4380d9bccef69ff77af
system-backend/media-library/src/tts.rs,identical,100644,blob,6ce02b6be276fb0f3c91e1fbc64df692cc861656,100644,blob,6ce02b6be276fb0f3c91e1fbc64df692cc861656
system-backend/media-library/src/worker.rs,identical,100644,blob,2d45d5ec4987fb0b1caafab793ae4218516d381e,100644,blob,2d45d5ec4987fb0b1caafab793ae4218516d381e
system-backend/media-library/systemd/netcore-media-library.service,identical,100644,blob,670c1efa8b43d99391a28ea51b40dee7d968bd09,100644,blob,670c1efa8b43d99391a28ea51b40dee7d968bd09
system-backend/media-library/tests/__pycache__/media_library_reference.cpython-313.pyc,identical,100644,blob,c4218e3eacc436bb45f5fb260f2a3e2fdcac5cce,100644,blob,c4218e3eacc436bb45f5fb260f2a3e2fdcac5cce
system-backend/media-library/tests/central_tts_reference.py,different,100644,blob,3289fb4563668863a49f8e5f27c686f64881f607,100644,blob,427f56bda536cad71a917b64a5c137829a8efce1
system-backend/media-library/tests/media_library_reference.py,identical,100644,blob,0ff6cd5702aea77b5e700ec468736a1a3cf41184,100644,blob,0ff6cd5702aea77b5e700ec468736a1a3cf41184
system-backend/media-library/web-ui/index.html,main_only,100644,blob,9623b744004a80ecd5157cb5e7cbcdf667ece4ca,,,
system-backend/media-switch/Cargo.toml,identical,100644,blob,d79c173636ee15b010250f468c27bd7bfb4bac8e,100644,blob,d79c173636ee15b010250f468c27bd7bfb4bac8e
system-backend/media-switch/README.md,identical,100644,blob,1fb4818ce2f74136d98c51fa330caf491b9b0ecb,100644,blob,1fb4818ce2f74136d98c51fa330caf491b9b0ecb
system-backend/media-switch/config/media-switch.example.toml,identical,100644,blob,5f3eb5c99db695dd658195d45344d5e651093647,100644,blob,5f3eb5c99db695dd658195d45344d5e651093647
system-backend/media-switch/docs/jitter-buffer.md,identical,100644,blob,8c79227348b35141d2f5f3e63edda8fa56dcb725,100644,blob,8c79227348b35141d2f5f3e63edda8fa56dcb725
system-backend/media-switch/docs/lxc-deployment.md,identical,100644,blob,b78aee14b17e42a8ed8aedcce00224b9e9e846c3,100644,blob,b78aee14b17e42a8ed8aedcce00224b9e9e846c3
system-backend/media-switch/docs/media-routing.md,identical,100644,blob,f28ed62ccd7deeb6e32a48c7f2628ae1e37b84ca,100644,blob,f28ed62ccd7deeb6e32a48c7f2628ae1e37b84ca
system-backend/media-switch/docs/open-lab-mode.md,identical,100644,blob,97a57088aa38c51e0f15a321b3060bb20e4f602b,100644,blob,97a57088aa38c51e0f15a321b3060bb20e4f602b
system-backend/media-switch/docs/recorder-player-interfaces.md,identical,100644,blob,3b7b91ae5a72fa62e9390c53c79710d6f442c8b1,100644,blob,3b7b91ae5a72fa62e9390c53c79710d6f442c8b1
system-backend/media-switch/install/install.sh,identical,100644,blob,6a4956555c1c553847030e0e815d74639d52f2f8,100644,blob,6a4956555c1c553847030e0e815d74639d52f2f8
system-backend/media-switch/install/uninstall.sh,identical,100644,blob,aa1c59f71826f654d142026c82a9c267efcfed1e,100644,blob,aa1c59f71826f654d142026c82a9c267efcfed1e
system-backend/media-switch/install/update.sh,identical,100755,blob,1977293898dd355673b68af9478d0d1fc518edb3,100755,blob,1977293898dd355673b68af9478d0d1fc518edb3
system-backend/media-switch/src/call_control.rs,identical,100644,blob,8dc8699f4047f01e978e36d6742969c6ca6fde75,100644,blob,8dc8699f4047f01e978e36d6742969c6ca6fde75
system-backend/media-switch/src/config.rs,identical,100644,blob,fc90e386eb7a5011a9fe657c021a3cc4f6089fb1,100644,blob,fc90e386eb7a5011a9fe657c021a3cc4f6089fb1
system-backend/media-switch/src/gateway.rs,identical,100644,blob,883079d27ef6dcd0bcad826b3f8488876e25f0d0,100644,blob,883079d27ef6dcd0bcad826b3f8488876e25f0d0
system-backend/media-switch/src/http.rs,different,100644,blob,70f22f2fb9eebe4459ee90e677006e00fcea749e,100644,blob,d583d8efd6d5d21dbe06e5ea8c4a0dcd89f62c9d
system-backend/media-switch/src/main.rs,identical,100644,blob,bc348b33e9f44f510a4a363093c5337f58aa941d,100644,blob,bc348b33e9f44f510a4a363093c5337f58aa941d
system-backend/media-switch/src/protocol.rs,identical,100644,blob,0d84c3255c995b15a0c4b351e0c9714c1b9e1727,100644,blob,0d84c3255c995b15a0c4b351e0c9714c1b9e1727
system-backend/media-switch/src/state.rs,identical,100644,blob,d5dc670efb53c0496acf3a3bc87bb5c93ea007ff,100644,blob,d5dc670efb53c0496acf3a3bc87bb5c93ea007ff
system-backend/media-switch/systemd/netcore-media-switch.service,identical,100644,blob,5193a3c3f7939577bed667c6fa84811e10236ca9,100644,blob,5193a3c3f7939577bed667c6fa84811e10236ca9
system-backend/media-switch/tests/open_lab_api_examples.md,identical,100644,blob,e5c8b4d2bbc6da7b744811df84e44d693dc4a4a3,100644,blob,e5c8b4d2bbc6da7b744811df84e44d693dc4a4a3
system-backend/media-switch/web-ui/index.html,main_only,100644,blob,e3c52d2ca47dbb507900a83b3ebdfec75a41fda2,,,
system-backend/mobility-core/Cargo.toml,identical,100644,blob,0eb8fe705aaa0d3921e17109ff8379ad22e7d77f,100644,blob,0eb8fe705aaa0d3921e17109ff8379ad22e7d77f
system-backend/mobility-core/README.md,identical,100644,blob,db0fd435f3f7eb79f06db298b51d9f0da7504c38,100644,blob,db0fd435f3f7eb79f06db298b51d9f0da7504c38
system-backend/mobility-core/config/mobility-core.example.toml,identical,100644,blob,893f3ba75a4b94343ae0cad4230ca86d12d32420,100644,blob,893f3ba75a4b94343ae0cad4230ca86d12d32420
system-backend/mobility-core/docs/context-transfer.md,identical,100644,blob,4b4c1a615895b04ed99bc94ea0b1ad70cc880abd,100644,blob,4b4c1a615895b04ed99bc94ea0b1ad70cc880abd
system-backend/mobility-core/docs/lxc-deployment.md,identical,100644,blob,ad684752d1b02abd9c7279357b1253f7d3f20a8e,100644,blob,ad684752d1b02abd9c7279357b1253f7d3f20a8e
system-backend/mobility-core/docs/open-lab-mode.md,identical,100644,blob,be374fb08cadde5b45318a80b17c4a671b694d76,100644,blob,be374fb08cadde5b45318a80b17c4a671b694d76
system-backend/mobility-core/install/install.sh,identical,100644,blob,fb01aba15508bb8d4a8e5642c492c995fe110599,100644,blob,fb01aba15508bb8d4a8e5642c492c995fe110599
system-backend/mobility-core/install/uninstall.sh,identical,100644,blob,bf3ccfb19f595d76b2a3d37d0602602500b9c552,100644,blob,bf3ccfb19f595d76b2a3d37d0602602500b9c552
system-backend/mobility-core/install/update.sh,identical,100644,blob,45498a80a34e2786712ac7c2687682ee775fc212,100644,blob,45498a80a34e2786712ac7c2687682ee775fc212
system-backend/mobility-core/src/config.rs,identical,100644,blob,dda91cdf521cc85eecc38bb83ca715eecc4b528d,100644,blob,dda91cdf521cc85eecc38bb83ca715eecc4b528d
system-backend/mobility-core/src/gateway.rs,identical,100644,blob,cc9c99aa1475cf04d34a167aa17e628a2a560739,100644,blob,cc9c99aa1475cf04d34a167aa17e628a2a560739
system-backend/mobility-core/src/http.rs,different,100644,blob,a41d7192738a0c488f80142788dcb1585b5e6b5b,100644,blob,0e2ff649f1403d62dcec6f2988be4485626c0419
system-backend/mobility-core/src/main.rs,identical,100644,blob,707128d554b76550b14564099d09ddc7caeccfaa,100644,blob,707128d554b76550b14564099d09ddc7caeccfaa
system-backend/mobility-core/src/protocol.rs,identical,100644,blob,8271ede85d6edefc00d818757b9aed50bbbf56ca,100644,blob,8271ede85d6edefc00d818757b9aed50bbbf56ca
system-backend/mobility-core/src/state.rs,identical,100644,blob,dd789dc1f84c4a345891f8961b20fb77ca2a297a,100644,blob,dd789dc1f84c4a345891f8961b20fb77ca2a297a
system-backend/mobility-core/systemd/netcore-mobility-core.service,identical,100644,blob,864fb93efd8423a157e184f21ced967ba58ff470,100644,blob,864fb93efd8423a157e184f21ced967ba58ff470
system-backend/mobility-core/tests/open_lab_api_examples.md,identical,100644,blob,c58893232bc6de51acf65b135bea58ef573cb5f0,100644,blob,c58893232bc6de51acf65b135bea58ef573cb5f0
system-backend/mobility-core/web-ui/index.html,main_only,100644,blob,0b3066c07a3a0eeee2180257a3a4ee48fe179de9,,,
system-backend/node-gateway/Cargo.toml,identical,100644,blob,86a71d992fba7447fe532e14f89d33da095b624a,100644,blob,86a71d992fba7447fe532e14f89d33da095b624a
system-backend/node-gateway/README.md,identical,100644,blob,4537efb2891c74a22b08a0dae911b96f36f8db2e,100644,blob,4537efb2891c74a22b08a0dae911b96f36f8db2e
system-backend/node-gateway/config/node-gateway.example.toml,identical,100644,blob,70d806abd02644d54fc8e8f8d93edc1330896e2f,100644,blob,70d806abd02644d54fc8e8f8d93edc1330896e2f
system-backend/node-gateway/deploy/caddy/Caddyfile.example,identical,100644,blob,9f7cde78c2f379a4d710a4485ee95825de248f37,100644,blob,9f7cde78c2f379a4d710a4485ee95825de248f37
system-backend/node-gateway/docs/backend-websocket.md,identical,100644,blob,f23a354c01f579d835f4d92900839e40a291f381,100644,blob,f23a354c01f579d835f4d92900839e40a291f381
system-backend/node-gateway/docs/lxc-deployment.md,identical,100644,blob,494827315d8982bb2b476800e9a838497ac576e2,100644,blob,494827315d8982bb2b476800e9a838497ac576e2
system-backend/node-gateway/docs/open-lab-mode.md,identical,100644,blob,747ea6b09555315e917dda93e7e1492edaa12535,100644,blob,747ea6b09555315e917dda93e7e1492edaa12535
system-backend/node-gateway/docs/tbs-connection.toml,identical,100644,blob,4eb1d793327a1b68cefc0c2cf93e2740329d5e5c,100644,blob,4eb1d793327a1b68cefc0c2cf93e2740329d5e5c
system-backend/node-gateway/install/install.sh,identical,100644,blob,c0bec1c2c848c7174310166f9a1feab23fc5fdaf,100644,blob,c0bec1c2c848c7174310166f9a1feab23fc5fdaf
system-backend/node-gateway/install/uninstall.sh,identical,100644,blob,3313ee7658f09ffca2d14ceee05978110ccf0bc8,100644,blob,3313ee7658f09ffca2d14ceee05978110ccf0bc8
system-backend/node-gateway/install/update.sh,identical,100644,blob,0778ce43043488eb3c3a9d4631ca3f6aa1165de6,100644,blob,0778ce43043488eb3c3a9d4631ca3f6aa1165de6
system-backend/node-gateway/src/config.rs,identical,100644,blob,7cb0377921023c0f537ecd17b0e70d23ad5c51cc,100644,blob,7cb0377921023c0f537ecd17b0e70d23ad5c51cc
system-backend/node-gateway/src/http.rs,different,100644,blob,4671bc7d32835d6c8c562a2979c8d1154735dae9,100644,blob,fc5c461d9d5f080e55881e687086ce777a4f7319
system-backend/node-gateway/src/lib.rs,identical,100644,blob,7d201d75106ccb6400f7e39bed83c77b5d8d8dfc,100644,blob,7d201d75106ccb6400f7e39bed83c77b5d8d8dfc
system-backend/node-gateway/src/main.rs,identical,100644,blob,9759f18519f5a492bacaa6ceaa324e2e5018449f,100644,blob,9759f18519f5a492bacaa6ceaa324e2e5018449f
system-backend/node-gateway/src/server.rs,identical,100644,blob,7a50b72e3f24a94a7371a1179a11225caf6e3613,100644,blob,7a50b72e3f24a94a7371a1179a11225caf6e3613
system-backend/node-gateway/src/service_monitor.rs,identical,100644,blob,9e9de386b3b42f83a688a6fd5999e34001f7299e,100644,blob,9e9de386b3b42f83a688a6fd5999e34001f7299e
system-backend/node-gateway/src/state.rs,identical,100644,blob,5b9dc526f9a7d70bcb78edb4625b6412d4c13282,100644,blob,5b9dc526f9a7d70bcb78edb4625b6412d4c13282
system-backend/node-gateway/src/ui.rs,different,100644,blob,be8ce4d7aca83351a9451d2c886bebf64e289812,100644,blob,10e8c5ca6579aa337f2743e7cd0b544ed3f12864
system-backend/node-gateway/src/ws.rs,identical,100644,blob,a835543dab508b9b7fd52eaf85db15d67c8087d0,100644,blob,a835543dab508b9b7fd52eaf85db15d67c8087d0
system-backend/node-gateway/systemd/netcore-node-gateway.env.example,identical,100644,blob,9132ddacf037fdf3dab40822452e21e909153940,100644,blob,9132ddacf037fdf3dab40822452e21e909153940
system-backend/node-gateway/systemd/netcore-node-gateway.service,identical,100644,blob,e1b99dee3fd10b692da2987540dfa7e6fbc01a8e,100644,blob,e1b99dee3fd10b692da2987540dfa7e6fbc01a8e
system-backend/node-gateway/tests/open_lab_api_examples.md,identical,100644,blob,121723b3c16caabf348189200a9355b6d051f702,100644,blob,121723b3c16caabf348189200a9355b6d051f702
system-backend/node-gateway/web-ui/index.html,main_only,100644,blob,a5a7b7c742abf4654d68444d075652e15c6922a3,,,
system-backend/observability/Cargo.toml,identical,100644,blob,e02439a84d81e71ddfb2b1a354b54cfbfb2ebc20,100644,blob,e02439a84d81e71ddfb2b1a354b54cfbfb2ebc20
system-backend/observability/README.md,different,100644,blob,47e47fe03c9e56c496b63cb7dedde8723172a746,100644,blob,21a1c4cf7ad844a712bad7a836c4eb34f15b9cdc
system-backend/observability/agents/__pycache__/journal_forwarder.cpython-313.pyc,identical,100644,blob,0ebf76fa93c18a433dc146a6621e19ccbec2ed41,100644,blob,0ebf76fa93c18a433dc146a6621e19ccbec2ed41
system-backend/observability/agents/journal_forwarder.py,identical,100644,blob,938c696a00f4937a2e03470ab0448da2089d7004,100644,blob,938c696a00f4937a2e03470ab0448da2089d7004
system-backend/observability/agents/netcore-observability-journal-forwarder.service,identical,100644,blob,20ba31e659df75362cdf2b78237ef130dacb110b,100644,blob,20ba31e659df75362cdf2b78237ef130dacb110b
system-backend/observability/config/log-client.example.json,historical_only,,,,100644,blob,b5fef6b443bc9edf1af1297f8ee6aaa55fb83367
system-backend/observability/config/observability.example.toml,different,100644,blob,53342f12e72e98553fcdc5db60cc547fa35b1a35,100644,blob,b0ab7986c622bd8f384bba3b51d2e3aa95f6876e
system-backend/observability/config/openlab-hosts.json,historical_only,,,,100644,blob,a127354f76276928c6e2e82e858d439e1ab5afd5
system-backend/observability/config/syslog.example.json,historical_only,,,,100644,blob,02033de2d00cca49a4165926a1ac0b38909dce35
system-backend/observability/docs/alerting.md,identical,100644,blob,59424351c7ec777617b217ba614cf87ab9a965d1,100644,blob,59424351c7ec777617b217ba614cf87ab9a965d1
system-backend/observability/docs/architecture.md,identical,100644,blob,f71f98e13148fc3f9a9a3e5d564472022727d6d3,100644,blob,f71f98e13148fc3f9a9a3e5d564472022727d6d3
system-backend/observability/docs/lxc-deployment.md,identical,100644,blob,643d21db31254bd8cce0eba34db60a8986c31180,100644,blob,643d21db31254bd8cce0eba34db60a8986c31180
system-backend/observability/docs/open-lab-mode.md,identical,100644,blob,ef9adbb836cb7ee2048499065921d235b14e91c1,100644,blob,ef9adbb836cb7ee2048499065921d235b14e91c1
system-backend/observability/docs/syslog-update.md,historical_only,,,,100644,blob,143f97e9bcb75161abc1c150069b149a8a93b502
system-backend/observability/install/install-log-client.sh,historical_only,,,,100755,blob,241158e7842c50e24c2d1f70a73b63e4dd8e90f1
system-backend/observability/install/install-logging.sh,historical_only,,,,100644,blob,ccc2d697bb29c5ad55008489718e2dc73daa0927
system-backend/observability/install/install-stack.sh,identical,100644,blob,f43cfdf99585d80d8d5d503c6130762f495aae13,100644,blob,f43cfdf99585d80d8d5d503c6130762f495aae13
system-backend/observability/install/install.sh,different,100644,blob,a04295efe3e9185499f81c754f4acd75c9e1a394,100644,blob,eb56785f006415eae81fb63bdf57ce84f66b54f1
system-backend/observability/install/rsyslog-apparmor.sh,historical_only,,,,100644,blob,44c822907671f6c4c006e2fa4aa02b597f4f2d64
system-backend/observability/install/seed-openlab.py,historical_only,,,,100644,blob,a73434faacb76e394f5ee4c57411204ae9f383a1
system-backend/observability/install/uninstall.sh,different,100644,blob,c02eaff7138a3e9a5e519471a2e7f5edb84cd0e3,100644,blob,2e5146c78a60c83c5b0bbcf1dcf8a774aa064630
system-backend/observability/install/update.sh,different,100644,blob,bb352a4a7f802db5b92b55a5130dfd7fc1bf2533,100644,blob,ce8a491378aa87181cfb4e5674a6f3b0e8ab7ffa
system-backend/observability/logging/apparmor-netcore,historical_only,,,,100644,blob,9294790f2f314ddbc3a2cfa0ec3ee76c0f6c6927
system-backend/observability/logging/log_client.py,historical_only,,,,100644,blob,07bfadf4ba3be2b88592e95e1256f68bec933085
system-backend/observability/logging/log_store.py,historical_only,,,,100644,blob,1ce11a296b1782707c0486b2782374241b11e48f
system-backend/observability/logging/receiver.rsyslog.conf,historical_only,,,,100644,blob,5d8ae4150deee74e3455a60ea6fb5d07efba819b
system-backend/observability/src/collector.rs,different,100644,blob,45b39fc53043776411fda4db7e4bbd5dda76895e,100644,blob,3a05eb0d4c615fad3f2f5f1ef7a1ade3a7d0a92f
system-backend/observability/src/config.rs,different,100644,blob,3feb0797c7cb4761b105cf18e50cf6a59bcf458d,100644,blob,325b595627fef8d66ab8541891e8540b060493c8
system-backend/observability/src/discovery.rs,historical_only,,,,100644,blob,f3fa84f881ed71248eb7df06dcbcdf1274301f39
system-backend/observability/src/http.rs,different,100644,blob,8619dc1727e84e45c68ac8987206e37dc6dd4758,100644,blob,c3b726dc3be6510cbfc24021e49c320f489fcf36
system-backend/observability/src/main.rs,different,100644,blob,da620f50b1237269a8bccdc6d39f0cbc4ad6ce92,100644,blob,e0ee363b6e27ba6db9e7456a1a7cc401234e7f46
system-backend/observability/src/protocol.rs,identical,100644,blob,7a04d9cfa9ef13a78f1589838c5727fb768293e0,100644,blob,7a04d9cfa9ef13a78f1589838c5727fb768293e0
system-backend/observability/src/state.rs,different,100644,blob,57b5fe906bca00a5054abda150fe4d1e2192ca6b,100644,blob,9bfaa5e2563c577e66b490fe969f997e3604e7d0
system-backend/observability/stack/alertmanager/alertmanager.yml,identical,100644,blob,8307115cc54bd7eec1da454ff1730ef4c8283d3f,100644,blob,8307115cc54bd7eec1da454ff1730ef4c8283d3f
system-backend/observability/stack/grafana/dashboards/netcore-overview.json,identical,100644,blob,2139902658a41daa7c0d7da440c9380acb02499d,100644,blob,2139902658a41daa7c0d7da440c9380acb02499d
system-backend/observability/stack/grafana/provisioning/dashboards/netcore.yml,identical,100644,blob,2af41d19d2817aac46f1d38451cea26dcef47621,100644,blob,2af41d19d2817aac46f1d38451cea26dcef47621
system-backend/observability/stack/grafana/provisioning/datasources/netcore.yml,identical,100644,blob,aab272161e5f2c987dd0634a0b0e283026353cab,100644,blob,aab272161e5f2c987dd0634a0b0e283026353cab
system-backend/observability/stack/loki/loki.yml,identical,100644,blob,8b04080d645711df9597d5b12d6b696800eba203,100644,blob,8b04080d645711df9597d5b12d6b696800eba203
system-backend/observability/stack/prometheus/prometheus.yml,different,100644,blob,b0902442d5ee3cb1d513b854b521381ca4591528,100644,blob,0ba9762e000d4b60499bc0e4ab00fb2bb4c32e53
system-backend/observability/stack/prometheus/rules/netcore.rules.yml,identical,100644,blob,8aace9574d89d9c9fd98432340f758f8e7140b26,100644,blob,8aace9574d89d9c9fd98432340f758f8e7140b26
system-backend/observability/stack/promtail/promtail.yml,identical,100644,blob,bcfd57becc7983ac4773e022f081dc5cb2eaeb87,100644,blob,bcfd57becc7983ac4773e022f081dc5cb2eaeb87
system-backend/observability/systemd/netcore-log-client-discovery.service,historical_only,,,,100644,blob,7c405de9370899a87e118f1062db352c35f1b615
system-backend/observability/systemd/netcore-log-client-discovery.timer,historical_only,,,,100644,blob,9796a2291b2f1e7184760a212ccb2740866aa833
system-backend/observability/systemd/netcore-log-client.service,historical_only,,,,100644,blob,38bc5dec412ad3f6e7f0f75108853ebc66b5b138
system-backend/observability/systemd/netcore-observability.service,identical,100644,blob,d0bcaf10987a86b4b12448be1b94fdfef90ce979,100644,blob,d0bcaf10987a86b4b12448be1b94fdfef90ce979
system-backend/observability/systemd/netcore-syslog-archive.service,historical_only,,,,100644,blob,49a8de9d1423b353da90c0aca4d5e8e5875cf5ae
system-backend/observability/systemd/netcore-syslog-archive.timer,historical_only,,,,100644,blob,b6e1a4a851557045d81715262d00d5cb3153bc46
system-backend/observability/systemd/netcore-syslog-preview.service,historical_only,,,,100644,blob,fb6fd8e8fcab0eaaa1f4b76dd730833d1481e5ad
system-backend/observability/systemd/netcore-syslog.service,historical_only,,,,100644,blob,b5071dc1def7cfcc5e89ab1818bf9a52c8d903d7
system-backend/observability/tests/__pycache__/observability_reference.cpython-313.pyc,identical,100644,blob,397f1d62ac78dcbf85f663478e397b0596ff6a91,100644,blob,397f1d62ac78dcbf85f663478e397b0596ff6a91
system-backend/observability/tests/browser-syslog.cjs,historical_only,,,,100644,blob,ef94864419722bf8ec83edb466dff643a841a8df
system-backend/observability/tests/native-syslog-smoke.py,historical_only,,,,100644,blob,d529402c8bdee9bab5082c56d8a702302d11d634
system-backend/observability/tests/observability_reference.py,identical,100644,blob,01b385c0074e663c7bb9a50e11d5ce16e889676b,100644,blob,01b385c0074e663c7bb9a50e11d5ce16e889676b
system-backend/observability/tests/test_syslog.py,historical_only,,,,100644,blob,1032b94b4e5aee9fcde9250b9459d3a1e0764d40
system-backend/observability/tests/test_syslog_wire.py,historical_only,,,,100644,blob,bf320b537ecf4a2a6ef6012a1d00a8fb32579cae
system-backend/observability/web-ui/index.html,main_only,100644,blob,a26366c840bff909ccc7fdb8d545455ed7070542,,,
system-backend/packet-core/Cargo.toml,identical,100644,blob,4a093ecbaaf397040fdb36ef78cd72b6f64fccd8,100644,blob,4a093ecbaaf397040fdb36ef78cd72b6f64fccd8
system-backend/packet-core/README.md,identical,100644,blob,4dfb61c278c2f6072d011ab854009207b6918bb5,100644,blob,4dfb61c278c2f6072d011ab854009207b6918bb5
system-backend/packet-core/config/packet-core.example.toml,identical,100644,blob,a9f366e94c179a1d445eb8e2b8f886f942a3ef6d,100644,blob,a9f366e94c179a1d445eb8e2b8f886f942a3ef6d
system-backend/packet-core/docs/architecture.md,identical,100644,blob,d1130c0188bf278529264f446eb5fe425ec26ba7,100644,blob,d1130c0188bf278529264f446eb5fe425ec26ba7
system-backend/packet-core/docs/edge-protocol.md,identical,100644,blob,561ec9277003ea907d8ea112aa31516578c432ee,100644,blob,561ec9277003ea907d8ea112aa31516578c432ee
system-backend/packet-core/docs/fragmentation-flow-control.md,identical,100644,blob,e2867aaa2d852de0af9b6fb124f795d88e3feff9,100644,blob,e2867aaa2d852de0af9b6fb124f795d88e3feff9
system-backend/packet-core/docs/lxc-deployment.md,identical,100644,blob,b3976199bea30b1f3c5a5eae36a40b52c5c7fb02,100644,blob,b3976199bea30b1f3c5a5eae36a40b52c5c7fb02
system-backend/packet-core/docs/open-lab-mode.md,identical,100644,blob,2f0be88e6e28618b815548ffb42a53302b8329c7,100644,blob,2f0be88e6e28618b815548ffb42a53302b8329c7
system-backend/packet-core/docs/state-machine.md,identical,100644,blob,54299460018bbf7dabdcc5d030ce9ce33920b0a1,100644,blob,54299460018bbf7dabdcc5d030ce9ce33920b0a1
system-backend/packet-core/install/install.sh,identical,100644,blob,5c7bb6e3ba42b2e8fb3cd4152b755d0ff16346fc,100644,blob,5c7bb6e3ba42b2e8fb3cd4152b755d0ff16346fc
system-backend/packet-core/install/uninstall.sh,identical,100644,blob,214ec13931f5779718452a9e19fda377afa2b71b,100644,blob,214ec13931f5779718452a9e19fda377afa2b71b
system-backend/packet-core/install/update.sh,identical,100644,blob,34b79b4925ba54007660afcbac84addab45dea37,100644,blob,34b79b4925ba54007660afcbac84addab45dea37
system-backend/packet-core/src/config.rs,identical,100644,blob,ddacdfb42f6cfbe165a36c209605ff90f68b6212,100644,blob,ddacdfb42f6cfbe165a36c209605ff90f68b6212
system-backend/packet-core/src/gateway.rs,identical,100644,blob,8d3acee70b0e023f1efdfa5132ba6ce713d6d18c,100644,blob,8d3acee70b0e023f1efdfa5132ba6ce713d6d18c
system-backend/packet-core/src/http.rs,different,100644,blob,e9169960ad06fd7798419895bbeef721c6fc773a,100644,blob,170bd9b88c7b5044cfefc3323c7fb3f731a47d52
system-backend/packet-core/src/main.rs,identical,100644,blob,071d6a08705c8e0ac0f73455820eb8dbc24230d7,100644,blob,071d6a08705c8e0ac0f73455820eb8dbc24230d7
system-backend/packet-core/src/protocol.rs,identical,100644,blob,d036e846879cb9e9a9bf5803218a7414707491be,100644,blob,d036e846879cb9e9a9bf5803218a7414707491be
system-backend/packet-core/src/state.rs,identical,100644,blob,0f93a58f0ffaf60c8930c4f54f59db0b05bb4ae9,100644,blob,0f93a58f0ffaf60c8930c4f54f59db0b05bb4ae9
system-backend/packet-core/systemd/netcore-packet-core.service,identical,100644,blob,2e913416098dfe2b30048667d3db1601339bd195,100644,blob,2e913416098dfe2b30048667d3db1601339bd195
system-backend/packet-core/tests/open_lab_api_examples.md,identical,100644,blob,77203646765b2d2acff56f99afb7c90481608d9e,100644,blob,77203646765b2d2acff56f99afb7c90481608d9e
system-backend/packet-core/web-ui/index.html,main_only,100644,blob,f1d52669160234648d31c7e7f949f5eb40cc3e64,,,
system-backend/provisioning-core/Cargo.toml,identical,100644,blob,4f1c8520d33d62687318c502be7ad392e6143c09,100644,blob,4f1c8520d33d62687318c502be7ad392e6143c09
system-backend/provisioning-core/README.md,identical,100644,blob,f44a48815437da922091f3c820274601b569a20a,100644,blob,f44a48815437da922091f3c820274601b569a20a
system-backend/provisioning-core/config/provisioning-core.example.toml,identical,100644,blob,a81a4dc0c4d702ce7bfd0ca2c638d9b7c93128ad,100644,blob,a81a4dc0c4d702ce7bfd0ca2c638d9b7c93128ad
system-backend/provisioning-core/docs/lxc-deployment.md,identical,100644,blob,2a11370e94d79a7b72b2c83f9370cabd81bfac1c,100644,blob,2a11370e94d79a7b72b2c83f9370cabd81bfac1c
system-backend/provisioning-core/install/install.sh,identical,100644,blob,fce54ef702a6f18cabe5ace5d3e3a90f5b902b37,100644,blob,fce54ef702a6f18cabe5ace5d3e3a90f5b902b37
system-backend/provisioning-core/install/uninstall.sh,identical,100644,blob,e9a6a60365164293c0d99a44c661fda6d38137e7,100644,blob,e9a6a60365164293c0d99a44c661fda6d38137e7
system-backend/provisioning-core/install/update.sh,identical,100644,blob,7a42b6cc5c7b35a7b758756cd38cf2ec71c8b0af,100644,blob,7a42b6cc5c7b35a7b758756cd38cf2ec71c8b0af
system-backend/provisioning-core/src/config.rs,identical,100644,blob,ea132a643a3b466df88234b96ff220c0957ce8d6,100644,blob,ea132a643a3b466df88234b96ff220c0957ce8d6
system-backend/provisioning-core/src/http.rs,different,100644,blob,8af7776fe9aec2131956e858453606af0aa7d7e4,100644,blob,b6218d51a6dceeb7b0ff7378835143be450378e6
system-backend/provisioning-core/src/main.rs,identical,100644,blob,e1c2aa25c16459f6d835c2cfb30634c7b1c2a29a,100644,blob,e1c2aa25c16459f6d835c2cfb30634c7b1c2a29a
system-backend/provisioning-core/src/upstream.rs,identical,100644,blob,c9d687862943077b561595b3d91a73b4b664486f,100644,blob,c9d687862943077b561595b3d91a73b4b664486f
system-backend/provisioning-core/systemd/netcore-provisioning-core.service,identical,100644,blob,383b6fa726246cf2040bacf8cea9e06c8c1a851b,100644,blob,383b6fa726246cf2040bacf8cea9e06c8c1a851b
system-backend/provisioning-core/tests/open_lab_api_examples.md,identical,100644,blob,db8808a014d43d132e58b13ea3dfd7759a34706d,100644,blob,db8808a014d43d132e58b13ea3dfd7759a34706d
system-backend/provisioning-core/web-ui/index.html,main_only,100644,blob,17fc80e3911d3001060e20dd18fddd11c33a02e0,,,
system-backend/recorder/Cargo.toml,identical,100644,blob,ef74cf67f37659342231621a25ef582ed7fc36ce,100644,blob,ef74cf67f37659342231621a25ef582ed7fc36ce
system-backend/recorder/README.md,identical,100644,blob,b8ae2c3048915d6507bf55997281607b23d01693,100644,blob,b8ae2c3048915d6507bf55997281607b23d01693
system-backend/recorder/config/recorder.example.toml,identical,100644,blob,e8453e72e4c0a2287392251a4b583c40c5e5b076,100644,blob,e8453e72e4c0a2287392251a4b583c40c5e5b076
system-backend/recorder/docs/lxc-deployment.md,identical,100644,blob,2e1f2c8046aca539161f4a47cf30cb5d8101b5f6,100644,blob,2e1f2c8046aca539161f4a47cf30cb5d8101b5f6
system-backend/recorder/docs/media-tap.md,identical,100644,blob,df92c2e5423fc5cb1f757dcb233dafcfe5ac83d7,100644,blob,df92c2e5423fc5cb1f757dcb233dafcfe5ac83d7
system-backend/recorder/docs/open-lab-mode.md,identical,100644,blob,68606670a76e989b6c03948ab341da679abe39ad,100644,blob,68606670a76e989b6c03948ab341da679abe39ad
system-backend/recorder/docs/retention-integrity.md,identical,100644,blob,6cd42f6c008dc7ef0530cf3feee9f3e8629e697a,100644,blob,6cd42f6c008dc7ef0530cf3feee9f3e8629e697a
system-backend/recorder/docs/storage-format.md,identical,100644,blob,5235afb57c98afc76d882444437ebf98e9790324,100644,blob,5235afb57c98afc76d882444437ebf98e9790324
system-backend/recorder/install/install.sh,identical,100644,blob,340c4caa737898deb9356dedbea6be58797430d8,100644,blob,340c4caa737898deb9356dedbea6be58797430d8
system-backend/recorder/install/uninstall.sh,identical,100644,blob,85f8448830594e330e1243f5c596fa79f3095c68,100644,blob,85f8448830594e330e1243f5c596fa79f3095c68
system-backend/recorder/install/update.sh,identical,100644,blob,30400665530283a689403cd194140b37ab338ffa,100644,blob,30400665530283a689403cd194140b37ab338ffa
system-backend/recorder/src/config.rs,identical,100644,blob,95d4086ec3d0208a2d8494161992c4a4200dcab3,100644,blob,95d4086ec3d0208a2d8494161992c4a4200dcab3
system-backend/recorder/src/http.rs,different,100644,blob,ab49acd8bfbbb7d3f4300ff80b3a19265e7f86c5,100644,blob,4fe0418b6a9074d756b761dd43e1bbaa0de4b11b
system-backend/recorder/src/main.rs,identical,100644,blob,0e0228cd9119706577a728bba7569e191c8d046d,100644,blob,0e0228cd9119706577a728bba7569e191c8d046d
system-backend/recorder/src/media_switch.rs,identical,100644,blob,b177142e10895c776fea555d3ae476d0925432e2,100644,blob,b177142e10895c776fea555d3ae476d0925432e2
system-backend/recorder/src/protocol.rs,identical,100644,blob,c5b28a8aa81d6a067f323561b595f88308dd0f0f,100644,blob,c5b28a8aa81d6a067f323561b595f88308dd0f0f
system-backend/recorder/src/state.rs,identical,100644,blob,c4afeeaf86c4f6741e192fc66d6e8884de74b6e6,100644,blob,c4afeeaf86c4f6741e192fc66d6e8884de74b6e6
system-backend/recorder/src/tar.rs,identical,100644,blob,1a008abc1127fa01a67cbc1690ba0753b6bc3fb1,100644,blob,1a008abc1127fa01a67cbc1690ba0753b6bc3fb1
system-backend/recorder/systemd/netcore-recorder.service,identical,100644,blob,876a69a46da13e5cb0616d8a7e0fc66dae993272,100644,blob,876a69a46da13e5cb0616d8a7e0fc66dae993272
system-backend/recorder/tests/open_lab_api_examples.md,identical,100644,blob,1da98f4e9902b5550fecd8b4d2486be2d975d7d6,100644,blob,1da98f4e9902b5550fecd8b4d2486be2d975d7d6
system-backend/recorder/web-ui/index.html,main_only,100644,blob,de61026fef67a24d644d1a6b3c3a70553cfdd2e8,,,
system-backend/rf-monitor/README.md,identical,100644,blob,bb3bc8c95b5331c716173516dada0e74d20331eb,100644,blob,bb3bc8c95b5331c716173516dada0e74d20331eb
system-backend/rf-monitor/config/rf-monitor.example.toml,identical,100644,blob,5b888aa9275416fa7ef17ded5ca67c2bf41d0808,100644,blob,5b888aa9275416fa7ef17ded5ca67c2bf41d0808
system-backend/rf-monitor/docs/architecture.md,identical,100644,blob,542eae7fde51b956187eb52f8f0d3b75b3fa1046,100644,blob,542eae7fde51b956187eb52f8f0d3b75b3fa1046
system-backend/rf-monitor/examples/probes/mock-rf-probe.py,identical,100644,blob,4c75e27031f08d9710a1ef976ae97765f6738eb9,100644,blob,4c75e27031f08d9710a1ef976ae97765f6738eb9
system-backend/rf-monitor/examples/tbs-agent/netcore-rf-agent.py,identical,100644,blob,e9bc2a7842b2c023c7c057fcc7237e0332b0b57d,100644,blob,e9bc2a7842b2c023c7c057fcc7237e0332b0b57d
system-backend/rf-monitor/examples/tbs-agent/netcore-rf-agent.service,identical,100644,blob,6d37ae32644ac8ea51bd3db42df02ac57c0faf30,100644,blob,6d37ae32644ac8ea51bd3db42df02ac57c0faf30
system-backend/rf-monitor/examples/tbs-agent/rf-agent.example.toml,identical,100644,blob,be29b65a78378b7e4ac8c22e4a960ad0bde1b652,100644,blob,be29b65a78378b7e4ac8c22e4a960ad0bde1b652
system-backend/rf-monitor/install/configure-openlab.sh,identical,100644,blob,f533db0191785e859b105f4fdd70ae09c127c1ed,100644,blob,f533db0191785e859b105f4fdd70ae09c127c1ed
system-backend/rf-monitor/install/install-tbs-agent.sh,identical,100644,blob,cdb037c16d41077f9ab09941688515b29e0dc4ab,100644,blob,cdb037c16d41077f9ab09941688515b29e0dc4ab
system-backend/rf-monitor/install/install.sh,identical,100644,blob,ccccd5e8ef4e8d2ae4eca3e6198fe5a80d30b3c7,100644,blob,ccccd5e8ef4e8d2ae4eca3e6198fe5a80d30b3c7
system-backend/rf-monitor/install/uninstall.sh,identical,100644,blob,b38273f2774dad2e6cc9692ad9435120e2be492a,100644,blob,b38273f2774dad2e6cc9692ad9435120e2be492a
system-backend/rf-monitor/install/update.sh,identical,100644,blob,655e45fb67fc0c7d69e33aa9804f28476a513b8a,100644,blob,655e45fb67fc0c7d69e33aa9804f28476a513b8a
system-backend/rf-monitor/src/netcore_rf_monitor.py,different,100644,blob,8757663ca42d511d5e88cacdacf73c56a3100324,100644,blob,ad32038468e6c7b6b78177b8c85c7717fe89e3c1
system-backend/rf-monitor/systemd/netcore-rf-monitor.service,identical,100644,blob,22b65f13a528f474a4eed8903c3ba7b0a84421f5,100644,blob,22b65f13a528f474a4eed8903c3ba7b0a84421f5
system-backend/rf-monitor/tests/open_lab_smoke.md,identical,100644,blob,0df11383484b606ed80be2cb69056716952b853f,100644,blob,0df11383484b606ed80be2cb69056716952b853f
system-backend/rf-monitor/web-ui/index.html,main_only,100644,blob,427b388ccee1a34892801a60aa17c81585d3a553,,,
system-backend/roadmap.md,different,100644,blob,02a6ff5ed26a57d3b23b26cce6ca8744df782ea6,100644,blob,efa367c01eac3b24b36febf2d3faea08b3e05cb5
system-backend/sds-router/Cargo.toml,identical,100644,blob,8cd578c6a563fe45fde175ec02504ecc10ff9032,100644,blob,8cd578c6a563fe45fde175ec02504ecc10ff9032
system-backend/sds-router/README.md,identical,100644,blob,29aa39b9358199e0bbb3700c532ae76a2f32082b,100644,blob,29aa39b9358199e0bbb3700c532ae76a2f32082b
system-backend/sds-router/config/sds-router.example.toml,identical,100644,blob,3ef745bf5c1850c4f0e74a48eb74ede1561f03c7,100644,blob,3ef745bf5c1850c4f0e74a48eb74ede1561f03c7
system-backend/sds-router/docs/application-routing.md,identical,100644,blob,b233466a356dc79dbb5f8c68b62a0ac5c5782acd,100644,blob,b233466a356dc79dbb5f8c68b62a0ac5c5782acd
system-backend/sds-router/docs/architecture.md,identical,100644,blob,75b15b59ae3abc2425377a819d2bfd8b3657016f,100644,blob,75b15b59ae3abc2425377a819d2bfd8b3657016f
system-backend/sds-router/docs/lxc-deployment.md,identical,100644,blob,a0fe3e6fefd68cc4ff93628f36ed297b005f9769,100644,blob,a0fe3e6fefd68cc4ff93628f36ed297b005f9769
system-backend/sds-router/docs/open-lab-mode.md,identical,100644,blob,4f21cdd1c193dbd17ffd361052e86a76bdafee01,100644,blob,4f21cdd1c193dbd17ffd361052e86a76bdafee01
system-backend/sds-router/docs/queues-and-reports.md,identical,100644,blob,5bc5ee681149872794a1a1a3dd4a89307168d129,100644,blob,5bc5ee681149872794a1a1a3dd4a89307168d129
system-backend/sds-router/install/install.sh,identical,100644,blob,0c77e632c8610258a7356531b0c63c9661f8c52d,100644,blob,0c77e632c8610258a7356531b0c63c9661f8c52d
system-backend/sds-router/install/uninstall.sh,identical,100644,blob,530788ba003292f06a91d7cdfb4e9eb5b70bdbba,100644,blob,530788ba003292f06a91d7cdfb4e9eb5b70bdbba
system-backend/sds-router/install/update.sh,identical,100644,blob,22fc9261ae80cddab2ace271ae5d63c218756a13,100644,blob,22fc9261ae80cddab2ace271ae5d63c218756a13
system-backend/sds-router/src/config.rs,identical,100644,blob,542a36c9d0bbcaa7f98912521a02217182ad04c5,100644,blob,542a36c9d0bbcaa7f98912521a02217182ad04c5
system-backend/sds-router/src/gateway.rs,identical,100644,blob,59983381191c845a872b773f06c8b80a1918ce23,100644,blob,59983381191c845a872b773f06c8b80a1918ce23
system-backend/sds-router/src/http.rs,different,100644,blob,8a5513be03b621ca3153b3990417a2e75c8de117,100644,blob,9a632e8f2ef06f12e250f334d3367df2a0e08fa0
system-backend/sds-router/src/main.rs,identical,100644,blob,d2b817186844377a27a30194f0ad45e23934547a,100644,blob,d2b817186844377a27a30194f0ad45e23934547a
system-backend/sds-router/src/protocol.rs,identical,100644,blob,f4ff44e3a561a4657c47c0069b3f15a1fbf0d112,100644,blob,f4ff44e3a561a4657c47c0069b3f15a1fbf0d112
system-backend/sds-router/src/state.rs,identical,100644,blob,c2e988f3195b8868ba3dadc0a0993d42501535f4,100644,blob,c2e988f3195b8868ba3dadc0a0993d42501535f4
system-backend/sds-router/systemd/netcore-sds-router.service,identical,100644,blob,a0b203ce5d4f7c08db416b78942eb0c3dc4c7b23,100644,blob,a0b203ce5d4f7c08db416b78942eb0c3dc4c7b23
system-backend/sds-router/tests/open_lab_api_examples.md,identical,100644,blob,92089c1fcaebee603446fd2b94e701c859bdab32,100644,blob,92089c1fcaebee603446fd2b94e701c859bdab32
system-backend/sds-router/web-ui/index.html,main_only,100644,blob,5fb7c8a368d475f1dc38016711dfec04bdc99ecc,,,
system-backend/security-core/Cargo.toml,identical,100644,blob,83cf5da7aa6ff9c8a95e5d3c4a37371f3ca935de,100644,blob,83cf5da7aa6ff9c8a95e5d3c4a37371f3ca935de
system-backend/security-core/README.md,identical,100644,blob,595d870653eb09a2d3b7be1425a3608d73bf642d,100644,blob,595d870653eb09a2d3b7be1425a3608d73bf642d
system-backend/security-core/config/security-core.example.toml,identical,100644,blob,029ffcb95674fdb971f02028131d440b4dd9b550,100644,blob,029ffcb95674fdb971f02028131d440b4dd9b550
system-backend/security-core/docs/architecture.md,identical,100644,blob,ad9a15c4079e4b19f4cf48041fef7a7bce7a87d7,100644,blob,ad9a15c4079e4b19f4cf48041fef7a7bce7a87d7
system-backend/security-core/docs/auth-state-machine.md,identical,100644,blob,ba8fb53255406914c2ffa0f293907c567e7b6fd7,100644,blob,ba8fb53255406914c2ffa0f293907c567e7b6fd7
system-backend/security-core/docs/edge-protocol.md,identical,100644,blob,e6933edbfe0e98e6732fb94fb8d637844aa11fc0,100644,blob,e6933edbfe0e98e6732fb94fb8d637844aa11fc0
system-backend/security-core/docs/lab-provider-secret-handling.md,identical,100644,blob,1beba00e7b059df49f301186257fcc2e8459dc33,100644,blob,1beba00e7b059df49f301186257fcc2e8459dc33
system-backend/security-core/docs/lxc-deployment.md,identical,100644,blob,02d478e5317106b3b00421866a4327d9df34d2e6,100644,blob,02d478e5317106b3b00421866a4327d9df34d2e6
system-backend/security-core/docs/open-lab-mode.md,identical,100644,blob,838358803bb169d07cd2c9baddf55b5e158045a2,100644,blob,838358803bb169d07cd2c9baddf55b5e158045a2
system-backend/security-core/install/install.sh,identical,100644,blob,e103529608c262d747d2098e5a6d8255f3dfe1be,100644,blob,e103529608c262d747d2098e5a6d8255f3dfe1be
system-backend/security-core/install/uninstall.sh,identical,100644,blob,40e1ef8cd18f614cf1d2b034674bf10c2665ce53,100644,blob,40e1ef8cd18f614cf1d2b034674bf10c2665ce53
system-backend/security-core/install/update.sh,identical,100644,blob,1b471c513a27706c53d5aa4d855809cd9fc4477b,100644,blob,1b471c513a27706c53d5aa4d855809cd9fc4477b
system-backend/security-core/src/config.rs,identical,100644,blob,4f719c428631dc5ab36986003bd534e2432e768e,100644,blob,4f719c428631dc5ab36986003bd534e2432e768e
system-backend/security-core/src/crypto.rs,identical,100644,blob,46cb0fcb24d2414d0a60bf632c82429ec91eda35,100644,blob,46cb0fcb24d2414d0a60bf632c82429ec91eda35
system-backend/security-core/src/gateway.rs,identical,100644,blob,1519b19e92139e71606cd944fb3fe6d48a3c69a0,100644,blob,1519b19e92139e71606cd944fb3fe6d48a3c69a0
system-backend/security-core/src/http.rs,different,100644,blob,fed2afc9f6fddf201cdf951b7da32ad58e749ca1,100644,blob,7cdec833f816cb3524ce96d83cae4f5572aba066
system-backend/security-core/src/main.rs,identical,100644,blob,cdef7420093ccc86e3f3f5004ceb30d61df08d46,100644,blob,cdef7420093ccc86e3f3f5004ceb30d61df08d46
system-backend/security-core/src/protocol.rs,identical,100644,blob,e5d503c7e11498ac933dc68664977cd9fc4cf915,100644,blob,e5d503c7e11498ac933dc68664977cd9fc4cf915
system-backend/security-core/src/state.rs,identical,100644,blob,a711cee1b4a9b7b199f630518ad70d4637ef2788,100644,blob,a711cee1b4a9b7b199f630518ad70d4637ef2788
system-backend/security-core/systemd/netcore-security-core.service,identical,100644,blob,14df36b8afd5840fc37b41f74c5c8b90136db79a,100644,blob,14df36b8afd5840fc37b41f74c5c8b90136db79a
system-backend/security-core/tests/__pycache__/lab_response.cpython-313.pyc,identical,100644,blob,4a270c56c6877b38f176a9e89f8e7780401b399d,100644,blob,4a270c56c6877b38f176a9e89f8e7780401b399d
system-backend/security-core/tests/lab_response.py,identical,100644,blob,db476c962bae141a9430b53ad2310f71650d2be5,100644,blob,db476c962bae141a9430b53ad2310f71650d2be5
system-backend/security-core/tests/open_lab_api_examples.md,identical,100644,blob,29a871cfe79486e59daff835f7cebaafead19774,100644,blob,29a871cfe79486e59daff835f7cebaafead19774
system-backend/security-core/web-ui/index.html,main_only,100644,blob,d77d8c5f4f575ab7a740934024c1d587aa3026f0,,,
system-backend/services.toml,different,100644,blob,9c92b8cda42381bb9992e08860b1a5be428cd637,100644,blob,2a6ae1a1d5875705c5310c77c94f888c239534d2
system-backend/shared/README.md,identical,100644,blob,9f1d24ff8b9370864b521bd6034f42640474d438,100644,blob,9f1d24ff8b9370864b521bd6034f42640474d438
system-backend/shared/contracts/ASSET_MANAGEMENT_V1.md,identical,100644,blob,7e5be3f085e8b55d51466be52847988b2be9dcb9,100644,blob,7e5be3f085e8b55d51466be52847988b2be9dcb9
system-backend/shared/contracts/COMMAND_MODEL_V1.md,identical,100644,blob,c9cffe8e59b51ffd8aff2bf139683e159233902c,100644,blob,c9cffe8e59b51ffd8aff2bf139683e159233902c
system-backend/shared/contracts/Cargo.toml,identical,100644,blob,4d0a92f1210e5864ecd75088e1bd0922a085984a,100644,blob,4d0a92f1210e5864ecd75088e1bd0922a085984a
system-backend/shared/contracts/EVENT_MODEL_V1.md,identical,100644,blob,cacfd28b228ca388ee1ec2d8a46a8a06f58bcfc9,100644,blob,cacfd28b228ca388ee1ec2d8a46a8a06f58bcfc9
system-backend/shared/contracts/README.md,identical,100644,blob,326f0648f15e9427736e2b7b626926dc1a1e6bf3,100644,blob,326f0648f15e9427736e2b7b626926dc1a1e6bf3
system-backend/shared/contracts/TASK_MODEL_V1.md,identical,100644,blob,99f804f17a79d4116710bbee2cc2c2663e7fa60b,100644,blob,99f804f17a79d4116710bbee2cc2c2663e7fa60b
system-backend/shared/contracts/examples/envelope-group-affiliation.json,identical,100644,blob,583a7d0cf34b6b6f14093fd318ae78e31393cd46,100644,blob,583a7d0cf34b6b6f14093fd318ae78e31393cd46
system-backend/shared/contracts/examples/netcore-command-ack-succeeded.json,identical,100644,blob,2b2c6c5fab41fe8c2675b08595da642fb274995c,100644,blob,2b2c6c5fab41fe8c2675b08595da642fb274995c
system-backend/shared/contracts/examples/netcore-command-virtual-relay-set.json,identical,100644,blob,9a749f004b479a996df92040dbc6cea54c3998c0,100644,blob,9a749f004b479a996df92040dbc6cea54c3998c0
system-backend/shared/contracts/examples/netcore-event-subscriber-route-changed.json,identical,100644,blob,cc95a9a1078e1506980e629cdcdd49ff3b745d7d,100644,blob,cc95a9a1078e1506980e629cdcdd49ff3b745d7d
system-backend/shared/contracts/examples/problem-invalid-issi.json,identical,100644,blob,2c22b0882b37e06685c4c42dec97480b8d97c656,100644,blob,2c22b0882b37e06685c4c42dec97480b8d97c656
system-backend/shared/contracts/schemas/envelope.schema.json,identical,100644,blob,8b7441607435e3404d2bad7f91004efffeb90053,100644,blob,8b7441607435e3404d2bad7f91004efffeb90053
system-backend/shared/contracts/schemas/health.schema.json,identical,100644,blob,178d7aac60bde5156bf83096ecb49cde9b2e355c,100644,blob,178d7aac60bde5156bf83096ecb49cde9b2e355c
system-backend/shared/contracts/schemas/netcore-asset-v1.schema.json,identical,100644,blob,1401d60cca55ddc516092eb3366c7126e472c3f1,100644,blob,1401d60cca55ddc516092eb3366c7126e472c3f1
system-backend/shared/contracts/schemas/netcore-assignment-v1.schema.json,identical,100644,blob,e3ff10f1802d12adbe61afb8ada888497efea517,100644,blob,e3ff10f1802d12adbe61afb8ada888497efea517
system-backend/shared/contracts/schemas/netcore-command-ack-v1.schema.json,identical,100644,blob,747bd8d138000a0ebecbef6ebf1880719ee3cccd,100644,blob,747bd8d138000a0ebecbef6ebf1880719ee3cccd
system-backend/shared/contracts/schemas/netcore-command-v1.schema.json,identical,100644,blob,9de10eee8c15ad90a0d5d49a9ea9edd0b4224981,100644,blob,9de10eee8c15ad90a0d5d49a9ea9edd0b4224981
system-backend/shared/contracts/schemas/netcore-event-v1.schema.json,identical,100644,blob,e1b0f88c9500568f175398f8cbe50f593736c6bd,100644,blob,e1b0f88c9500568f175398f8cbe50f593736c6bd
system-backend/shared/contracts/schemas/netcore-person-v1.schema.json,identical,100644,blob,74902995116a1df93cf38d674f5dd557499859f9,100644,blob,74902995116a1df93cf38d674f5dd557499859f9
system-backend/shared/contracts/schemas/netcore-task-v1.schema.json,identical,100644,blob,01d747862ab35f08dddc8787d3cb93bf78619be8,100644,blob,01d747862ab35f08dddc8787d3cb93bf78619be8
system-backend/shared/contracts/schemas/problem-details.schema.json,identical,100644,blob,fb2029ef16bfa35726012948fc3c2ca07ca53b23,100644,blob,fb2029ef16bfa35726012948fc3c2ca07ca53b23
system-backend/shared/contracts/schemas/service-descriptor.schema.json,identical,100644,blob,8379d957899fbe954facc59b90024527a080675f,100644,blob,8379d957899fbe954facc59b90024527a080675f
system-backend/shared/contracts/src/address.rs,identical,100644,blob,20e1a83b968527edc93c0146382a4673efd8f71d,100644,blob,20e1a83b968527edc93c0146382a4673efd8f71d
system-backend/shared/contracts/src/command.rs,identical,100644,blob,fa5728294aacda4fb16d2c8b02fe1a6dd275dc6a,100644,blob,fa5728294aacda4fb16d2c8b02fe1a6dd275dc6a
system-backend/shared/contracts/src/envelope.rs,identical,100644,blob,d850ddd79a6e09dc44ccfbcbfbab15aa31e321ec,100644,blob,d850ddd79a6e09dc44ccfbcbfbab15aa31e321ec
system-backend/shared/contracts/src/event.rs,identical,100644,blob,73f3589da604e3c916a322142c53191be8d0093d,100644,blob,73f3589da604e3c916a322142c53191be8d0093d
system-backend/shared/contracts/src/health.rs,identical,100644,blob,9635a0e8642288a8c2e918f63857c4fd7346c268,100644,blob,9635a0e8642288a8c2e918f63857c4fd7346c268
system-backend/shared/contracts/src/lib.rs,identical,100644,blob,300e3bf967352b53c45aaecf0962224d0bb7e464,100644,blob,300e3bf967352b53c45aaecf0962224d0bb7e464
system-backend/shared/contracts/src/pagination.rs,identical,100644,blob,9e074a1de052a8c56b5196a01b7bddfa05e1eb83,100644,blob,9e074a1de052a8c56b5196a01b7bddfa05e1eb83
system-backend/shared/contracts/src/problem.rs,identical,100644,blob,6978ae7c4bfe9791c985d155487d44bb9438c73b,100644,blob,6978ae7c4bfe9791c985d155487d44bb9438c73b
system-backend/shared/contracts/src/service.rs,identical,100644,blob,513d9c237b1727d8813ee0a59bc0a801a55b4ab1,100644,blob,513d9c237b1727d8813ee0a59bc0a801a55b4ab1
system-backend/shared/database-common/Cargo.toml,identical,100644,blob,d3e91708cfbc0153c6ec681135fe49cf49060348,100644,blob,d3e91708cfbc0153c6ec681135fe49cf49060348
system-backend/shared/database-common/src/lib.rs,identical,100644,blob,ac6c3717444d921fbd1043b95d3cbc75fab3cbaa,100644,blob,ac6c3717444d921fbd1043b95d3cbc75fab3cbaa
system-backend/shared/install/lxc-network.sh,different,100644,blob,460ef8036c1cb1c6f6ddf36b5b677203c2915d6c,100644,blob,b885f34b9122bbb814c344dbeeee9518a47ba7d7
system-backend/shared/service-common/Cargo.toml,identical,100644,blob,b41b0569dca55fe278e1f9a5afd207179fa8bb34,100644,blob,b41b0569dca55fe278e1f9a5afd207179fa8bb34
system-backend/shared/service-common/src/lib.rs,identical,100644,blob,0b6c2ec6ce209debc5e6fbcb446b933feec99d8b,100644,blob,0b6c2ec6ce209debc5e6fbcb446b933feec99d8b
system-backend/shared/telemetry-common/Cargo.toml,identical,100644,blob,a51af84226e304d00e08211cb03ede97709ca49b,100644,blob,a51af84226e304d00e08211cb03ede97709ca49b
system-backend/shared/telemetry-common/src/lib.rs,identical,100644,blob,375787b99ce950ff86a03922257211c1e4c06d7e,100644,blob,375787b99ce950ff86a03922257211c1e4c06d7e
system-backend/shared/web-ui/README.md,different,100644,blob,9e079c69fde0c965a598bf1662c390bb9a848f73,100644,blob,62981b726827bed3f6e3f0f005632d7d11e86d7f
system-backend/shared/web-ui/assets/netcore-logo.data-uri,main_only,100644,blob,5c565edb7346824a0686d9a111a57ae0dba5ab23,,,
system-backend/shared/web-ui/assets/netcore.css,different,100644,blob,470cd376e2cc11034d3d3c060e82075fe81c1191,100644,blob,3d8ecaecc1dd763b363f9787dbe9c541843a4a47
system-backend/shared/web-ui/assets/netcore.js,identical,100644,blob,84b48cb1f2ff1a25de7a5411a1ff5fb20a80b3ed,100644,blob,84b48cb1f2ff1a25de7a5411a1ff5fb20a80b3ed
system-backend/shared/web-ui/assets/service-design.css,main_only,100644,blob,216422856817cc91c257318ea37840b0a787ff9c,,,
system-backend/shared/web-ui/assets/service-design.js,main_only,100644,blob,8295a627a4242d0b6d600c5b3cc5c2a89c225910,,,
system-backend/shared/web-ui/assets/service-theme-init.js,main_only,100644,blob,cd7ccedd096bad677166770b1d3fcc4ccc76d243,,,
system-backend/shared/web-ui/demo/index.html,identical,100644,blob,b5455a56a3c829575ce8458a784e0eb5e792d7cf,100644,blob,b5455a56a3c829575ce8458a784e0eb5e792d7cf
system-backend/shared/web-ui/i18n/de.json,identical,100644,blob,1a69784223e6ea1550f8a52d451b88cdf96e6065,100644,blob,1a69784223e6ea1550f8a52d451b88cdf96e6065
system-backend/shared/web-ui/i18n/en.json,identical,100644,blob,6df70ddbe47b4654a3fe6cf7d86d185a758dfbc9,100644,blob,6df70ddbe47b4654a3fe6cf7d86d185a758dfbc9
system-backend/shared/web-ui/service-design.rs,main_only,100644,blob,7b15c07fde87582fed65d984c5c4833c9fddc08d,,,
system-backend/shared/web-ui/tests/service-design.mjs,main_only,100644,blob,639654787e0a418cf6783ba32c7f4b9518409cd7,,,
system-backend/sip-switch/README.md,identical,100644,blob,62dd75f217568bfb538ea072c1edfa2aec159a10,100644,blob,62dd75f217568bfb538ea072c1edfa2aec159a10
system-backend/sip-switch/agi/netcore-sip-route.py,identical,100644,blob,a96af641c9ffb3fc309404a52da8c18db7db4db4,100644,blob,a96af641c9ffb3fc309404a52da8c18db7db4db4
system-backend/sip-switch/config/sip-switch.example.toml,identical,100644,blob,a69d3efc1199253a69e72eef910cb5155fd5f1ca,100644,blob,a69d3efc1199253a69e72eef910cb5155fd5f1ca
system-backend/sip-switch/docs/architecture.md,identical,100644,blob,cd097080c81d8350f9e91f92027dae543f1773ee,100644,blob,cd097080c81d8350f9e91f92027dae543f1773ee
system-backend/sip-switch/docs/installation-openlab.md,identical,100644,blob,7cd539d8c9bcde0267cf0cb688d0db0ea92c5727,100644,blob,7cd539d8c9bcde0267cf0cb688d0db0ea92c5727
system-backend/sip-switch/install/add-tbs-openlab.sh,identical,100755,blob,7a7c28da1e9c244ab11e781d72b9625a775e3575,100755,blob,7a7c28da1e9c244ab11e781d72b9625a775e3575
system-backend/sip-switch/install/apply-tbs-local-asterisk-config.sh,identical,100755,blob,a652dd3e4f187a73155a498fe3af44e6eb753af8,100755,blob,a652dd3e4f187a73155a498fe3af44e6eb753af8
system-backend/sip-switch/install/check-host-role.sh,identical,100755,blob,9169da49f24c89322e62b8d907459d9122d2768d,100755,blob,9169da49f24c89322e62b8d907459d9122d2768d
system-backend/sip-switch/install/configure-openlab.sh,identical,100755,blob,36929b64b3f86a3ecbe8a1a35f1dc158f0a27dd7,100755,blob,36929b64b3f86a3ecbe8a1a35f1dc158f0a27dd7
system-backend/sip-switch/install/ensure-asterisk.sh,identical,100755,blob,adae0d9628f63021ed96d148bc49ce71c16f528c,100755,blob,adae0d9628f63021ed96d148bc49ce71c16f528c
system-backend/sip-switch/install/install-tbs-local-fallback.sh,identical,100755,blob,18deee9fe1b22b04a8f9b017068aedabc1722cfa,100755,blob,18deee9fe1b22b04a8f9b017068aedabc1722cfa
system-backend/sip-switch/install/install.sh,identical,100755,blob,95ed4d5cc2fb3fbb9b9491653383c06dfd9d752f,100755,blob,95ed4d5cc2fb3fbb9b9491653383c06dfd9d752f
system-backend/sip-switch/install/print-tbs-config.sh,identical,100755,blob,fb6637a3bd218dcf476c4cbbedf2913733acd638,100755,blob,fb6637a3bd218dcf476c4cbbedf2913733acd638
system-backend/sip-switch/install/render-asterisk.sh,identical,100755,blob,0a9d8271ad749f30496b337b9d934b704dae4f9b,100755,blob,0a9d8271ad749f30496b337b9d934b704dae4f9b
system-backend/sip-switch/install/repair-tbs-local-fallback.py,identical,100755,blob,e85fb9d50994c2db8921423cc5333c58e2b2251c,100755,blob,e85fb9d50994c2db8921423cc5333c58e2b2251c
system-backend/sip-switch/install/tbs-fallback-status.sh,identical,100755,blob,13444b9f21a1c84baab4e642cda3236aec733093,100755,blob,13444b9f21a1c84baab4e642cda3236aec733093
system-backend/sip-switch/install/uninstall.sh,identical,100755,blob,1e6d6d5f9c694d177d2ac49b498042ca2098f56e,100755,blob,1e6d6d5f9c694d177d2ac49b498042ca2098f56e
system-backend/sip-switch/install/update-tbs-local-fallback.sh,identical,100755,blob,f782942b55fcb54737a99486034211aad805f862,100755,blob,f782942b55fcb54737a99486034211aad805f862
system-backend/sip-switch/install/update.sh,identical,100755,blob,00e5d93c8985840772d44a9632211fc9e2ede97d,100755,blob,00e5d93c8985840772d44a9632211fc9e2ede97d
system-backend/sip-switch/src/netcore_sip_runtime.py,identical,100644,blob,f5b1606fa07b148222cc461e89356cb115225dc8,100644,blob,f5b1606fa07b148222cc461e89356cb115225dc8
system-backend/sip-switch/src/netcore_sip_switch.py,different,100644,blob,766fa5a677133cd4e419d49aab61d9bccaeb07c4,100644,blob,6570e9e8d4885e4198aae1d1fabc26b09c05c5c6
system-backend/sip-switch/systemd/netcore-sip-switch.service,identical,100644,blob,120654bb8603798bc0360d65211f344c49832ec1,100644,blob,120654bb8603798bc0360d65211f344c49832ec1
system-backend/sip-switch/tbs-fallback/config/tbs-sip-fallback.example.toml,identical,100644,blob,3d4b7386be2e7bfc850babc67f94c4c68227081c,100644,blob,3d4b7386be2e7bfc850babc67f94c4c68227081c
system-backend/sip-switch/tbs-fallback/docs/installation-openlab.md,identical,100644,blob,2da17a3dd9df1003ae382f89b09abd70f1504964,100644,blob,2da17a3dd9df1003ae382f89b09abd70f1504964
system-backend/sip-switch/tbs-fallback/install/apply-native-tbs-config.py,identical,100644,blob,f16e4e37e8cb48c34ddddf0c0928b8a68980eb8a,100644,blob,f16e4e37e8cb48c34ddddf0c0928b8a68980eb8a
system-backend/sip-switch/tbs-fallback/install/install-tbs-local-fallback.sh,identical,100755,blob,a6e83625ca405c308b4069d536b3c01204c5b602,100755,blob,a6e83625ca405c308b4069d536b3c01204c5b602
system-backend/sip-switch/tbs-fallback/install/migrate-phase11c-config.py,identical,100644,blob,4e687d5be9ab926571cd2e46d0ffe6bb3322d841,100644,blob,4e687d5be9ab926571cd2e46d0ffe6bb3322d841
system-backend/sip-switch/tbs-fallback/install/status.sh,identical,100755,blob,e6bfc9f3fe59f3e76100f5dccd0c5341d4585002,100755,blob,e6bfc9f3fe59f3e76100f5dccd0c5341d4585002
system-backend/sip-switch/tbs-fallback/install/uninstall-tbs-local-fallback.sh,identical,100755,blob,97ded9221d0f56212a1c0993d3ed48dc6d599dcb,100755,blob,97ded9221d0f56212a1c0993d3ed48dc6d599dcb
system-backend/sip-switch/tbs-fallback/install/update-tbs-local-fallback.sh,identical,100755,blob,a19b18e3ad9c81b11db184ae5c1d88499703704f,100755,blob,a19b18e3ad9c81b11db184ae5c1d88499703704f
system-backend/sip-switch/tbs-fallback/src/netcore_tbs_sip_fallback.py,identical,100644,blob,9582db9833fe18823d0a877aa8279f94e55ad53f,100644,blob,9582db9833fe18823d0a877aa8279f94e55ad53f
system-backend/sip-switch/tbs-fallback/systemd/netcore-tbs-sip-failover.service,identical,100644,blob,40120e01af5645beab5a94f20b9423011b3cd00a,100644,blob,40120e01af5645beab5a94f20b9423011b3cd00a
system-backend/sip-switch/tests/open_lab_smoke.md,identical,100644,blob,541eccc038040d4f45ed966422e5590131205f53,100644,blob,541eccc038040d4f45ed966422e5590131205f53
system-backend/sip-switch/web-ui/index.html,main_only,100644,blob,260457907decf6463e755eae111ab97d593b595d,,,
system-backend/subscriber-core/Cargo.toml,identical,100644,blob,feec7be9215e8c0e6773ca0a76d417e3501343c5,100644,blob,feec7be9215e8c0e6773ca0a76d417e3501343c5
system-backend/subscriber-core/README.md,identical,100644,blob,e43791c1e5a4023c0148e23432c3c9b6d16b16b3,100644,blob,e43791c1e5a4023c0148e23432c3c9b6d16b16b3
system-backend/subscriber-core/config/subscriber-core.example.toml,identical,100644,blob,92dfe2cf581606cc316e4335259efe9f6a5e7154,100644,blob,92dfe2cf581606cc316e4335259efe9f6a5e7154
system-backend/subscriber-core/docs/admission-policy.md,identical,100644,blob,73e9d243c4df8e71661e9a8162a5edf8bd3b3d79,100644,blob,73e9d243c4df8e71661e9a8162a5edf8bd3b3d79
system-backend/subscriber-core/docs/lxc-deployment.md,identical,100644,blob,345026a7a73384e24ce3f5333e57788f2f506030,100644,blob,345026a7a73384e24ce3f5333e57788f2f506030
system-backend/subscriber-core/docs/open-lab-mode.md,identical,100644,blob,aa8b2672acd0a09374040e22525610a743e88485,100644,blob,aa8b2672acd0a09374040e22525610a743e88485
system-backend/subscriber-core/install/install.sh,identical,100644,blob,26b4433807916b98595f0b7bed72ceed767adac4,100644,blob,26b4433807916b98595f0b7bed72ceed767adac4
system-backend/subscriber-core/install/uninstall.sh,identical,100644,blob,efbb21fa988a0a198e982f0e99f8b8d92c8c4937,100644,blob,efbb21fa988a0a198e982f0e99f8b8d92c8c4937
system-backend/subscriber-core/install/update.sh,identical,100644,blob,26b4433807916b98595f0b7bed72ceed767adac4,100644,blob,26b4433807916b98595f0b7bed72ceed767adac4
system-backend/subscriber-core/src/config.rs,identical,100644,blob,d537f412a5c02db0d95a96238486437b64944085,100644,blob,d537f412a5c02db0d95a96238486437b64944085
system-backend/subscriber-core/src/gateway.rs,identical,100644,blob,ecc5e1b171c5ce6d2539618217a0ec9676dd1566,100644,blob,ecc5e1b171c5ce6d2539618217a0ec9676dd1566
system-backend/subscriber-core/src/http.rs,different,100644,blob,fb36855440622511106bbcdf1cf880413ad8a5f2,100644,blob,6284a7ccb1819e07c8d414c08b2959b7315e3116
system-backend/subscriber-core/src/main.rs,identical,100644,blob,7f0c4ec8e6d32ab0e710dccaacbfb153c22209c7,100644,blob,7f0c4ec8e6d32ab0e710dccaacbfb153c22209c7
system-backend/subscriber-core/src/protocol.rs,identical,100644,blob,96702e7a929373fedb7309a21856ee985b264056,100644,blob,96702e7a929373fedb7309a21856ee985b264056
system-backend/subscriber-core/src/state.rs,identical,100644,blob,e9892a987aecf225589a3b90883f96a4c7226d1f,100644,blob,e9892a987aecf225589a3b90883f96a4c7226d1f
system-backend/subscriber-core/systemd/netcore-subscriber-core.service,identical,100644,blob,5f0842466745030b3b6c97cbc4510952ad8a1deb,100644,blob,5f0842466745030b3b6c97cbc4510952ad8a1deb
system-backend/subscriber-core/tests/open_lab_api_examples.md,identical,100644,blob,737b6ae1103c8d7ea28b69d822ff755a0d7d22e2,100644,blob,737b6ae1103c8d7ea28b69d822ff755a0d7d22e2
system-backend/subscriber-core/web-ui/index.html,main_only,100644,blob,ec624c2610515d19fc4af89ecd25ebd2687785e3,,,
system-backend/task-workflow/README.md,identical,100644,blob,f7ef4fd86cc618806878b2ef2958b8abffa74f9f,100644,blob,f7ef4fd86cc618806878b2ef2958b8abffa74f9f
system-backend/task-workflow/config/task-workflow.example.toml,identical,100644,blob,d536a5881326ba7df29bc20358dee5d81f493338,100644,blob,d536a5881326ba7df29bc20358dee5d81f493338
system-backend/task-workflow/docs/architecture.md,identical,100644,blob,fe0e3e7b5d95c73005e34efa5664f30938b4e799,100644,blob,fe0e3e7b5d95c73005e34efa5664f30938b4e799
system-backend/task-workflow/install/configure-openlab.sh,identical,100644,blob,7d4975187eb85b3903a24b48d1cc775e9202df91,100644,blob,7d4975187eb85b3903a24b48d1cc775e9202df91
system-backend/task-workflow/install/install.sh,identical,100644,blob,78ef96e5dfb43594d8e7921470652d1c61258629,100644,blob,78ef96e5dfb43594d8e7921470652d1c61258629
system-backend/task-workflow/install/uninstall.sh,identical,100644,blob,80337c8c40bf42b68657a8ae22f958463d3c8d1a,100644,blob,80337c8c40bf42b68657a8ae22f958463d3c8d1a
system-backend/task-workflow/install/update.sh,identical,100644,blob,dd3571dbdffd8b9b608c245549a1012aa8ba718d,100644,blob,dd3571dbdffd8b9b608c245549a1012aa8ba718d
system-backend/task-workflow/src/netcore_task_workflow.py,different,100644,blob,601b93501de264d11340c21cee6fe83eafcca268,100644,blob,4adcc7e031eb7b0c7e097922a2ce68be54d711fa
system-backend/task-workflow/src/netcore_task_workflow_launcher.py,identical,100644,blob,9c42c04f08b7418ef670fa616c19e2b5df1a9d3e,100644,blob,9c42c04f08b7418ef670fa616c19e2b5df1a9d3e
system-backend/task-workflow/systemd/netcore-task-workflow.service,identical,100644,blob,fd1ffe450c933716da286ed593627dd1fa55fb99,100644,blob,fd1ffe450c933716da286ed593627dd1fa55fb99
system-backend/task-workflow/tests/open_lab_smoke.md,identical,100644,blob,cfad90a63264ec12d4b310432c75b47a6c9905ee,100644,blob,cfad90a63264ec12d4b310432c75b47a6c9905ee
system-backend/task-workflow/web-ui/index.html,different,100644,blob,5e20737c36812d03e99d1dee2ae5649c0dcf93c5,100644,blob,2d6d8d66220b713f5eea42b481651273e5406ad6
system-backend/tbs-connect/README.md,identical,100644,blob,7b80ca3eee81053d0a83f1248688f1a0e68857b8,100644,blob,7b80ca3eee81053d0a83f1248688f1a0e68857b8
system-backend/tbs-connect/__pycache__/server.cpython-313.pyc,identical,100644,blob,7c78140152ec32dc2bc7eab0f63ed5d99927127c,100644,blob,7c78140152ec32dc2bc7eab0f63ed5d99927127c
system-backend/tbs-connect/server.py,different,100644,blob,66ee43f70e63872d893334aa9a8406c2efa0a071,100644,blob,7e8f75b2c813367e924c3e9571546e30b79e684f
system-backend/tbs-connect/web-ui/index.html,main_only,100644,blob,185edc76ffe783ccb1faa0ccc00ab6c680afd955,,,
system-backend/tbs-connect/web-ui/login.html,main_only,100644,blob,705b01a64f472c92a6ab2d7fffc42516a8795209,,,
system-backend/transit/Cargo.toml,identical,100644,blob,e5472e1969cf8ebb1412bc08d43b68858f707d7a,100644,blob,e5472e1969cf8ebb1412bc08d43b68858f707d7a
system-backend/transit/README.md,identical,100644,blob,fcc23fd8bd518eb255d2bbc0c6d67838fc74b46b,100644,blob,fcc23fd8bd518eb255d2bbc0c6d67838fc74b46b
system-backend/transit/config/transit.example.toml,identical,100644,blob,402e35e155008eeb8a949099360c20db3cd58b0f,100644,blob,402e35e155008eeb8a949099360c20db3cd58b0f
system-backend/transit/docs/architecture.md,identical,100644,blob,fb9744a7e10ebcf925b8c5b55a91127b5d1c292f,100644,blob,fb9744a7e10ebcf925b8c5b55a91127b5d1c292f
system-backend/transit/docs/isi-boundary.md,identical,100644,blob,8ffff83dcec1ef8f7a0035f582e9d05bd7c0763f,100644,blob,8ffff83dcec1ef8f7a0035f582e9d05bd7c0763f
system-backend/transit/docs/open-lab-mode.md,identical,100644,blob,0c9a96c7182a8c2b058f4d57c4fd608218c52b07,100644,blob,0c9a96c7182a8c2b058f4d57c4fd608218c52b07
system-backend/transit/docs/routing-and-failover.md,identical,100644,blob,9baddae12afae293e2c765416c8c029433465eac,100644,blob,9baddae12afae293e2c765416c8c029433465eac
system-backend/transit/install/install.sh,identical,100644,blob,e9ad683007d308c6be16227228bcb26dc31d5f9a,100644,blob,e9ad683007d308c6be16227228bcb26dc31d5f9a
system-backend/transit/install/uninstall.sh,identical,100644,blob,5be0e5fa9ef281d8f5aec6b0c145267cedfd5ff8,100644,blob,5be0e5fa9ef281d8f5aec6b0c145267cedfd5ff8
system-backend/transit/install/update.sh,identical,100644,blob,bb822d0bda7da80b014e1dd58f612d5d063fbf4b,100644,blob,bb822d0bda7da80b014e1dd58f612d5d063fbf4b
system-backend/transit/src/config.rs,identical,100644,blob,8c4e9743aedea8ef70736a039284d60ee71fddb5,100644,blob,8c4e9743aedea8ef70736a039284d60ee71fddb5
system-backend/transit/src/http.rs,different,100644,blob,046eeb7fc98f5eb530eb7e43395fa875815d83e8,100644,blob,caf57a5d427ae3d5f9f694f2dc57ded28ddd6f73
system-backend/transit/src/main.rs,identical,100644,blob,86938aaba5665d89eb533b8215e2ce97033d649a,100644,blob,86938aaba5665d89eb533b8215e2ce97033d649a
system-backend/transit/src/protocol.rs,identical,100644,blob,aea77218a0305fcc0dc5ee5dda927da7f43c6804,100644,blob,aea77218a0305fcc0dc5ee5dda927da7f43c6804
system-backend/transit/src/state.rs,identical,100644,blob,640c2cb778d3460091dd49c9f825f7f9b9dedee6,100644,blob,640c2cb778d3460091dd49c9f825f7f9b9dedee6
system-backend/transit/src/transport.rs,identical,100644,blob,fe353ca3f1723aedc019bc740ea5253d6a8544b9,100644,blob,fe353ca3f1723aedc019bc740ea5253d6a8544b9
system-backend/transit/systemd/netcore-transit.service,identical,100644,blob,0959d0d6ec8367980fcbcb2ac1c43d253eaee7cd,100644,blob,0959d0d6ec8367980fcbcb2ac1c43d253eaee7cd
system-backend/transit/tests/__pycache__/transit_reference.cpython-313.pyc,identical,100644,blob,38febbe6a72a1f693116bb539f01a9d419f245b3,100644,blob,38febbe6a72a1f693116bb539f01a9d419f245b3
system-backend/transit/tests/open_lab_two_region.md,identical,100644,blob,6b5f36b84ef425f9ce35c266fe2f4bb1c013b7b7,100644,blob,6b5f36b84ef425f9ce35c266fe2f4bb1c013b7b7
system-backend/transit/tests/transit_reference.py,identical,100644,blob,8e18d475a64e42cb8ab85a8974dbf767f6d22c6d,100644,blob,8e18d475a64e42cb8ab85a8974dbf767f6d22c6d
system-backend/transit/web-ui/index.html,main_only,100644,blob,1a0b96ea476074a531e8a7321d4687756036b9bc,,,
system-backend/tts/README.md,identical,100644,blob,311cc74d7fbbabbcc7e018e19dab191b4bd5e924,100644,blob,311cc74d7fbbabbcc7e018e19dab191b4bd5e924
system-backend/tts/install-extra-voices.sh,identical,100644,blob,5f7244c10c8f9bcf0ec6653a8db4d503e5816808,100644,blob,5f7244c10c8f9bcf0ec6653a8db4d503e5816808
system-backend/tts/install-piper.sh,identical,100644,blob,6edb83879703df47739c9743fd51098ec26aa846,100644,blob,6edb83879703df47739c9743fd51098ec26aa846
system-backend/tts/netcore-piper.service,identical,100644,blob,1097fa55d45964cb7f4571704af844fdee45fe8d,100644,blob,1097fa55d45964cb7f4571704af844fdee45fe8d
tests/__init__.py,identical,100644,blob,df03d4ed070013c82c1ef887233752d789204511,100644,blob,df03d4ed070013c82c1ef887233752d789204511
tests/__pycache__/__init__.cpython-313.pyc,identical,100644,blob,903c3abe6c25a739cd53357993416e328ffd5a70,100644,blob,903c3abe6c25a739cd53357993416e328ffd5a70
tests/e2e/README.md,identical,100644,blob,831d5b826d3b2358bd67b08eab34110e471a84c6,100644,blob,831d5b826d3b2358bd67b08eab34110e471a84c6
tests/e2e/__init__.py,identical,100644,blob,df03d4ed070013c82c1ef887233752d789204511,100644,blob,df03d4ed070013c82c1ef887233752d789204511
tests/e2e/__pycache__/__init__.cpython-313.pyc,identical,100644,blob,d396986088a7d69eed70f1f5ecca97e51c6098a8,100644,blob,d396986088a7d69eed70f1f5ecca97e51c6098a8
tests/e2e/__pycache__/netcore_open_lab_e2e.cpython-313.pyc,identical,100644,blob,35b5a3c162af636f6efa6964af0b237d916b6534,100644,blob,35b5a3c162af636f6efa6964af0b237d916b6534
tests/e2e/__pycache__/validate_on_air_evidence.cpython-313.pyc,identical,100644,blob,1a199a48cff9e4dc4c3d5985d73d767acdf128dd,100644,blob,1a199a48cff9e4dc4c3d5985d73d767acdf128dd
tests/e2e/fixtures/open_lab_test_plan.toml,identical,100644,blob,753f04b2f89296b43b9aa9a485e4018c2c375fd4,100644,blob,753f04b2f89296b43b9aa9a485e4018c2c375fd4
tests/e2e/netcore_e2e/__init__.py,identical,100644,blob,df03d4ed070013c82c1ef887233752d789204511,100644,blob,df03d4ed070013c82c1ef887233752d789204511
tests/e2e/netcore_e2e/__pycache__/__init__.cpython-313.pyc,identical,100644,blob,9e5142c8250fd4364578149358f7730cbea0d537,100644,blob,9e5142c8250fd4364578149358f7730cbea0d537
tests/e2e/netcore_e2e/__pycache__/context.cpython-313.pyc,identical,100644,blob,54251b779cecf6e32724479651f8e6d25295ab1e,100644,blob,54251b779cecf6e32724479651f8e6d25295ab1e
tests/e2e/netcore_e2e/__pycache__/http.cpython-313.pyc,identical,100644,blob,9a825afd681b134063b0c8604bf6381fb8195563,100644,blob,9a825afd681b134063b0c8604bf6381fb8195563
tests/e2e/netcore_e2e/__pycache__/inventory.cpython-313.pyc,identical,100644,blob,7f37dbfa3f944b7debcadaa81d8c07208910c8c5,100644,blob,7f37dbfa3f944b7debcadaa81d8c07208910c8c5
tests/e2e/netcore_e2e/__pycache__/mock_tbs.cpython-313.pyc,identical,100644,blob,1e05cf1b9c3fac9b0de1fee75a1964914ba2a86d,100644,blob,1e05cf1b9c3fac9b0de1fee75a1964914ba2a86d
tests/e2e/netcore_e2e/__pycache__/model.cpython-313.pyc,identical,100644,blob,f8bf9970f076aa3d1af1cedeb235064d0f64e93b,100644,blob,f8bf9970f076aa3d1af1cedeb235064d0f64e93b
tests/e2e/netcore_e2e/__pycache__/report.cpython-313.pyc,identical,100644,blob,88c09823d8ca883855cccd45a7c7e8994eab616b,100644,blob,88c09823d8ca883855cccd45a7c7e8994eab616b
tests/e2e/netcore_e2e/__pycache__/scenarios.cpython-313.pyc,identical,100644,blob,67766073b4cf454fe6b5dc06e6ff6283181cf8fc,100644,blob,67766073b4cf454fe6b5dc06e6ff6283181cf8fc
tests/e2e/netcore_e2e/__pycache__/wait.cpython-313.pyc,identical,100644,blob,20ecdb39cbeb6b672538f68d74b57768ddb67ece,100644,blob,20ecdb39cbeb6b672538f68d74b57768ddb67ece
tests/e2e/netcore_e2e/__pycache__/websocket.cpython-313.pyc,identical,100644,blob,5e53fdb224a885bd582d262763de052f0103f492,100644,blob,5e53fdb224a885bd582d262763de052f0103f492
tests/e2e/netcore_e2e/context.py,identical,100644,blob,9e17b3ba704cf6585d457c7da5864f741395336e,100644,blob,9e17b3ba704cf6585d457c7da5864f741395336e
tests/e2e/netcore_e2e/http.py,identical,100644,blob,7b6b1134d67ec47a82ddaa328f562c61083e3424,100644,blob,7b6b1134d67ec47a82ddaa328f562c61083e3424
tests/e2e/netcore_e2e/inventory.py,identical,100644,blob,c09994dc1221b3b1e5ede4823231f61eee1b8392,100644,blob,c09994dc1221b3b1e5ede4823231f61eee1b8392
tests/e2e/netcore_e2e/mock_tbs.py,identical,100644,blob,755c750a2488b26fd64bb3c9a017f554a256179e,100644,blob,755c750a2488b26fd64bb3c9a017f554a256179e
tests/e2e/netcore_e2e/model.py,identical,100644,blob,873cc7754dcae6ac8851ad3d0a361467903a4a8c,100644,blob,873cc7754dcae6ac8851ad3d0a361467903a4a8c
tests/e2e/netcore_e2e/report.py,identical,100644,blob,32ad82d2ba729e94087de6fec7f0f8bbb40f36a7,100644,blob,32ad82d2ba729e94087de6fec7f0f8bbb40f36a7
tests/e2e/netcore_e2e/scenarios.py,identical,100644,blob,19889a7acfedec4b7043e119524a0688f916803b,100644,blob,19889a7acfedec4b7043e119524a0688f916803b
tests/e2e/netcore_e2e/wait.py,identical,100644,blob,1bc93cb174937f7702fa3c651421eb6f0c049154,100644,blob,1bc93cb174937f7702fa3c651421eb6f0c049154
tests/e2e/netcore_e2e/websocket.py,identical,100644,blob,0fb53033563ec9f6f1ab6e65e87f26c57c1d79aa,100644,blob,0fb53033563ec9f6f1ab6e65e87f26c57c1d79aa
tests/e2e/netcore_open_lab_e2e.py,identical,100644,blob,1627791f17ad4cccd4a7da96a131646e97dbffa5,100644,blob,1627791f17ad4cccd4a7da96a131646e97dbffa5
tests/e2e/on_air_evidence.schema.json,identical,100644,blob,74dde95e240fafd0c8ea68cb9530b4fc97169d18,100644,blob,74dde95e240fafd0c8ea68cb9530b4fc97169d18
tests/e2e/on_air_template.json,identical,100644,blob,3f7ba6ec5fe895c3a8f8b3c8d204a7f7357f63f2,100644,blob,3f7ba6ec5fe895c3a8f8b3c8d204a7f7357f63f2
tests/e2e/unit/__pycache__/test_e2e_support.cpython-313.pyc,identical,100644,blob,a7822da60e17fd94b5b9bec214348b0ff627c75f,100644,blob,a7822da60e17fd94b5b9bec214348b0ff627c75f
tests/e2e/unit/__pycache__/test_edge_fallback_reference.cpython-313.pyc,identical,100644,blob,d9062d2005892571d5edbecc7be8a36353ab0399,100644,blob,d9062d2005892571d5edbecc7be8a36353ab0399
tests/e2e/unit/test_e2e_support.py,identical,100644,blob,047c38f05a88c38806d51dec00e87dff46fe722e,100644,blob,047c38f05a88c38806d51dec00e87dff46fe722e
tests/e2e/unit/test_edge_fallback_reference.py,identical,100644,blob,871519b0500fe072feea99478fd77deb99a6a6ca,100644,blob,871519b0500fe072feea99478fd77deb99a6a6ca
tests/e2e/validate_on_air_evidence.py,identical,100644,blob,47db232f2a4126ed2e43b69d6f965465c4f51e17,100644,blob,47db232f2a4126ed2e43b69d6f965465c4f51e17
tests/integration/__pycache__/open_lab_contract_test.cpython-313.pyc,identical,100644,blob,bf6c873f84cceba99a5129886695816737cfef7e,100644,blob,bf6c873f84cceba99a5129886695816737cfef7e
tests/integration/open_lab_contract_test.py,identical,100644,blob,07e82ed0ca283e9eeeb7c7ab59d386c0982d4ed1,100644,blob,07e82ed0ca283e9eeeb7c7ab59d386c0982d4ed1
tetra-codec-master/CMakeLists.txt,identical,100644,blob,447c6726b08dc525950926b3c4ffae56604275b9,100644,blob,447c6726b08dc525950926b3c4ffae56604275b9
tetra-codec-master/README.md,identical,100644,blob,9203bed27d8ade0b3729793f13b039656b2b3d50,100644,blob,9203bed27d8ade0b3729793f13b039656b2b3d50
tetra-codec-master/include/tetra-codec.h,identical,100644,blob,bce5355a45f50c185a5e475dd4ccdb46209456e2,100644,blob,bce5355a45f50c185a5e475dd4ccdb46209456e2
tetra-codec-master/pkgconfig/tetra-codec.pc.in,identical,100644,blob,1c42ec2c741b8205712e6a2aaf95e15defd56767,100644,blob,1c42ec2c741b8205712e6a2aaf95e15defd56767
tetra-codec-master/source/tetra-codec-impl.c,identical,100644,blob,8f28b3927cb80ce9492215b6269b58c31fd96c43,100644,blob,8f28b3927cb80ce9492215b6269b58c31fd96c43
tetra-codec-master/source/tetra-codec-impl.h,identical,100644,blob,b9e60a3354f503f3921e60de9982cf0594ee0532,100644,blob,b9e60a3354f503f3921e60de9982cf0594ee0532
tetra-codec-master/source/tetra-codec.c,identical,100644,blob,5dc539bb3790e71f5cef8105bbd8bcdeb3862200,100644,blob,5dc539bb3790e71f5cef8105bbd8bcdeb3862200
tetra-codec-master/vcpkg/portfile.cmake,identical,100644,blob,f6a3556938bf79b272cdc56c1a998803d9730273,100644,blob,f6a3556938bf79b272cdc56c1a998803d9730273
tetra-codec-master/vcpkg/vcpkg.json,identical,100644,blob,cfeec749bc7b8f7fe30c89db40cff6066fd26baf,100644,blob,cfeec749bc7b8f7fe30c89db40cff6066fd26baf
tools/README.md,identical,100644,blob,c51835e348ab4eb0bca5900ea279b491c5e6832c,100644,blob,c51835e348ab4eb0bca5900ea279b491c5e6832c
tools/__pycache__/check_application_gateway.cpython-313.pyc,identical,100644,blob,491e711a54ef7e85fae20eeb74006a41576abf13,100644,blob,491e711a54ef7e85fae20eeb74006a41576abf13
tools/__pycache__/check_call_control.cpython-313.pyc,identical,100644,blob,6bfd3f7034c7bb69aae315d256e862df5b797b05,100644,blob,6bfd3f7034c7bb69aae315d256e862df5b797b05
tools/__pycache__/check_cmce_call_restore.cpython-313.pyc,identical,100644,blob,88873c2e88893ffa9ba765591065a9e975c8c232,100644,blob,88873c2e88893ffa9ba765591065a9e975c8c232
tools/__pycache__/check_control_room.cpython-313.pyc,identical,100644,blob,7198a962270e92c1673eb8077cf8138f720f9be4,100644,blob,7198a962270e92c1673eb8077cf8138f720f9be4
tools/__pycache__/check_e2e_integration.cpython-313.pyc,identical,100644,blob,41c1c344910242c965673aec766f89e52aa8b53f,100644,blob,41c1c344910242c965673aec766f89e52aa8b53f
tools/__pycache__/check_foundation_acceptance.cpython-313.pyc,identical,100644,blob,92447343d2a4abcbdb632a2810998296d11fad0a,100644,blob,92447343d2a4abcbdb632a2810998296d11fad0a
tools/__pycache__/check_full_system_integration.cpython-313.pyc,identical,100644,blob,a0b0d752aaa0c8946d7d0905d5a50fbe909be7dc,100644,blob,a0b0d752aaa0c8946d7d0905d5a50fbe909be7dc
tools/__pycache__/check_group_core.cpython-313.pyc,identical,100644,blob,ebf9f08f7bec7786894156940cfd98745b5977e5,100644,blob,ebf9f08f7bec7786894156940cfd98745b5977e5
tools/__pycache__/check_ip_gateway.cpython-313.pyc,identical,100644,blob,3937f7d653658dd411d123e58259817c014ba6ba,100644,blob,3937f7d653658dd411d123e58259817c014ba6ba
tools/__pycache__/check_kmf.cpython-313.pyc,identical,100644,blob,95573e5fe25d645a53c32d2df3009e727b655be9,100644,blob,95573e5fe25d645a53c32d2df3009e727b655be9
tools/__pycache__/check_ltpd_runtime.cpython-313.pyc,identical,100644,blob,e9bd0a12bbcade078972a1fa7b3040d9f324eacf,100644,blob,e9bd0a12bbcade078972a1fa7b3040d9f324eacf
tools/__pycache__/check_media_library.cpython-313.pyc,identical,100644,blob,59dc18500b089a53393ed5511d20629b2f125176,100644,blob,59dc18500b089a53393ed5511d20629b2f125176
tools/__pycache__/check_media_switch.cpython-313.pyc,identical,100644,blob,321f5d9bd5d2b7e38d3957f3dc2bdd55dda23dde,100644,blob,321f5d9bd5d2b7e38d3957f3dc2bdd55dda23dde
tools/__pycache__/check_mle_cell_change.cpython-313.pyc,identical,100644,blob,5f296c0c5679d7346efa2079790a0a8104d1d52a,100644,blob,5f296c0c5679d7346efa2079790a0a8104d1d52a
tools/__pycache__/check_mm_mobility.cpython-313.pyc,identical,100644,blob,9c7615eeb36cff00653fe69a5f03d04bab7c4dc8,100644,blob,9c7615eeb36cff00653fe69a5f03d04bab7c4dc8
tools/__pycache__/check_mobility_core.cpython-313.pyc,identical,100644,blob,b46d24a9899fe0f0a419b817efb7c41c240cc3a1,100644,blob,b46d24a9899fe0f0a419b817efb7c41c240cc3a1
tools/__pycache__/check_node_gateway.cpython-313.pyc,identical,100644,blob,71e02b494655529272e435e594efd6edacf0b963,100644,blob,71e02b494655529272e435e594efd6edacf0b963
tools/__pycache__/check_observability.cpython-313.pyc,identical,100644,blob,a86d7ffb0ef82332380f2faeb1d642880725b34c,100644,blob,a86d7ffb0ef82332380f2faeb1d642880725b34c
tools/__pycache__/check_packet_core.cpython-313.pyc,identical,100644,blob,890fb24c5f1f57fa51ef09775963b76746c743d0,100644,blob,890fb24c5f1f57fa51ef09775963b76746c743d0
tools/__pycache__/check_recorder.cpython-313.pyc,identical,100644,blob,c201a83c08332e18e082e1984cb2df560016bfa4,100644,blob,c201a83c08332e18e082e1984cb2df560016bfa4
tools/__pycache__/check_sds_router.cpython-313.pyc,identical,100644,blob,d14072d6c254425f5dcfba99c482d912db38a1ea,100644,blob,d14072d6c254425f5dcfba99c482d912db38a1ea
tools/__pycache__/check_security_core.cpython-313.pyc,identical,100644,blob,1014d13c569266cde35ec0fbcc116eef3aee4455,100644,blob,1014d13c569266cde35ec0fbcc116eef3aee4455
tools/__pycache__/check_shared_platform.cpython-313.pyc,identical,100644,blob,b64679f63dd974cc2717b01c544135dd63f46aef,100644,blob,b64679f63dd974cc2717b01c544135dd63f46aef
tools/__pycache__/check_subscriber_core.cpython-313.pyc,identical,100644,blob,168612b94c27ab5aa433c077cddda01707c08310,100644,blob,168612b94c27ab5aa433c077cddda01707c08310
tools/__pycache__/check_swmi_foundation_types.cpython-313.pyc,identical,100644,blob,2661b78933a116f46d60aef387e43b3d609b2b4e,100644,blob,2661b78933a116f46d60aef387e43b3d609b2b4e
tools/__pycache__/check_tlmc_runtime.cpython-313.pyc,identical,100644,blob,c694413b074d7c8a390dba9ebd5887482291b984,100644,blob,c694413b074d7c8a390dba9ebd5887482291b984
tools/__pycache__/check_transit.cpython-313.pyc,identical,100644,blob,187dd4ce8719c820605c754fddfb6e84f68aad21,100644,blob,187dd4ce8719c820605c754fddfb6e84f68aad21
tools/__pycache__/protocol_inventory.cpython-313.pyc,identical,100644,blob,ac0ff7bd860b59b8e54112eb2b0c9bf2a8a99794,100644,blob,ac0ff7bd860b59b8e54112eb2b0c9bf2a8a99794
tools/check_alarm_workflow_phase8.py,identical,100644,blob,e4ffa7cdbdd67f2ebb356536e27497903e0a793d,100644,blob,e4ffa7cdbdd67f2ebb356536e27497903e0a793d
tools/check_application_gateway.py,different,100644,blob,6c1c1ebc7f8c5243a8f148423427f616d012eab5,100644,blob,e1a36fddaa8505bd02460c5681a67c2b6869661c
tools/check_asset_management_phase10.py,identical,100644,blob,64653991d741c429d45d434d4101b863ab01038c,100644,blob,64653991d741c429d45d434d4101b863ab01038c
tools/check_call_control.py,identical,100644,blob,4c835c8072723bcf5e33c3d5d0f290ace32409ae,100644,blob,4c835c8072723bcf5e33c3d5d0f290ace32409ae
tools/check_cmce_call_restore.py,identical,100644,blob,499ee972d5b673ee99954eab0f57beea9510875a,100644,blob,499ee972d5b673ee99954eab0f57beea9510875a
tools/check_control_room.py,identical,100644,blob,09d6a46ae282203d543a72657fea68d50fa221c8,100644,blob,09d6a46ae282203d543a72657fea68d50fa221c8
tools/check_e2e_integration.py,identical,100644,blob,64dac572d36d606d29ca3137993180d1530629f7,100644,blob,64dac572d36d606d29ca3137993180d1530629f7
tools/check_event_model.py,identical,100644,blob,1a53c107ad421ebc7b401041be9b41bd938c72c5,100644,blob,1a53c107ad421ebc7b401041be9b41bd938c72c5
tools/check_foundation_acceptance.py,identical,100644,blob,1cb6aa5601bfa52dae9bc496786d8ed32ca7eee4,100644,blob,1cb6aa5601bfa52dae9bc496786d8ed32ca7eee4
tools/check_full_system_integration.py,identical,100644,blob,008c27aa459b9de042343975d2d9ff70fb15fb7a,100644,blob,008c27aa459b9de042343975d2d9ff70fb15fb7a
tools/check_group_core.py,identical,100644,blob,e647b6e0dd5ec8f181a48755fbda86dfab475e0f,100644,blob,e647b6e0dd5ec8f181a48755fbda86dfab475e0f
tools/check_iot_gateway.py,identical,100644,blob,0159f3def8fd5f791c16567a996346cde1a1d99f,100644,blob,0159f3def8fd5f791c16567a996346cde1a1d99f
tools/check_iot_gateway_phase5.py,identical,100644,blob,ff3a254c67c99839092b5fb6640b23269b840cb9,100644,blob,ff3a254c67c99839092b5fb6640b23269b840cb9
tools/check_ip_gateway.py,identical,100644,blob,1b5d6590be845d782037bc93be134c15690ae45f,100644,blob,1b5d6590be845d782037bc93be134c15690ae45f
tools/check_kmf.py,different,100644,blob,ca7028a93a47e5e6b2582cec60a467becd76596a,100644,blob,b0532cd636ee972a0e27a42e3baf08620b3f5af9
tools/check_ltpd_runtime.py,identical,100644,blob,ba17f7c8c5cb2744b88823dea784ae5d5a8f5a33,100644,blob,ba17f7c8c5cb2744b88823dea784ae5d5a8f5a33
tools/check_media_library.py,different,100644,blob,772a865cbd8ceae111bffe1cb5564d092710fbd2,100644,blob,ccf08d871083fdb827f62e96a6e5ed30aa9ac6b2
tools/check_media_switch.py,identical,100644,blob,e3b508136bf0af13fe9eebd0d184ee1a6e7c3958,100644,blob,e3b508136bf0af13fe9eebd0d184ee1a6e7c3958
tools/check_mle_cell_change.py,identical,100644,blob,b4fd45795f4d1f189dfe5f4c02c9c5506d0a892b,100644,blob,b4fd45795f4d1f189dfe5f4c02c9c5506d0a892b
tools/check_mm_mobility.py,identical,100644,blob,4af01fe00a07c77e2e5cf356d83d945b5bcad89f,100644,blob,4af01fe00a07c77e2e5cf356d83d945b5bcad89f
tools/check_mobility_core.py,identical,100644,blob,5a27c57080e362e30e4d9ba3f03e075e047de8ee,100644,blob,5a27c57080e362e30e4d9ba3f03e075e047de8ee
tools/check_node_gateway.py,different,100644,blob,79545a076be0e56d76b4a77ffa70a07d0367ada4,100644,blob,d050d70ef1221ebc52155e096d4c5ecb28620eb2
tools/check_observability.py,different,100644,blob,44e3e20be625b6799f9b43a2764d76b797c0afd9,100644,blob,ab458a7a8e8caaac63a6bb7470eb52f036a961e0
tools/check_packet_core.py,identical,100644,blob,0238305e3bd93286007b1354df433c1bf77eb4d8,100644,blob,0238305e3bd93286007b1354df433c1bf77eb4d8
tools/check_protocol_inventory.sh,identical,100644,blob,a3e566b8b73dfb63b7ea7028bd777d7f4e36bf61,100644,blob,a3e566b8b73dfb63b7ea7028bd777d7f4e36bf61
tools/check_recorder.py,different,100644,blob,bb24b3429729e0fbee83f48d82b1399e338e2504,100644,blob,318e9998f759c8d738287b3ffacf85183ea58574
tools/check_rf_monitor_phase7.py,identical,100644,blob,2c29932dad73cbed6720bc071e096b5e5abce461,100644,blob,2c29932dad73cbed6720bc071e096b5e5abce461
tools/check_sds_router.py,identical,100644,blob,af3b900843c08cb850ca956e5c539522f33b518b,100644,blob,af3b900843c08cb850ca956e5c539522f33b518b
tools/check_security_core.py,different,100644,blob,66b6265476449a93166dde9aa739e721c57bcd5d,100644,blob,e63237109bd4d1d9b2c40c4dfc5dc9b6dd2d4f4a
tools/check_shared_platform.py,identical,100644,blob,b833e7a7893aa9c5b5e5b7132210835d48bbf217,100644,blob,b833e7a7893aa9c5b5e5b7132210835d48bbf217
tools/check_sip_switch_phase11.py,identical,100644,blob,63f27cc5343e50953d3fc897cd37102c0ab5505b,100644,blob,63f27cc5343e50953d3fc897cd37102c0ab5505b
tools/check_sip_switch_phase11b.py,identical,100644,blob,3850cbb91aa2f56dfcc6b59cc543cdd0d720f75d,100644,blob,3850cbb91aa2f56dfcc6b59cc543cdd0d720f75d
tools/check_sip_switch_phase11c.py,identical,100644,blob,0ba0907977975c676798624c00baee9386e5cf8a,100644,blob,0ba0907977975c676798624c00baee9386e5cf8a
tools/check_subscriber_core.py,identical,100644,blob,c0f5ea9f28483aae94f3e7c6f8f513301c2985d3,100644,blob,c0f5ea9f28483aae94f3e7c6f8f513301c2985d3
tools/check_swmi_foundation_types.py,identical,100644,blob,4d076932554f1c4cc9e0ca2a24b640a3b0560f74,100644,blob,4d076932554f1c4cc9e0ca2a24b640a3b0560f74
tools/check_task_workflow_phase9.py,identical,100644,blob,ad50eb1beacaa114f0116cf193639253bdd1866f,100644,blob,ad50eb1beacaa114f0116cf193639253bdd1866f
tools/check_tlmc_runtime.py,identical,100644,blob,f3246a06a79cb4fa667e98391257787d332550ec,100644,blob,f3246a06a79cb4fa667e98391257787d332550ec
tools/check_transit.py,different,100644,blob,9ff9db66cb3f8c2a1d275e5b2747b04bf30d23e1,100644,blob,7c4089eb69f86f9577deb0a01de58ae86c7d9118
tools/embed_auxiliary_service_design.py,main_only,100644,blob,09b58e58668c3f5ccfa7789e968bf148e86830ed,,,
tools/embed_edge_service_design.py,main_only,100644,blob,510d39b1c32391f0d80adf9f8c4ece1d3a5854a2,,,
tools/embed_service_design.py,main_only,100644,blob,6004977f4e68c43336d140fda89c9bc973e88d77,,,
tools/embed_workflow_service_design.py,main_only,100644,blob,2a4083e4df2bd0bf9530dc67639ee4993db39077,,,
tools/protocol_inventory.py,identical,100644,blob,d86931bd668ebe2e393b6d0cc866c3d0a07fba88,100644,blob,d86931bd668ebe2e393b6d0cc866c3d0a07fba88
tools/test_asterisk_installer.py,identical,100644,blob,c778eb211685efd2afc4e47b323ed204085cb4f6,100644,blob,c778eb211685efd2afc4e47b323ed204085cb4f6
tools/test_auxiliary_service_ui.mjs,main_only,100644,blob,6e0eb9e58b38d2b7d02d9bf7bcdac47d62f66d27,,,
tools/test_core_service_ui.mjs,main_only,100644,blob,32126211449856df4302bbb8743b2a5b3129849b,,,
tools/test_dashboard_ui.mjs,main_only,100644,blob,79594bd308a9a48ebf58adccce69db82bfef03a7,,,
tools/test_edge_service_ui.mjs,main_only,100644,blob,dd4f24d18f39f33c86499193fb77bb4b4177a9a9,,,
tools/test_media_service_ui.mjs,main_only,100644,blob,d2168813f47d817f1a5bb167e2d7e6b4ee1d21e3,,,
tools/test_sip_config_permissions.py,identical,100644,blob,6d9aec1d9be289e91c17a03c79fe94b912160297,100644,blob,6d9aec1d9be289e91c17a03c79fe94b912160297
tools/test_sip_install_guards.py,identical,100755,blob,aa413857f3586f6ea933b65578b5b88fab629455,100755,blob,aa413857f3586f6ea933b65578b5b88fab629455
tools/test_sip_network_runtime.py,identical,100644,blob,0a8d7b5d805019f62c08bbfadfc6edd160c3dfe5,100644,blob,0a8d7b5d805019f62c08bbfadfc6edd160c3dfe5
tools/test_sip_number_routing.py,identical,100644,blob,d7621f9a6b20013a28c17a9da3839f1c4a566664,100644,blob,d7621f9a6b20013a28c17a9da3839f1c4a566664
tools/test_sip_role_repair.py,identical,100644,blob,d6e2d141404fc26044e23898fb7aa166b53b3c51,100644,blob,d6e2d141404fc26044e23898fb7aa166b53b3c51
tools/test_workflow_service_ui.mjs,main_only,100644,blob,22e5d1a9b32514be36e4bc398b9645f433d2a70e,,,
wiki/Abnahme.md,identical,100644,blob,1667eb42ab61d780eccfb53e9a9f463dbc53b104,100644,blob,1667eb42ab61d780eccfb53e9a9f463dbc53b104
wiki/Architecture.md,identical,100644,blob,f87f573b42b9cc99e0c3f362013a38b619d9f1ba,100644,blob,f87f573b42b9cc99e0c3f362013a38b619d9f1ba
wiki/Architecture.md.md,identical,100644,blob,50b3b406ff69ddace1087b27f6816a2b9f32e6d4,100644,blob,50b3b406ff69ddace1087b27f6816a2b9f32e6d4
wiki/Audio-Zentrale.md,identical,100644,blob,959881669db49461c67f978b397ee7232309aec5,100644,blob,959881669db49461c67f978b397ee7232309aec5
wiki/Backup-and-Fallback.md,identical,100644,blob,dd55980792c22da263f1676ed51a7e9fb3aac555,100644,blob,dd55980792c22da263f1676ed51a7e9fb3aac555
wiki/Basestations.md,identical,100644,blob,30b537d201500e1e83b2d46ff96a59ac639ab43d,100644,blob,30b537d201500e1e83b2d46ff96a59ac639ab43d
wiki/Basestations.md.md,identical,100644,blob,232cd3b08bcd07365b5714c696b7445a955d2b27,100644,blob,232cd3b08bcd07365b5714c696b7445a955d2b27
wiki/Bedienoberflaechen.md,identical,100644,blob,8b5db9177c86a3722c030b61037591071db4c1cb,100644,blob,8b5db9177c86a3722c030b61037591071db4c1cb
wiki/Betrieb-und-Wartung.md,identical,100644,blob,cfd936ba918c7262163478e4cee9082f1a81e4ca,100644,blob,cfd936ba918c7262163478e4cee9082f1a81e4ca
wiki/Build-and-Update.md,identical,100644,blob,fa1d4a17e68558c9abc3f6b75613418409ee4aab,100644,blob,fa1d4a17e68558c9abc3f6b75613418409ee4aab
wiki/Calls.md,identical,100644,blob,8d4f11bdabf4ec30b6c33bff06265fa9b22cc472,100644,blob,8d4f11bdabf4ec30b6c33bff06265fa9b22cc472
wiki/Common-Build-Errors.md,identical,100644,blob,6437753894f69e15ffa1dff5575c4f9df842885a,100644,blob,6437753894f69e15ffa1dff5575c4f9df842885a
wiki/Configuration.md,identical,100644,blob,c77211a281c847adfa766a560722f70cd51d9690,100644,blob,c77211a281c847adfa766a560722f70cd51d9690
wiki/Configuration.md.md,identical,100644,blob,69baa8c09d5f1f9f545ac2fc859e51a314ac5f87,100644,blob,69baa8c09d5f1f9f545ac2fc859e51a314ac5f87
wiki/Control-Room.md,identical,100644,blob,be994d0224b8257c3a78e9fe247a41a25481ad2f,100644,blob,be994d0224b8257c3a78e9fe247a41a25481ad2f
wiki/Dashboard.md,identical,100644,blob,ead43882fde78f4185a7e584662431fed95e2e49,100644,blob,ead43882fde78f4185a7e584662431fed95e2e49
wiki/Device#U2010Groups.md.md,identical,100644,blob,2e17fc224ae927c334521201234c656a595a870c,100644,blob,2e17fc224ae927c334521201234c656a595a870c
wiki/Device-Groups.md,identical,100644,blob,e765584d432c0efd03acfef9c6a01798415cfb6f,100644,blob,e765584d432c0efd03acfef9c6a01798415cfb6f
wiki/Devices.md,identical,100644,blob,fc4ebf7c6a198e19b5ff66893301eca088910981,100644,blob,fc4ebf7c6a198e19b5ff66893301eca088910981
wiki/Devices.ms.md,identical,100644,blob,68973ddd3be59634ffbbe6a6bae23f3a123f9c7a,100644,blob,68973ddd3be59634ffbbe6a6bae23f3a123f9c7a
wiki/Device‐Groups.md.md,identical,100644,blob,3a9e4766bf02e79c41f9458e77185fd85f59fb8c,100644,blob,3a9e4766bf02e79c41f9458e77185fd85f59fb8c
wiki/Dienstkatalog.md,identical,100644,blob,60ac2752598dd780cb55152908d5439ed865d6af,100644,blob,60ac2752598dd780cb55152908d5439ed865d6af
wiki/Directory-API.md,identical,100644,blob,8938d084decb7cf02873080557da152c90245811,100644,blob,8938d084decb7cf02873080557da152c90245811
wiki/Dual-Carrier.md,identical,100644,blob,cc408625ee5a929e9306489633b8f60aed4a7c05,100644,blob,cc408625ee5a929e9306489633b8f60aed4a7c05
wiki/FAQ.md,identical,100644,blob,914fccce9dac6e3de8e511ce4412096fd9775993,100644,blob,914fccce9dac6e3de8e511ce4412096fd9775993
wiki/Glossar.md,identical,100644,blob,f79a678372332eaa87deb18d230589172d8cebca,100644,blob,f79a678372332eaa87deb18d230589172d8cebca
wiki/Groups.md,identical,100644,blob,e3dbd352992681aab507721928f12df16904188c,100644,blob,e3dbd352992681aab507721928f12df16904188c
wiki/Groups.md.md,identical,100644,blob,52a09fce33b1b2ddc3725d1444a8913b6a12d41c,100644,blob,52a09fce33b1b2ddc3725d1444a8913b6a12d41c
wiki/Hardware-und-RF.md,identical,100644,blob,42d456630bdbdbd80f4843d87de5caf7cd8ab9f6,100644,blob,42d456630bdbdbd80f4843d87de5caf7cd8ab9f6
wiki/Home-Mode-Display.md,identical,100644,blob,7d167dd1db63e6671f9cbbc9a048ff5297a333b0,100644,blob,7d167dd1db63e6671f9cbbc9a048ff5297a333b0
wiki/Home.md,identical,100644,blob,0f199507580aaca3d5deadf4fd735897854634ce,100644,blob,0f199507580aaca3d5deadf4fd735897854634ce
wiki/ISSI-and-GSSI.md,identical,100644,blob,822089ca3b00cf5299d8e3789204999cc62f2bfe,100644,blob,822089ca3b00cf5299d8e3789204999cc62f2bfe
wiki/Installation.md,identical,100644,blob,ee96a4e698ee6dbc7f68326aec607fbc8807e8d1,100644,blob,ee96a4e698ee6dbc7f68326aec607fbc8807e8d1
wiki/Installation.md.md,identical,100644,blob,a80212130509383af6d24a33e159a619fce19076,100644,blob,a80212130509383af6d24a33e159a619fce19076
wiki/Integrationen.md,identical,100644,blob,02bf56bbfc9740d29c906e0f596cce4600ef9337,100644,blob,02bf56bbfc9740d29c906e0f596cce4600ef9337
wiki/Journalctl-Filters.md,identical,100644,blob,6713539d5169db9418949285259ec256567dd23b,100644,blob,6713539d5169db9418949285259ec256567dd23b
wiki/LIP-and-GPS.md,identical,100644,blob,0cb1b327ab7959756493b74de13709e7eb60ea90,100644,blob,0cb1b327ab7959756493b74de13709e7eb60ea90
wiki/MQTT-und-Home-Assistant.md,identical,100644,blob,4a7a1a52988af0e7cd67ec78da42f54b540b8d78,100644,blob,4a7a1a52988af0e7cd67ec78da42f54b540b8d78
wiki/Mehrzellenbetrieb.md,identical,100644,blob,c009547f70efe3669bfab4dedb312de72082128b,100644,blob,c009547f70efe3669bfab4dedb312de72082128b
wiki/NetCore#U2010Directory.md.md,identical,100644,blob,f98ecdc02938ebce79ec487482cc38efbe50515e,100644,blob,f98ecdc02938ebce79ec487482cc38efbe50515e
wiki/NetCore-Directory.md,identical,100644,blob,2630a401dbea3606a14c9581f103d82c0fe560d1,100644,blob,2630a401dbea3606a14c9581f103d82c0fe560d1
wiki/NetCore-Tetra-Komplettguide.docx,identical,100644,blob,8f096df350e53a53d2cbb4523094fb552727c276,100644,blob,8f096df350e53a53d2cbb4523094fb552727c276
wiki/NetCore-Tetra-Komplettguide.md,identical,100644,blob,de9d630f25a9e4b2e597372fcb35fdd49ad955c2,100644,blob,de9d630f25a9e4b2e597372fcb35fdd49ad955c2
wiki/NetCore-Tetra-Komplettguide.pdf,identical,100644,blob,f506cab5b89d728f408d657e1f81fc7dcd50d6cb,100644,blob,f506cab5b89d728f408d657e1f81fc7dcd50d6cb
wiki/NetCore‐Directory.md.md,identical,100644,blob,2e20d10ff1454345483d70205dff0dfea45cf58c,100644,blob,2e20d10ff1454345483d70205dff0dfea45cf58c
wiki/Netzwerk-und-Ports.md,identical,100644,blob,22a190633582479ead3c9c84e55ebf1e5d6b9298,100644,blob,22a190633582479ead3c9c84e55ebf1e5d6b9298
wiki/Normen-und-Tests.md,identical,100644,blob,2cf599b4579453c9e26e0a80ce31ffb755bde244,100644,blob,2cf599b4579453c9e26e0a80ce31ffb755bde244
wiki/Open-Lab-Deployment.md,identical,100644,blob,5cdc4a107dda5980bff0159f3e1180550d724ebc,100644,blob,5cdc4a107dda5980bff0159f3e1180550d724ebc
wiki/Paketdaten-und-WAP.md,identical,100644,blob,d1ad4a2a343b368d9b73f9b636839d9de68aaed6,100644,blob,d1ad4a2a343b368d9b73f9b636839d9de68aaed6
wiki/Projektstand.md,identical,100644,blob,10940cbb3a67f6d1998244814558c7d1293ebfe2,100644,blob,10940cbb3a67f6d1998244814558c7d1293ebfe2
wiki/Provisioning.md,identical,100644,blob,6813cc7b40770ad388d9d585da153e4273006bd4,100644,blob,6813cc7b40770ad388d9d585da153e4273006bd4
wiki/Registration-and-Affiliation.md,identical,100644,blob,2eed43c2df71cf7d8c7c109a6801d63cfeaf08c1,100644,blob,2eed43c2df71cf7d8c7c109a6801d63cfeaf08c1
wiki/Roadmap.md,different,100644,blob,55223e45e3a96d88095c109d1ffe834c3844d6bd,100644,blob,5e474de58a9749c3e8618438d8b3cb55b7797e8d
wiki/SDS-and-U-STATUS.md,identical,100644,blob,42718a12c1f0bd3eafee21dec80f4494b7e75cd8,100644,blob,42718a12c1f0bd3eafee21dec80f4494b7e75cd8
wiki/SIP-und-Brew.md,identical,100644,blob,c4d1e7fa190fdff5768adcb3d06068f17f906a07,100644,blob,c4d1e7fa190fdff5768adcb3d06068f17f906a07
wiki/Security-and-Operations.md,identical,100644,blob,9cad319f97322d0076617a545afc19b46a7d5907,100644,blob,9cad319f97322d0076617a545afc19b46a7d5907
wiki/Status#U2010Messages.md.md,identical,100644,blob,b643eb526d1d3e930f4b5b0ac68a4d69685a79d6,100644,blob,b643eb526d1d3e930f4b5b0ac68a4d69685a79d6
wiki/Status-Messages.md,identical,100644,blob,100c173282b5098802fd114d702811006fcb364d,100644,blob,100c173282b5098802fd114d702811006fcb364d
wiki/Status‐Messages.md.md,identical,100644,blob,9700a02255790d93bf54ab9519fae3f0720e0ca8,100644,blob,9700a02255790d93bf54ab9519fae3f0720e0ca8
wiki/Systemd#U2010Service.md.md,identical,100644,blob,83b1fc79b4a68a2d5a39eafbcbb505345af02326,100644,blob,83b1fc79b4a68a2d5a39eafbcbb505345af02326
wiki/Systemd-Service.md,identical,100644,blob,fbba43c69950f24628f6c9e431b76e8b6d57ad9d,100644,blob,fbba43c69950f24628f6c9e431b76e8b6d57ad9d
wiki/Systemd‐Service.md.md,identical,100644,blob,f82b5fb1cace0931d11019332de95cf0d315a28e,100644,blob,f82b5fb1cace0931d11019332de95cf0d315a28e
wiki/Troubleshooting.md,identical,100644,blob,3a15d54da32a570ae773b62324496428b5ed30e8,100644,blob,3a15d54da32a570ae773b62324496428b5ed30e8
wiki/_Footer.md,identical,100644,blob,ac0d439cfb9b137e304a49e1c0c42b0cccba2f10,100644,blob,ac0d439cfb9b137e304a49e1c0c42b0cccba2f10
wiki/_Header.md,identical,100644,blob,29e3c72f055db0cbbda132407edb9f8ea3cb84a9,100644,blob,29e3c72f055db0cbbda132407edb9f8ea3cb84a9
wiki/_Sidebar.md,identical,100644,blob,6318f6d372e3b71be1206f71c1e4ee57911c6949,100644,blob,6318f6d372e3b71be1206f71c1e4ee57911c6949
wiki/basisstation.config.sanitized.example.toml,identical,100644,blob,f379b6ff74137770771ffebbd0792346cc016bec,100644,blob,f379b6ff74137770771ffebbd0792346cc016bec
wiki/inventory.open-lab.corrected.example.toml,identical,100644,blob,f07221903c290f83e21e2f0be77affe1864d03f3,100644,blob,f07221903c290f83e21e2f0be77affe1864d03f3
